
 /----------------------------------------------------------------------------\
 |  yosys -- Yosys Open SYnthesis Suite                                       |
 |  Copyright (C) 2012 - 2025  Claire Xenia Wolf <claire@yosyshq.com>         |
 |  Distributed under an ISC-like license, type "license" to see terms        |
 \----------------------------------------------------------------------------/
 Yosys 0.52 (git sha1 fee39a3284c90249e1d9684cf6944ffbbcbb8f90)

-- Executing script file `synth_nangate.ys' --

1. Executing Verilog-2005 frontend: ../rtl/alu.v
Parsing Verilog input from `../rtl/alu.v' to AST representation.
Generating RTLIL representation for module `\alu'.
Successfully finished Verilog frontend.

2. Executing Verilog-2005 frontend: ../rtl/control.v
Parsing Verilog input from `../rtl/control.v' to AST representation.
Generating RTLIL representation for module `\control'.
Successfully finished Verilog frontend.

3. Executing Verilog-2005 frontend: ../rtl/cpu_top.v
Parsing Verilog input from `../rtl/cpu_top.v' to AST representation.
Generating RTLIL representation for module `\cpu_top'.
Successfully finished Verilog frontend.

4. Executing Verilog-2005 frontend: ../rtl/dmem.v
Parsing Verilog input from `../rtl/dmem.v' to AST representation.
Generating RTLIL representation for module `\dmem'.
Successfully finished Verilog frontend.

5. Executing Verilog-2005 frontend: ../rtl/imem.v
Parsing Verilog input from `../rtl/imem.v' to AST representation.
Generating RTLIL representation for module `\imem'.
Successfully finished Verilog frontend.

6. Executing Verilog-2005 frontend: ../rtl/immgen.v
Parsing Verilog input from `../rtl/immgen.v' to AST representation.
Generating RTLIL representation for module `\immgen'.
Successfully finished Verilog frontend.

7. Executing Verilog-2005 frontend: ../rtl/regfile.v
Parsing Verilog input from `../rtl/regfile.v' to AST representation.
Generating RTLIL representation for module `\regfile'.
Successfully finished Verilog frontend.

8. Executing HIERARCHY pass (managing design hierarchy).

8.1. Analyzing design hierarchy..
Top module:  \cpu_top
Used module:     \dmem
Used module:     \alu
Used module:     \regfile
Used module:     \immgen
Used module:     \control
Used module:     \imem
Parameter \FILE = 88'0111000001110010011011110110011101110010011000010110110100101110011010000110010101111000

8.2. Executing AST frontend in derive mode using pre-parsed AST for module `\imem'.
Parameter \FILE = 88'0111000001110010011011110110011101110010011000010110110100101110011010000110010101111000
Generating RTLIL representation for module `$paramod$b8444ee5d410294404e4c3b3bbb6e8ef9e9ec507\imem'.

8.3. Analyzing design hierarchy..
Top module:  \cpu_top
Used module:     \dmem
Used module:     \alu
Used module:     \regfile
Used module:     \immgen
Used module:     \control
Used module:     $paramod$b8444ee5d410294404e4c3b3bbb6e8ef9e9ec507\imem

8.4. Analyzing design hierarchy..
Top module:  \cpu_top
Used module:     \dmem
Used module:     \alu
Used module:     \regfile
Used module:     \immgen
Used module:     \control
Used module:     $paramod$b8444ee5d410294404e4c3b3bbb6e8ef9e9ec507\imem
Removing unused module `\imem'.
Removed 1 unused modules.

9. Executing SYNTH pass.

9.1. Executing HIERARCHY pass (managing design hierarchy).

9.1.1. Analyzing design hierarchy..
Top module:  \cpu_top
Used module:     \dmem
Used module:     \alu
Used module:     \regfile
Used module:     \immgen
Used module:     \control
Used module:     $paramod$b8444ee5d410294404e4c3b3bbb6e8ef9e9ec507\imem

9.1.2. Analyzing design hierarchy..
Top module:  \cpu_top
Used module:     \dmem
Used module:     \alu
Used module:     \regfile
Used module:     \immgen
Used module:     \control
Used module:     $paramod$b8444ee5d410294404e4c3b3bbb6e8ef9e9ec507\imem
Removed 0 unused modules.

9.2. Executing PROC pass (convert processes to netlists).

9.2.1. Executing PROC_CLEAN pass (remove empty switches from decision trees).
Cleaned up 0 empty switches.

9.2.2. Executing PROC_RMDEAD pass (remove dead branches from decision trees).
Marked 2 switch rules as full_case in process $proc$../rtl/regfile.v:18$1620 in module regfile.
Removed 1 dead cases from process $proc$../rtl/immgen.v:8$1601 in module immgen.
Marked 1 switch rules as full_case in process $proc$../rtl/immgen.v:8$1601 in module immgen.
Marked 1 switch rules as full_case in process $proc$../rtl/imem.v:20$1927 in module $paramod$b8444ee5d410294404e4c3b3bbb6e8ef9e9ec507\imem.
Marked 1 switch rules as full_case in process $proc$../rtl/dmem.v:18$300 in module dmem.
Marked 1 switch rules as full_case in process $proc$../rtl/cpu_top.v:127$30 in module cpu_top.
Marked 2 switch rules as full_case in process $proc$../rtl/cpu_top.v:93$17 in module cpu_top.
Marked 1 switch rules as full_case in process $proc$../rtl/cpu_top.v:57$15 in module cpu_top.
Marked 1 switch rules as full_case in process $proc$../rtl/cpu_top.v:48$13 in module cpu_top.
Marked 2 switch rules as full_case in process $proc$../rtl/cpu_top.v:37$11 in module cpu_top.
Marked 1 switch rules as full_case in process $proc$../rtl/control.v:22$10 in module control.
Marked 1 switch rules as full_case in process $proc$../rtl/alu.v:10$1 in module alu.
Removed a total of 1 dead cases.

9.2.3. Executing PROC_PRUNE pass (remove redundant assignments in processes).
Removed 18 redundant assignments.
Promoted 555 assignments to connections.

9.2.4. Executing PROC_INIT pass (extract init attributes).

9.2.5. Executing PROC_ARST pass (detect async resets in processes).

9.2.6. Executing PROC_ROM pass (convert switches to ROMs).
Converted 0 switches.
<suppressed ~14 debug messages>

9.2.7. Executing PROC_MUX pass (convert decision trees to multiplexers).
Creating decoders for process `\regfile.$proc$../rtl/regfile.v:18$1620'.
     1/23: $2$memwr$\r$../rtl/regfile.v:24$1619_EN[15:0]$1663
     2/23: $2$memwr$\r$../rtl/regfile.v:24$1619_DATA[15:0]$1662
     3/23: $2$memwr$\r$../rtl/regfile.v:24$1619_ADDR[3:0]$1661
     4/23: $1\i[31:0]
     5/23: $1$memwr$\r$../rtl/regfile.v:21$1618_EN[15:0]$1655
     6/23: $1$memwr$\r$../rtl/regfile.v:21$1617_EN[15:0]$1654
     7/23: $1$memwr$\r$../rtl/regfile.v:21$1616_EN[15:0]$1653
     8/23: $1$memwr$\r$../rtl/regfile.v:21$1615_EN[15:0]$1652
     9/23: $1$memwr$\r$../rtl/regfile.v:21$1614_EN[15:0]$1651
    10/23: $1$memwr$\r$../rtl/regfile.v:21$1613_EN[15:0]$1650
    11/23: $1$memwr$\r$../rtl/regfile.v:21$1612_EN[15:0]$1649
    12/23: $1$memwr$\r$../rtl/regfile.v:21$1611_EN[15:0]$1648
    13/23: $1$memwr$\r$../rtl/regfile.v:21$1610_EN[15:0]$1647
    14/23: $1$memwr$\r$../rtl/regfile.v:21$1609_EN[15:0]$1646
    15/23: $1$memwr$\r$../rtl/regfile.v:21$1608_EN[15:0]$1645
    16/23: $1$memwr$\r$../rtl/regfile.v:21$1607_EN[15:0]$1644
    17/23: $1$memwr$\r$../rtl/regfile.v:21$1606_EN[15:0]$1643
    18/23: $1$memwr$\r$../rtl/regfile.v:21$1605_EN[15:0]$1642
    19/23: $1$memwr$\r$../rtl/regfile.v:21$1604_EN[15:0]$1641
    20/23: $1$memwr$\r$../rtl/regfile.v:21$1603_EN[15:0]$1640
    21/23: $1$memwr$\r$../rtl/regfile.v:24$1619_EN[15:0]$1658
    22/23: $1$memwr$\r$../rtl/regfile.v:24$1619_DATA[15:0]$1657
    23/23: $1$memwr$\r$../rtl/regfile.v:24$1619_ADDR[3:0]$1656
Creating decoders for process `\immgen.$proc$../rtl/immgen.v:8$1601'.
     1/1: $1\imm[15:0]
Creating decoders for process `$paramod$b8444ee5d410294404e4c3b3bbb6e8ef9e9ec507\imem.$proc$../rtl/imem.v:0$2192'.
Creating decoders for process `$paramod$b8444ee5d410294404e4c3b3bbb6e8ef9e9ec507\imem.$proc$../rtl/imem.v:20$1927'.
     1/3: $1$memwr$\mem$../rtl/imem.v:21$1926_EN[15:0]$1933
     2/3: $1$memwr$\mem$../rtl/imem.v:21$1926_DATA[15:0]$1932
     3/3: $1$memwr$\mem$../rtl/imem.v:21$1926_ADDR[7:0]$1931
Creating decoders for process `\dmem.$proc$../rtl/dmem.v:0$564'.
Creating decoders for process `\dmem.$proc$../rtl/dmem.v:18$300'.
     1/3: $1$memwr$\mem$../rtl/dmem.v:19$299_EN[15:0]$306
     2/3: $1$memwr$\mem$../rtl/dmem.v:19$299_DATA[15:0]$305
     3/3: $1$memwr$\mem$../rtl/dmem.v:19$299_ADDR[7:0]$304
Creating decoders for process `\cpu_top.$proc$../rtl/cpu_top.v:127$30'.
     1/15: $0\ex_pc[7:0]
     2/15: $0\ex_jmp[0:0]
     3/15: $0\ex_bne[0:0]
     4/15: $0\ex_beq[0:0]
     5/15: $0\ex_mem_to_reg[0:0]
     6/15: $0\ex_mem_write[0:0]
     7/15: $0\ex_mem_read[0:0]
     8/15: $0\ex_reg_write[0:0]
     9/15: $0\ex_alu_src_imm[0:0]
    10/15: $0\ex_alu_op[3:0]
    11/15: $0\ex_rd[3:0]
    12/15: $0\ex_imm[15:0]
    13/15: $0\ex_opb[15:0]
    14/15: $0\ex_opa[15:0]
    15/15: $0\ex_opcode[3:0]
Creating decoders for process `\cpu_top.$proc$../rtl/cpu_top.v:93$17'.
     1/2: $2\raddr2[3:0]
     2/2: $1\raddr2[3:0]
Creating decoders for process `\cpu_top.$proc$../rtl/cpu_top.v:57$15'.
     1/1: $0\id_pc[7:0]
Creating decoders for process `\cpu_top.$proc$../rtl/cpu_top.v:48$13'.
     1/1: $0\id_instr[15:0]
Creating decoders for process `\cpu_top.$proc$../rtl/cpu_top.v:37$11'.
     1/1: $0\pc[7:0]
Creating decoders for process `\control.$proc$../rtl/control.v:22$10'.
     1/12: $1\alu_op[3:0]
     2/12: $1\reg_write[0:0]
     3/12: $1\rb_sel[1:0]
     4/12: $1\ra_hi[0:0]
     5/12: $1\is_jmp[0:0]
     6/12: $1\is_bne[0:0]
     7/12: $1\is_beq[0:0]
     8/12: $1\mem_to_reg[0:0]
     9/12: $1\mem_write[0:0]
    10/12: $1\mem_read[0:0]
    11/12: $1\imm_sel[1:0]
    12/12: $1\alu_src_imm[0:0]
Creating decoders for process `\alu.$proc$../rtl/alu.v:10$1'.
     1/1: $1\y[15:0]

9.2.8. Executing PROC_DLATCH pass (convert process syncs to latches).
No latch inferred for signal `\immgen.\imm' from process `\immgen.$proc$../rtl/immgen.v:8$1601'.
No latch inferred for signal `$paramod$b8444ee5d410294404e4c3b3bbb6e8ef9e9ec507\imem.\i' from process `$paramod$b8444ee5d410294404e4c3b3bbb6e8ef9e9ec507\imem.$proc$../rtl/imem.v:0$2192'.
No latch inferred for signal `$paramod$b8444ee5d410294404e4c3b3bbb6e8ef9e9ec507\imem.$memwr$\mem$../rtl/imem.v:16$1670_EN' from process `$paramod$b8444ee5d410294404e4c3b3bbb6e8ef9e9ec507\imem.$proc$../rtl/imem.v:0$2192'.
No latch inferred for signal `$paramod$b8444ee5d410294404e4c3b3bbb6e8ef9e9ec507\imem.$memwr$\mem$../rtl/imem.v:16$1671_EN' from process `$paramod$b8444ee5d410294404e4c3b3bbb6e8ef9e9ec507\imem.$proc$../rtl/imem.v:0$2192'.
No latch inferred for signal `$paramod$b8444ee5d410294404e4c3b3bbb6e8ef9e9ec507\imem.$memwr$\mem$../rtl/imem.v:16$1672_EN' from process `$paramod$b8444ee5d410294404e4c3b3bbb6e8ef9e9ec507\imem.$proc$../rtl/imem.v:0$2192'.
No latch inferred for signal `$paramod$b8444ee5d410294404e4c3b3bbb6e8ef9e9ec507\imem.$memwr$\mem$../rtl/imem.v:16$1673_EN' from process `$paramod$b8444ee5d410294404e4c3b3bbb6e8ef9e9ec507\imem.$proc$../rtl/imem.v:0$2192'.
No latch inferred for signal `$paramod$b8444ee5d410294404e4c3b3bbb6e8ef9e9ec507\imem.$memwr$\mem$../rtl/imem.v:16$1674_EN' from process `$paramod$b8444ee5d410294404e4c3b3bbb6e8ef9e9ec507\imem.$proc$../rtl/imem.v:0$2192'.
No latch inferred for signal `$paramod$b8444ee5d410294404e4c3b3bbb6e8ef9e9ec507\imem.$memwr$\mem$../rtl/imem.v:16$1675_EN' from process `$paramod$b8444ee5d410294404e4c3b3bbb6e8ef9e9ec507\imem.$proc$../rtl/imem.v:0$2192'.
No latch inferred for signal `$paramod$b8444ee5d410294404e4c3b3bbb6e8ef9e9ec507\imem.$memwr$\mem$../rtl/imem.v:16$1676_EN' from process `$paramod$b8444ee5d410294404e4c3b3bbb6e8ef9e9ec507\imem.$proc$../rtl/imem.v:0$2192'.
No latch inferred for signal `$paramod$b8444ee5d410294404e4c3b3bbb6e8ef9e9ec507\imem.$memwr$\mem$../rtl/imem.v:16$1677_EN' from process `$paramod$b8444ee5d410294404e4c3b3bbb6e8ef9e9ec507\imem.$proc$../rtl/imem.v:0$2192'.
No latch inferred for signal `$paramod$b8444ee5d410294404e4c3b3bbb6e8ef9e9ec507\imem.$memwr$\mem$../rtl/imem.v:16$1678_EN' from process `$paramod$b8444ee5d410294404e4c3b3bbb6e8ef9e9ec507\imem.$proc$../rtl/imem.v:0$2192'.
No latch inferred for signal `$paramod$b8444ee5d410294404e4c3b3bbb6e8ef9e9ec507\imem.$memwr$\mem$../rtl/imem.v:16$1679_EN' from process `$paramod$b8444ee5d410294404e4c3b3bbb6e8ef9e9ec507\imem.$proc$../rtl/imem.v:0$2192'.
No latch inferred for signal `$paramod$b8444ee5d410294404e4c3b3bbb6e8ef9e9ec507\imem.$memwr$\mem$../rtl/imem.v:16$1680_EN' from process `$paramod$b8444ee5d410294404e4c3b3bbb6e8ef9e9ec507\imem.$proc$../rtl/imem.v:0$2192'.
No latch inferred for signal `$paramod$b8444ee5d410294404e4c3b3bbb6e8ef9e9ec507\imem.$memwr$\mem$../rtl/imem.v:16$1681_EN' from process `$paramod$b8444ee5d410294404e4c3b3bbb6e8ef9e9ec507\imem.$proc$../rtl/imem.v:0$2192'.
No latch inferred for signal `$paramod$b8444ee5d410294404e4c3b3bbb6e8ef9e9ec507\imem.$memwr$\mem$../rtl/imem.v:16$1682_EN' from process `$paramod$b8444ee5d410294404e4c3b3bbb6e8ef9e9ec507\imem.$proc$../rtl/imem.v:0$2192'.
No latch inferred for signal `$paramod$b8444ee5d410294404e4c3b3bbb6e8ef9e9ec507\imem.$memwr$\mem$../rtl/imem.v:16$1683_EN' from process `$paramod$b8444ee5d410294404e4c3b3bbb6e8ef9e9ec507\imem.$proc$../rtl/imem.v:0$2192'.
No latch inferred for signal `$paramod$b8444ee5d410294404e4c3b3bbb6e8ef9e9ec507\imem.$memwr$\mem$../rtl/imem.v:16$1684_EN' from process `$paramod$b8444ee5d410294404e4c3b3bbb6e8ef9e9ec507\imem.$proc$../rtl/imem.v:0$2192'.
No latch inferred for signal `$paramod$b8444ee5d410294404e4c3b3bbb6e8ef9e9ec507\imem.$memwr$\mem$../rtl/imem.v:16$1685_EN' from process `$paramod$b8444ee5d410294404e4c3b3bbb6e8ef9e9ec507\imem.$proc$../rtl/imem.v:0$2192'.
No latch inferred for signal `$paramod$b8444ee5d410294404e4c3b3bbb6e8ef9e9ec507\imem.$memwr$\mem$../rtl/imem.v:16$1686_EN' from process `$paramod$b8444ee5d410294404e4c3b3bbb6e8ef9e9ec507\imem.$proc$../rtl/imem.v:0$2192'.
No latch inferred for signal `$paramod$b8444ee5d410294404e4c3b3bbb6e8ef9e9ec507\imem.$memwr$\mem$../rtl/imem.v:16$1687_EN' from process `$paramod$b8444ee5d410294404e4c3b3bbb6e8ef9e9ec507\imem.$proc$../rtl/imem.v:0$2192'.
No latch inferred for signal `$paramod$b8444ee5d410294404e4c3b3bbb6e8ef9e9ec507\imem.$memwr$\mem$../rtl/imem.v:16$1688_EN' from process `$paramod$b8444ee5d410294404e4c3b3bbb6e8ef9e9ec507\imem.$proc$../rtl/imem.v:0$2192'.
No latch inferred for signal `$paramod$b8444ee5d410294404e4c3b3bbb6e8ef9e9ec507\imem.$memwr$\mem$../rtl/imem.v:16$1689_EN' from process `$paramod$b8444ee5d410294404e4c3b3bbb6e8ef9e9ec507\imem.$proc$../rtl/imem.v:0$2192'.
No latch inferred for signal `$paramod$b8444ee5d410294404e4c3b3bbb6e8ef9e9ec507\imem.$memwr$\mem$../rtl/imem.v:16$1690_EN' from process `$paramod$b8444ee5d410294404e4c3b3bbb6e8ef9e9ec507\imem.$proc$../rtl/imem.v:0$2192'.
No latch inferred for signal `$paramod$b8444ee5d410294404e4c3b3bbb6e8ef9e9ec507\imem.$memwr$\mem$../rtl/imem.v:16$1691_EN' from process `$paramod$b8444ee5d410294404e4c3b3bbb6e8ef9e9ec507\imem.$proc$../rtl/imem.v:0$2192'.
No latch inferred for signal `$paramod$b8444ee5d410294404e4c3b3bbb6e8ef9e9ec507\imem.$memwr$\mem$../rtl/imem.v:16$1692_EN' from process `$paramod$b8444ee5d410294404e4c3b3bbb6e8ef9e9ec507\imem.$proc$../rtl/imem.v:0$2192'.
No latch inferred for signal `$paramod$b8444ee5d410294404e4c3b3bbb6e8ef9e9ec507\imem.$memwr$\mem$../rtl/imem.v:16$1693_EN' from process `$paramod$b8444ee5d410294404e4c3b3bbb6e8ef9e9ec507\imem.$proc$../rtl/imem.v:0$2192'.
No latch inferred for signal `$paramod$b8444ee5d410294404e4c3b3bbb6e8ef9e9ec507\imem.$memwr$\mem$../rtl/imem.v:16$1694_EN' from process `$paramod$b8444ee5d410294404e4c3b3bbb6e8ef9e9ec507\imem.$proc$../rtl/imem.v:0$2192'.
No latch inferred for signal `$paramod$b8444ee5d410294404e4c3b3bbb6e8ef9e9ec507\imem.$memwr$\mem$../rtl/imem.v:16$1695_EN' from process `$paramod$b8444ee5d410294404e4c3b3bbb6e8ef9e9ec507\imem.$proc$../rtl/imem.v:0$2192'.
No latch inferred for signal `$paramod$b8444ee5d410294404e4c3b3bbb6e8ef9e9ec507\imem.$memwr$\mem$../rtl/imem.v:16$1696_EN' from process `$paramod$b8444ee5d410294404e4c3b3bbb6e8ef9e9ec507\imem.$proc$../rtl/imem.v:0$2192'.
No latch inferred for signal `$paramod$b8444ee5d410294404e4c3b3bbb6e8ef9e9ec507\imem.$memwr$\mem$../rtl/imem.v:16$1697_EN' from process `$paramod$b8444ee5d410294404e4c3b3bbb6e8ef9e9ec507\imem.$proc$../rtl/imem.v:0$2192'.
No latch inferred for signal `$paramod$b8444ee5d410294404e4c3b3bbb6e8ef9e9ec507\imem.$memwr$\mem$../rtl/imem.v:16$1698_EN' from process `$paramod$b8444ee5d410294404e4c3b3bbb6e8ef9e9ec507\imem.$proc$../rtl/imem.v:0$2192'.
No latch inferred for signal `$paramod$b8444ee5d410294404e4c3b3bbb6e8ef9e9ec507\imem.$memwr$\mem$../rtl/imem.v:16$1699_EN' from process `$paramod$b8444ee5d410294404e4c3b3bbb6e8ef9e9ec507\imem.$proc$../rtl/imem.v:0$2192'.
No latch inferred for signal `$paramod$b8444ee5d410294404e4c3b3bbb6e8ef9e9ec507\imem.$memwr$\mem$../rtl/imem.v:16$1700_EN' from process `$paramod$b8444ee5d410294404e4c3b3bbb6e8ef9e9ec507\imem.$proc$../rtl/imem.v:0$2192'.
No latch inferred for signal `$paramod$b8444ee5d410294404e4c3b3bbb6e8ef9e9ec507\imem.$memwr$\mem$../rtl/imem.v:16$1701_EN' from process `$paramod$b8444ee5d410294404e4c3b3bbb6e8ef9e9ec507\imem.$proc$../rtl/imem.v:0$2192'.
No latch inferred for signal `$paramod$b8444ee5d410294404e4c3b3bbb6e8ef9e9ec507\imem.$memwr$\mem$../rtl/imem.v:16$1702_EN' from process `$paramod$b8444ee5d410294404e4c3b3bbb6e8ef9e9ec507\imem.$proc$../rtl/imem.v:0$2192'.
No latch inferred for signal `$paramod$b8444ee5d410294404e4c3b3bbb6e8ef9e9ec507\imem.$memwr$\mem$../rtl/imem.v:16$1703_EN' from process `$paramod$b8444ee5d410294404e4c3b3bbb6e8ef9e9ec507\imem.$proc$../rtl/imem.v:0$2192'.
No latch inferred for signal `$paramod$b8444ee5d410294404e4c3b3bbb6e8ef9e9ec507\imem.$memwr$\mem$../rtl/imem.v:16$1704_EN' from process `$paramod$b8444ee5d410294404e4c3b3bbb6e8ef9e9ec507\imem.$proc$../rtl/imem.v:0$2192'.
No latch inferred for signal `$paramod$b8444ee5d410294404e4c3b3bbb6e8ef9e9ec507\imem.$memwr$\mem$../rtl/imem.v:16$1705_EN' from process `$paramod$b8444ee5d410294404e4c3b3bbb6e8ef9e9ec507\imem.$proc$../rtl/imem.v:0$2192'.
No latch inferred for signal `$paramod$b8444ee5d410294404e4c3b3bbb6e8ef9e9ec507\imem.$memwr$\mem$../rtl/imem.v:16$1706_EN' from process `$paramod$b8444ee5d410294404e4c3b3bbb6e8ef9e9ec507\imem.$proc$../rtl/imem.v:0$2192'.
No latch inferred for signal `$paramod$b8444ee5d410294404e4c3b3bbb6e8ef9e9ec507\imem.$memwr$\mem$../rtl/imem.v:16$1707_EN' from process `$paramod$b8444ee5d410294404e4c3b3bbb6e8ef9e9ec507\imem.$proc$../rtl/imem.v:0$2192'.
No latch inferred for signal `$paramod$b8444ee5d410294404e4c3b3bbb6e8ef9e9ec507\imem.$memwr$\mem$../rtl/imem.v:16$1708_EN' from process `$paramod$b8444ee5d410294404e4c3b3bbb6e8ef9e9ec507\imem.$proc$../rtl/imem.v:0$2192'.
No latch inferred for signal `$paramod$b8444ee5d410294404e4c3b3bbb6e8ef9e9ec507\imem.$memwr$\mem$../rtl/imem.v:16$1709_EN' from process `$paramod$b8444ee5d410294404e4c3b3bbb6e8ef9e9ec507\imem.$proc$../rtl/imem.v:0$2192'.
No latch inferred for signal `$paramod$b8444ee5d410294404e4c3b3bbb6e8ef9e9ec507\imem.$memwr$\mem$../rtl/imem.v:16$1710_EN' from process `$paramod$b8444ee5d410294404e4c3b3bbb6e8ef9e9ec507\imem.$proc$../rtl/imem.v:0$2192'.
No latch inferred for signal `$paramod$b8444ee5d410294404e4c3b3bbb6e8ef9e9ec507\imem.$memwr$\mem$../rtl/imem.v:16$1711_EN' from process `$paramod$b8444ee5d410294404e4c3b3bbb6e8ef9e9ec507\imem.$proc$../rtl/imem.v:0$2192'.
No latch inferred for signal `$paramod$b8444ee5d410294404e4c3b3bbb6e8ef9e9ec507\imem.$memwr$\mem$../rtl/imem.v:16$1712_EN' from process `$paramod$b8444ee5d410294404e4c3b3bbb6e8ef9e9ec507\imem.$proc$../rtl/imem.v:0$2192'.
No latch inferred for signal `$paramod$b8444ee5d410294404e4c3b3bbb6e8ef9e9ec507\imem.$memwr$\mem$../rtl/imem.v:16$1713_EN' from process `$paramod$b8444ee5d410294404e4c3b3bbb6e8ef9e9ec507\imem.$proc$../rtl/imem.v:0$2192'.
No latch inferred for signal `$paramod$b8444ee5d410294404e4c3b3bbb6e8ef9e9ec507\imem.$memwr$\mem$../rtl/imem.v:16$1714_EN' from process `$paramod$b8444ee5d410294404e4c3b3bbb6e8ef9e9ec507\imem.$proc$../rtl/imem.v:0$2192'.
No latch inferred for signal `$paramod$b8444ee5d410294404e4c3b3bbb6e8ef9e9ec507\imem.$memwr$\mem$../rtl/imem.v:16$1715_EN' from process `$paramod$b8444ee5d410294404e4c3b3bbb6e8ef9e9ec507\imem.$proc$../rtl/imem.v:0$2192'.
No latch inferred for signal `$paramod$b8444ee5d410294404e4c3b3bbb6e8ef9e9ec507\imem.$memwr$\mem$../rtl/imem.v:16$1716_EN' from process `$paramod$b8444ee5d410294404e4c3b3bbb6e8ef9e9ec507\imem.$proc$../rtl/imem.v:0$2192'.
No latch inferred for signal `$paramod$b8444ee5d410294404e4c3b3bbb6e8ef9e9ec507\imem.$memwr$\mem$../rtl/imem.v:16$1717_EN' from process `$paramod$b8444ee5d410294404e4c3b3bbb6e8ef9e9ec507\imem.$proc$../rtl/imem.v:0$2192'.
No latch inferred for signal `$paramod$b8444ee5d410294404e4c3b3bbb6e8ef9e9ec507\imem.$memwr$\mem$../rtl/imem.v:16$1718_EN' from process `$paramod$b8444ee5d410294404e4c3b3bbb6e8ef9e9ec507\imem.$proc$../rtl/imem.v:0$2192'.
No latch inferred for signal `$paramod$b8444ee5d410294404e4c3b3bbb6e8ef9e9ec507\imem.$memwr$\mem$../rtl/imem.v:16$1719_EN' from process `$paramod$b8444ee5d410294404e4c3b3bbb6e8ef9e9ec507\imem.$proc$../rtl/imem.v:0$2192'.
No latch inferred for signal `$paramod$b8444ee5d410294404e4c3b3bbb6e8ef9e9ec507\imem.$memwr$\mem$../rtl/imem.v:16$1720_EN' from process `$paramod$b8444ee5d410294404e4c3b3bbb6e8ef9e9ec507\imem.$proc$../rtl/imem.v:0$2192'.
No latch inferred for signal `$paramod$b8444ee5d410294404e4c3b3bbb6e8ef9e9ec507\imem.$memwr$\mem$../rtl/imem.v:16$1721_EN' from process `$paramod$b8444ee5d410294404e4c3b3bbb6e8ef9e9ec507\imem.$proc$../rtl/imem.v:0$2192'.
No latch inferred for signal `$paramod$b8444ee5d410294404e4c3b3bbb6e8ef9e9ec507\imem.$memwr$\mem$../rtl/imem.v:16$1722_EN' from process `$paramod$b8444ee5d410294404e4c3b3bbb6e8ef9e9ec507\imem.$proc$../rtl/imem.v:0$2192'.
No latch inferred for signal `$paramod$b8444ee5d410294404e4c3b3bbb6e8ef9e9ec507\imem.$memwr$\mem$../rtl/imem.v:16$1723_EN' from process `$paramod$b8444ee5d410294404e4c3b3bbb6e8ef9e9ec507\imem.$proc$../rtl/imem.v:0$2192'.
No latch inferred for signal `$paramod$b8444ee5d410294404e4c3b3bbb6e8ef9e9ec507\imem.$memwr$\mem$../rtl/imem.v:16$1724_EN' from process `$paramod$b8444ee5d410294404e4c3b3bbb6e8ef9e9ec507\imem.$proc$../rtl/imem.v:0$2192'.
No latch inferred for signal `$paramod$b8444ee5d410294404e4c3b3bbb6e8ef9e9ec507\imem.$memwr$\mem$../rtl/imem.v:16$1725_EN' from process `$paramod$b8444ee5d410294404e4c3b3bbb6e8ef9e9ec507\imem.$proc$../rtl/imem.v:0$2192'.
No latch inferred for signal `$paramod$b8444ee5d410294404e4c3b3bbb6e8ef9e9ec507\imem.$memwr$\mem$../rtl/imem.v:16$1726_EN' from process `$paramod$b8444ee5d410294404e4c3b3bbb6e8ef9e9ec507\imem.$proc$../rtl/imem.v:0$2192'.
No latch inferred for signal `$paramod$b8444ee5d410294404e4c3b3bbb6e8ef9e9ec507\imem.$memwr$\mem$../rtl/imem.v:16$1727_EN' from process `$paramod$b8444ee5d410294404e4c3b3bbb6e8ef9e9ec507\imem.$proc$../rtl/imem.v:0$2192'.
No latch inferred for signal `$paramod$b8444ee5d410294404e4c3b3bbb6e8ef9e9ec507\imem.$memwr$\mem$../rtl/imem.v:16$1728_EN' from process `$paramod$b8444ee5d410294404e4c3b3bbb6e8ef9e9ec507\imem.$proc$../rtl/imem.v:0$2192'.
No latch inferred for signal `$paramod$b8444ee5d410294404e4c3b3bbb6e8ef9e9ec507\imem.$memwr$\mem$../rtl/imem.v:16$1729_EN' from process `$paramod$b8444ee5d410294404e4c3b3bbb6e8ef9e9ec507\imem.$proc$../rtl/imem.v:0$2192'.
No latch inferred for signal `$paramod$b8444ee5d410294404e4c3b3bbb6e8ef9e9ec507\imem.$memwr$\mem$../rtl/imem.v:16$1730_EN' from process `$paramod$b8444ee5d410294404e4c3b3bbb6e8ef9e9ec507\imem.$proc$../rtl/imem.v:0$2192'.
No latch inferred for signal `$paramod$b8444ee5d410294404e4c3b3bbb6e8ef9e9ec507\imem.$memwr$\mem$../rtl/imem.v:16$1731_EN' from process `$paramod$b8444ee5d410294404e4c3b3bbb6e8ef9e9ec507\imem.$proc$../rtl/imem.v:0$2192'.
No latch inferred for signal `$paramod$b8444ee5d410294404e4c3b3bbb6e8ef9e9ec507\imem.$memwr$\mem$../rtl/imem.v:16$1732_EN' from process `$paramod$b8444ee5d410294404e4c3b3bbb6e8ef9e9ec507\imem.$proc$../rtl/imem.v:0$2192'.
No latch inferred for signal `$paramod$b8444ee5d410294404e4c3b3bbb6e8ef9e9ec507\imem.$memwr$\mem$../rtl/imem.v:16$1733_EN' from process `$paramod$b8444ee5d410294404e4c3b3bbb6e8ef9e9ec507\imem.$proc$../rtl/imem.v:0$2192'.
No latch inferred for signal `$paramod$b8444ee5d410294404e4c3b3bbb6e8ef9e9ec507\imem.$memwr$\mem$../rtl/imem.v:16$1734_EN' from process `$paramod$b8444ee5d410294404e4c3b3bbb6e8ef9e9ec507\imem.$proc$../rtl/imem.v:0$2192'.
No latch inferred for signal `$paramod$b8444ee5d410294404e4c3b3bbb6e8ef9e9ec507\imem.$memwr$\mem$../rtl/imem.v:16$1735_EN' from process `$paramod$b8444ee5d410294404e4c3b3bbb6e8ef9e9ec507\imem.$proc$../rtl/imem.v:0$2192'.
No latch inferred for signal `$paramod$b8444ee5d410294404e4c3b3bbb6e8ef9e9ec507\imem.$memwr$\mem$../rtl/imem.v:16$1736_EN' from process `$paramod$b8444ee5d410294404e4c3b3bbb6e8ef9e9ec507\imem.$proc$../rtl/imem.v:0$2192'.
No latch inferred for signal `$paramod$b8444ee5d410294404e4c3b3bbb6e8ef9e9ec507\imem.$memwr$\mem$../rtl/imem.v:16$1737_EN' from process `$paramod$b8444ee5d410294404e4c3b3bbb6e8ef9e9ec507\imem.$proc$../rtl/imem.v:0$2192'.
No latch inferred for signal `$paramod$b8444ee5d410294404e4c3b3bbb6e8ef9e9ec507\imem.$memwr$\mem$../rtl/imem.v:16$1738_EN' from process `$paramod$b8444ee5d410294404e4c3b3bbb6e8ef9e9ec507\imem.$proc$../rtl/imem.v:0$2192'.
No latch inferred for signal `$paramod$b8444ee5d410294404e4c3b3bbb6e8ef9e9ec507\imem.$memwr$\mem$../rtl/imem.v:16$1739_EN' from process `$paramod$b8444ee5d410294404e4c3b3bbb6e8ef9e9ec507\imem.$proc$../rtl/imem.v:0$2192'.
No latch inferred for signal `$paramod$b8444ee5d410294404e4c3b3bbb6e8ef9e9ec507\imem.$memwr$\mem$../rtl/imem.v:16$1740_EN' from process `$paramod$b8444ee5d410294404e4c3b3bbb6e8ef9e9ec507\imem.$proc$../rtl/imem.v:0$2192'.
No latch inferred for signal `$paramod$b8444ee5d410294404e4c3b3bbb6e8ef9e9ec507\imem.$memwr$\mem$../rtl/imem.v:16$1741_EN' from process `$paramod$b8444ee5d410294404e4c3b3bbb6e8ef9e9ec507\imem.$proc$../rtl/imem.v:0$2192'.
No latch inferred for signal `$paramod$b8444ee5d410294404e4c3b3bbb6e8ef9e9ec507\imem.$memwr$\mem$../rtl/imem.v:16$1742_EN' from process `$paramod$b8444ee5d410294404e4c3b3bbb6e8ef9e9ec507\imem.$proc$../rtl/imem.v:0$2192'.
No latch inferred for signal `$paramod$b8444ee5d410294404e4c3b3bbb6e8ef9e9ec507\imem.$memwr$\mem$../rtl/imem.v:16$1743_EN' from process `$paramod$b8444ee5d410294404e4c3b3bbb6e8ef9e9ec507\imem.$proc$../rtl/imem.v:0$2192'.
No latch inferred for signal `$paramod$b8444ee5d410294404e4c3b3bbb6e8ef9e9ec507\imem.$memwr$\mem$../rtl/imem.v:16$1744_EN' from process `$paramod$b8444ee5d410294404e4c3b3bbb6e8ef9e9ec507\imem.$proc$../rtl/imem.v:0$2192'.
No latch inferred for signal `$paramod$b8444ee5d410294404e4c3b3bbb6e8ef9e9ec507\imem.$memwr$\mem$../rtl/imem.v:16$1745_EN' from process `$paramod$b8444ee5d410294404e4c3b3bbb6e8ef9e9ec507\imem.$proc$../rtl/imem.v:0$2192'.
No latch inferred for signal `$paramod$b8444ee5d410294404e4c3b3bbb6e8ef9e9ec507\imem.$memwr$\mem$../rtl/imem.v:16$1746_EN' from process `$paramod$b8444ee5d410294404e4c3b3bbb6e8ef9e9ec507\imem.$proc$../rtl/imem.v:0$2192'.
No latch inferred for signal `$paramod$b8444ee5d410294404e4c3b3bbb6e8ef9e9ec507\imem.$memwr$\mem$../rtl/imem.v:16$1747_EN' from process `$paramod$b8444ee5d410294404e4c3b3bbb6e8ef9e9ec507\imem.$proc$../rtl/imem.v:0$2192'.
No latch inferred for signal `$paramod$b8444ee5d410294404e4c3b3bbb6e8ef9e9ec507\imem.$memwr$\mem$../rtl/imem.v:16$1748_EN' from process `$paramod$b8444ee5d410294404e4c3b3bbb6e8ef9e9ec507\imem.$proc$../rtl/imem.v:0$2192'.
No latch inferred for signal `$paramod$b8444ee5d410294404e4c3b3bbb6e8ef9e9ec507\imem.$memwr$\mem$../rtl/imem.v:16$1749_EN' from process `$paramod$b8444ee5d410294404e4c3b3bbb6e8ef9e9ec507\imem.$proc$../rtl/imem.v:0$2192'.
No latch inferred for signal `$paramod$b8444ee5d410294404e4c3b3bbb6e8ef9e9ec507\imem.$memwr$\mem$../rtl/imem.v:16$1750_EN' from process `$paramod$b8444ee5d410294404e4c3b3bbb6e8ef9e9ec507\imem.$proc$../rtl/imem.v:0$2192'.
No latch inferred for signal `$paramod$b8444ee5d410294404e4c3b3bbb6e8ef9e9ec507\imem.$memwr$\mem$../rtl/imem.v:16$1751_EN' from process `$paramod$b8444ee5d410294404e4c3b3bbb6e8ef9e9ec507\imem.$proc$../rtl/imem.v:0$2192'.
No latch inferred for signal `$paramod$b8444ee5d410294404e4c3b3bbb6e8ef9e9ec507\imem.$memwr$\mem$../rtl/imem.v:16$1752_EN' from process `$paramod$b8444ee5d410294404e4c3b3bbb6e8ef9e9ec507\imem.$proc$../rtl/imem.v:0$2192'.
No latch inferred for signal `$paramod$b8444ee5d410294404e4c3b3bbb6e8ef9e9ec507\imem.$memwr$\mem$../rtl/imem.v:16$1753_EN' from process `$paramod$b8444ee5d410294404e4c3b3bbb6e8ef9e9ec507\imem.$proc$../rtl/imem.v:0$2192'.
No latch inferred for signal `$paramod$b8444ee5d410294404e4c3b3bbb6e8ef9e9ec507\imem.$memwr$\mem$../rtl/imem.v:16$1754_EN' from process `$paramod$b8444ee5d410294404e4c3b3bbb6e8ef9e9ec507\imem.$proc$../rtl/imem.v:0$2192'.
No latch inferred for signal `$paramod$b8444ee5d410294404e4c3b3bbb6e8ef9e9ec507\imem.$memwr$\mem$../rtl/imem.v:16$1755_EN' from process `$paramod$b8444ee5d410294404e4c3b3bbb6e8ef9e9ec507\imem.$proc$../rtl/imem.v:0$2192'.
No latch inferred for signal `$paramod$b8444ee5d410294404e4c3b3bbb6e8ef9e9ec507\imem.$memwr$\mem$../rtl/imem.v:16$1756_EN' from process `$paramod$b8444ee5d410294404e4c3b3bbb6e8ef9e9ec507\imem.$proc$../rtl/imem.v:0$2192'.
No latch inferred for signal `$paramod$b8444ee5d410294404e4c3b3bbb6e8ef9e9ec507\imem.$memwr$\mem$../rtl/imem.v:16$1757_EN' from process `$paramod$b8444ee5d410294404e4c3b3bbb6e8ef9e9ec507\imem.$proc$../rtl/imem.v:0$2192'.
No latch inferred for signal `$paramod$b8444ee5d410294404e4c3b3bbb6e8ef9e9ec507\imem.$memwr$\mem$../rtl/imem.v:16$1758_EN' from process `$paramod$b8444ee5d410294404e4c3b3bbb6e8ef9e9ec507\imem.$proc$../rtl/imem.v:0$2192'.
No latch inferred for signal `$paramod$b8444ee5d410294404e4c3b3bbb6e8ef9e9ec507\imem.$memwr$\mem$../rtl/imem.v:16$1759_EN' from process `$paramod$b8444ee5d410294404e4c3b3bbb6e8ef9e9ec507\imem.$proc$../rtl/imem.v:0$2192'.
No latch inferred for signal `$paramod$b8444ee5d410294404e4c3b3bbb6e8ef9e9ec507\imem.$memwr$\mem$../rtl/imem.v:16$1760_EN' from process `$paramod$b8444ee5d410294404e4c3b3bbb6e8ef9e9ec507\imem.$proc$../rtl/imem.v:0$2192'.
No latch inferred for signal `$paramod$b8444ee5d410294404e4c3b3bbb6e8ef9e9ec507\imem.$memwr$\mem$../rtl/imem.v:16$1761_EN' from process `$paramod$b8444ee5d410294404e4c3b3bbb6e8ef9e9ec507\imem.$proc$../rtl/imem.v:0$2192'.
No latch inferred for signal `$paramod$b8444ee5d410294404e4c3b3bbb6e8ef9e9ec507\imem.$memwr$\mem$../rtl/imem.v:16$1762_EN' from process `$paramod$b8444ee5d410294404e4c3b3bbb6e8ef9e9ec507\imem.$proc$../rtl/imem.v:0$2192'.
No latch inferred for signal `$paramod$b8444ee5d410294404e4c3b3bbb6e8ef9e9ec507\imem.$memwr$\mem$../rtl/imem.v:16$1763_EN' from process `$paramod$b8444ee5d410294404e4c3b3bbb6e8ef9e9ec507\imem.$proc$../rtl/imem.v:0$2192'.
No latch inferred for signal `$paramod$b8444ee5d410294404e4c3b3bbb6e8ef9e9ec507\imem.$memwr$\mem$../rtl/imem.v:16$1764_EN' from process `$paramod$b8444ee5d410294404e4c3b3bbb6e8ef9e9ec507\imem.$proc$../rtl/imem.v:0$2192'.
No latch inferred for signal `$paramod$b8444ee5d410294404e4c3b3bbb6e8ef9e9ec507\imem.$memwr$\mem$../rtl/imem.v:16$1765_EN' from process `$paramod$b8444ee5d410294404e4c3b3bbb6e8ef9e9ec507\imem.$proc$../rtl/imem.v:0$2192'.
No latch inferred for signal `$paramod$b8444ee5d410294404e4c3b3bbb6e8ef9e9ec507\imem.$memwr$\mem$../rtl/imem.v:16$1766_EN' from process `$paramod$b8444ee5d410294404e4c3b3bbb6e8ef9e9ec507\imem.$proc$../rtl/imem.v:0$2192'.
No latch inferred for signal `$paramod$b8444ee5d410294404e4c3b3bbb6e8ef9e9ec507\imem.$memwr$\mem$../rtl/imem.v:16$1767_EN' from process `$paramod$b8444ee5d410294404e4c3b3bbb6e8ef9e9ec507\imem.$proc$../rtl/imem.v:0$2192'.
No latch inferred for signal `$paramod$b8444ee5d410294404e4c3b3bbb6e8ef9e9ec507\imem.$memwr$\mem$../rtl/imem.v:16$1768_EN' from process `$paramod$b8444ee5d410294404e4c3b3bbb6e8ef9e9ec507\imem.$proc$../rtl/imem.v:0$2192'.
No latch inferred for signal `$paramod$b8444ee5d410294404e4c3b3bbb6e8ef9e9ec507\imem.$memwr$\mem$../rtl/imem.v:16$1769_EN' from process `$paramod$b8444ee5d410294404e4c3b3bbb6e8ef9e9ec507\imem.$proc$../rtl/imem.v:0$2192'.
No latch inferred for signal `$paramod$b8444ee5d410294404e4c3b3bbb6e8ef9e9ec507\imem.$memwr$\mem$../rtl/imem.v:16$1770_EN' from process `$paramod$b8444ee5d410294404e4c3b3bbb6e8ef9e9ec507\imem.$proc$../rtl/imem.v:0$2192'.
No latch inferred for signal `$paramod$b8444ee5d410294404e4c3b3bbb6e8ef9e9ec507\imem.$memwr$\mem$../rtl/imem.v:16$1771_EN' from process `$paramod$b8444ee5d410294404e4c3b3bbb6e8ef9e9ec507\imem.$proc$../rtl/imem.v:0$2192'.
No latch inferred for signal `$paramod$b8444ee5d410294404e4c3b3bbb6e8ef9e9ec507\imem.$memwr$\mem$../rtl/imem.v:16$1772_EN' from process `$paramod$b8444ee5d410294404e4c3b3bbb6e8ef9e9ec507\imem.$proc$../rtl/imem.v:0$2192'.
No latch inferred for signal `$paramod$b8444ee5d410294404e4c3b3bbb6e8ef9e9ec507\imem.$memwr$\mem$../rtl/imem.v:16$1773_EN' from process `$paramod$b8444ee5d410294404e4c3b3bbb6e8ef9e9ec507\imem.$proc$../rtl/imem.v:0$2192'.
No latch inferred for signal `$paramod$b8444ee5d410294404e4c3b3bbb6e8ef9e9ec507\imem.$memwr$\mem$../rtl/imem.v:16$1774_EN' from process `$paramod$b8444ee5d410294404e4c3b3bbb6e8ef9e9ec507\imem.$proc$../rtl/imem.v:0$2192'.
No latch inferred for signal `$paramod$b8444ee5d410294404e4c3b3bbb6e8ef9e9ec507\imem.$memwr$\mem$../rtl/imem.v:16$1775_EN' from process `$paramod$b8444ee5d410294404e4c3b3bbb6e8ef9e9ec507\imem.$proc$../rtl/imem.v:0$2192'.
No latch inferred for signal `$paramod$b8444ee5d410294404e4c3b3bbb6e8ef9e9ec507\imem.$memwr$\mem$../rtl/imem.v:16$1776_EN' from process `$paramod$b8444ee5d410294404e4c3b3bbb6e8ef9e9ec507\imem.$proc$../rtl/imem.v:0$2192'.
No latch inferred for signal `$paramod$b8444ee5d410294404e4c3b3bbb6e8ef9e9ec507\imem.$memwr$\mem$../rtl/imem.v:16$1777_EN' from process `$paramod$b8444ee5d410294404e4c3b3bbb6e8ef9e9ec507\imem.$proc$../rtl/imem.v:0$2192'.
No latch inferred for signal `$paramod$b8444ee5d410294404e4c3b3bbb6e8ef9e9ec507\imem.$memwr$\mem$../rtl/imem.v:16$1778_EN' from process `$paramod$b8444ee5d410294404e4c3b3bbb6e8ef9e9ec507\imem.$proc$../rtl/imem.v:0$2192'.
No latch inferred for signal `$paramod$b8444ee5d410294404e4c3b3bbb6e8ef9e9ec507\imem.$memwr$\mem$../rtl/imem.v:16$1779_EN' from process `$paramod$b8444ee5d410294404e4c3b3bbb6e8ef9e9ec507\imem.$proc$../rtl/imem.v:0$2192'.
No latch inferred for signal `$paramod$b8444ee5d410294404e4c3b3bbb6e8ef9e9ec507\imem.$memwr$\mem$../rtl/imem.v:16$1780_EN' from process `$paramod$b8444ee5d410294404e4c3b3bbb6e8ef9e9ec507\imem.$proc$../rtl/imem.v:0$2192'.
No latch inferred for signal `$paramod$b8444ee5d410294404e4c3b3bbb6e8ef9e9ec507\imem.$memwr$\mem$../rtl/imem.v:16$1781_EN' from process `$paramod$b8444ee5d410294404e4c3b3bbb6e8ef9e9ec507\imem.$proc$../rtl/imem.v:0$2192'.
No latch inferred for signal `$paramod$b8444ee5d410294404e4c3b3bbb6e8ef9e9ec507\imem.$memwr$\mem$../rtl/imem.v:16$1782_EN' from process `$paramod$b8444ee5d410294404e4c3b3bbb6e8ef9e9ec507\imem.$proc$../rtl/imem.v:0$2192'.
No latch inferred for signal `$paramod$b8444ee5d410294404e4c3b3bbb6e8ef9e9ec507\imem.$memwr$\mem$../rtl/imem.v:16$1783_EN' from process `$paramod$b8444ee5d410294404e4c3b3bbb6e8ef9e9ec507\imem.$proc$../rtl/imem.v:0$2192'.
No latch inferred for signal `$paramod$b8444ee5d410294404e4c3b3bbb6e8ef9e9ec507\imem.$memwr$\mem$../rtl/imem.v:16$1784_EN' from process `$paramod$b8444ee5d410294404e4c3b3bbb6e8ef9e9ec507\imem.$proc$../rtl/imem.v:0$2192'.
No latch inferred for signal `$paramod$b8444ee5d410294404e4c3b3bbb6e8ef9e9ec507\imem.$memwr$\mem$../rtl/imem.v:16$1785_EN' from process `$paramod$b8444ee5d410294404e4c3b3bbb6e8ef9e9ec507\imem.$proc$../rtl/imem.v:0$2192'.
No latch inferred for signal `$paramod$b8444ee5d410294404e4c3b3bbb6e8ef9e9ec507\imem.$memwr$\mem$../rtl/imem.v:16$1786_EN' from process `$paramod$b8444ee5d410294404e4c3b3bbb6e8ef9e9ec507\imem.$proc$../rtl/imem.v:0$2192'.
No latch inferred for signal `$paramod$b8444ee5d410294404e4c3b3bbb6e8ef9e9ec507\imem.$memwr$\mem$../rtl/imem.v:16$1787_EN' from process `$paramod$b8444ee5d410294404e4c3b3bbb6e8ef9e9ec507\imem.$proc$../rtl/imem.v:0$2192'.
No latch inferred for signal `$paramod$b8444ee5d410294404e4c3b3bbb6e8ef9e9ec507\imem.$memwr$\mem$../rtl/imem.v:16$1788_EN' from process `$paramod$b8444ee5d410294404e4c3b3bbb6e8ef9e9ec507\imem.$proc$../rtl/imem.v:0$2192'.
No latch inferred for signal `$paramod$b8444ee5d410294404e4c3b3bbb6e8ef9e9ec507\imem.$memwr$\mem$../rtl/imem.v:16$1789_EN' from process `$paramod$b8444ee5d410294404e4c3b3bbb6e8ef9e9ec507\imem.$proc$../rtl/imem.v:0$2192'.
No latch inferred for signal `$paramod$b8444ee5d410294404e4c3b3bbb6e8ef9e9ec507\imem.$memwr$\mem$../rtl/imem.v:16$1790_EN' from process `$paramod$b8444ee5d410294404e4c3b3bbb6e8ef9e9ec507\imem.$proc$../rtl/imem.v:0$2192'.
No latch inferred for signal `$paramod$b8444ee5d410294404e4c3b3bbb6e8ef9e9ec507\imem.$memwr$\mem$../rtl/imem.v:16$1791_EN' from process `$paramod$b8444ee5d410294404e4c3b3bbb6e8ef9e9ec507\imem.$proc$../rtl/imem.v:0$2192'.
No latch inferred for signal `$paramod$b8444ee5d410294404e4c3b3bbb6e8ef9e9ec507\imem.$memwr$\mem$../rtl/imem.v:16$1792_EN' from process `$paramod$b8444ee5d410294404e4c3b3bbb6e8ef9e9ec507\imem.$proc$../rtl/imem.v:0$2192'.
No latch inferred for signal `$paramod$b8444ee5d410294404e4c3b3bbb6e8ef9e9ec507\imem.$memwr$\mem$../rtl/imem.v:16$1793_EN' from process `$paramod$b8444ee5d410294404e4c3b3bbb6e8ef9e9ec507\imem.$proc$../rtl/imem.v:0$2192'.
No latch inferred for signal `$paramod$b8444ee5d410294404e4c3b3bbb6e8ef9e9ec507\imem.$memwr$\mem$../rtl/imem.v:16$1794_EN' from process `$paramod$b8444ee5d410294404e4c3b3bbb6e8ef9e9ec507\imem.$proc$../rtl/imem.v:0$2192'.
No latch inferred for signal `$paramod$b8444ee5d410294404e4c3b3bbb6e8ef9e9ec507\imem.$memwr$\mem$../rtl/imem.v:16$1795_EN' from process `$paramod$b8444ee5d410294404e4c3b3bbb6e8ef9e9ec507\imem.$proc$../rtl/imem.v:0$2192'.
No latch inferred for signal `$paramod$b8444ee5d410294404e4c3b3bbb6e8ef9e9ec507\imem.$memwr$\mem$../rtl/imem.v:16$1796_EN' from process `$paramod$b8444ee5d410294404e4c3b3bbb6e8ef9e9ec507\imem.$proc$../rtl/imem.v:0$2192'.
No latch inferred for signal `$paramod$b8444ee5d410294404e4c3b3bbb6e8ef9e9ec507\imem.$memwr$\mem$../rtl/imem.v:16$1797_EN' from process `$paramod$b8444ee5d410294404e4c3b3bbb6e8ef9e9ec507\imem.$proc$../rtl/imem.v:0$2192'.
No latch inferred for signal `$paramod$b8444ee5d410294404e4c3b3bbb6e8ef9e9ec507\imem.$memwr$\mem$../rtl/imem.v:16$1798_EN' from process `$paramod$b8444ee5d410294404e4c3b3bbb6e8ef9e9ec507\imem.$proc$../rtl/imem.v:0$2192'.
No latch inferred for signal `$paramod$b8444ee5d410294404e4c3b3bbb6e8ef9e9ec507\imem.$memwr$\mem$../rtl/imem.v:16$1799_EN' from process `$paramod$b8444ee5d410294404e4c3b3bbb6e8ef9e9ec507\imem.$proc$../rtl/imem.v:0$2192'.
No latch inferred for signal `$paramod$b8444ee5d410294404e4c3b3bbb6e8ef9e9ec507\imem.$memwr$\mem$../rtl/imem.v:16$1800_EN' from process `$paramod$b8444ee5d410294404e4c3b3bbb6e8ef9e9ec507\imem.$proc$../rtl/imem.v:0$2192'.
No latch inferred for signal `$paramod$b8444ee5d410294404e4c3b3bbb6e8ef9e9ec507\imem.$memwr$\mem$../rtl/imem.v:16$1801_EN' from process `$paramod$b8444ee5d410294404e4c3b3bbb6e8ef9e9ec507\imem.$proc$../rtl/imem.v:0$2192'.
No latch inferred for signal `$paramod$b8444ee5d410294404e4c3b3bbb6e8ef9e9ec507\imem.$memwr$\mem$../rtl/imem.v:16$1802_EN' from process `$paramod$b8444ee5d410294404e4c3b3bbb6e8ef9e9ec507\imem.$proc$../rtl/imem.v:0$2192'.
No latch inferred for signal `$paramod$b8444ee5d410294404e4c3b3bbb6e8ef9e9ec507\imem.$memwr$\mem$../rtl/imem.v:16$1803_EN' from process `$paramod$b8444ee5d410294404e4c3b3bbb6e8ef9e9ec507\imem.$proc$../rtl/imem.v:0$2192'.
No latch inferred for signal `$paramod$b8444ee5d410294404e4c3b3bbb6e8ef9e9ec507\imem.$memwr$\mem$../rtl/imem.v:16$1804_EN' from process `$paramod$b8444ee5d410294404e4c3b3bbb6e8ef9e9ec507\imem.$proc$../rtl/imem.v:0$2192'.
No latch inferred for signal `$paramod$b8444ee5d410294404e4c3b3bbb6e8ef9e9ec507\imem.$memwr$\mem$../rtl/imem.v:16$1805_EN' from process `$paramod$b8444ee5d410294404e4c3b3bbb6e8ef9e9ec507\imem.$proc$../rtl/imem.v:0$2192'.
No latch inferred for signal `$paramod$b8444ee5d410294404e4c3b3bbb6e8ef9e9ec507\imem.$memwr$\mem$../rtl/imem.v:16$1806_EN' from process `$paramod$b8444ee5d410294404e4c3b3bbb6e8ef9e9ec507\imem.$proc$../rtl/imem.v:0$2192'.
No latch inferred for signal `$paramod$b8444ee5d410294404e4c3b3bbb6e8ef9e9ec507\imem.$memwr$\mem$../rtl/imem.v:16$1807_EN' from process `$paramod$b8444ee5d410294404e4c3b3bbb6e8ef9e9ec507\imem.$proc$../rtl/imem.v:0$2192'.
No latch inferred for signal `$paramod$b8444ee5d410294404e4c3b3bbb6e8ef9e9ec507\imem.$memwr$\mem$../rtl/imem.v:16$1808_EN' from process `$paramod$b8444ee5d410294404e4c3b3bbb6e8ef9e9ec507\imem.$proc$../rtl/imem.v:0$2192'.
No latch inferred for signal `$paramod$b8444ee5d410294404e4c3b3bbb6e8ef9e9ec507\imem.$memwr$\mem$../rtl/imem.v:16$1809_EN' from process `$paramod$b8444ee5d410294404e4c3b3bbb6e8ef9e9ec507\imem.$proc$../rtl/imem.v:0$2192'.
No latch inferred for signal `$paramod$b8444ee5d410294404e4c3b3bbb6e8ef9e9ec507\imem.$memwr$\mem$../rtl/imem.v:16$1810_EN' from process `$paramod$b8444ee5d410294404e4c3b3bbb6e8ef9e9ec507\imem.$proc$../rtl/imem.v:0$2192'.
No latch inferred for signal `$paramod$b8444ee5d410294404e4c3b3bbb6e8ef9e9ec507\imem.$memwr$\mem$../rtl/imem.v:16$1811_EN' from process `$paramod$b8444ee5d410294404e4c3b3bbb6e8ef9e9ec507\imem.$proc$../rtl/imem.v:0$2192'.
No latch inferred for signal `$paramod$b8444ee5d410294404e4c3b3bbb6e8ef9e9ec507\imem.$memwr$\mem$../rtl/imem.v:16$1812_EN' from process `$paramod$b8444ee5d410294404e4c3b3bbb6e8ef9e9ec507\imem.$proc$../rtl/imem.v:0$2192'.
No latch inferred for signal `$paramod$b8444ee5d410294404e4c3b3bbb6e8ef9e9ec507\imem.$memwr$\mem$../rtl/imem.v:16$1813_EN' from process `$paramod$b8444ee5d410294404e4c3b3bbb6e8ef9e9ec507\imem.$proc$../rtl/imem.v:0$2192'.
No latch inferred for signal `$paramod$b8444ee5d410294404e4c3b3bbb6e8ef9e9ec507\imem.$memwr$\mem$../rtl/imem.v:16$1814_EN' from process `$paramod$b8444ee5d410294404e4c3b3bbb6e8ef9e9ec507\imem.$proc$../rtl/imem.v:0$2192'.
No latch inferred for signal `$paramod$b8444ee5d410294404e4c3b3bbb6e8ef9e9ec507\imem.$memwr$\mem$../rtl/imem.v:16$1815_EN' from process `$paramod$b8444ee5d410294404e4c3b3bbb6e8ef9e9ec507\imem.$proc$../rtl/imem.v:0$2192'.
No latch inferred for signal `$paramod$b8444ee5d410294404e4c3b3bbb6e8ef9e9ec507\imem.$memwr$\mem$../rtl/imem.v:16$1816_EN' from process `$paramod$b8444ee5d410294404e4c3b3bbb6e8ef9e9ec507\imem.$proc$../rtl/imem.v:0$2192'.
No latch inferred for signal `$paramod$b8444ee5d410294404e4c3b3bbb6e8ef9e9ec507\imem.$memwr$\mem$../rtl/imem.v:16$1817_EN' from process `$paramod$b8444ee5d410294404e4c3b3bbb6e8ef9e9ec507\imem.$proc$../rtl/imem.v:0$2192'.
No latch inferred for signal `$paramod$b8444ee5d410294404e4c3b3bbb6e8ef9e9ec507\imem.$memwr$\mem$../rtl/imem.v:16$1818_EN' from process `$paramod$b8444ee5d410294404e4c3b3bbb6e8ef9e9ec507\imem.$proc$../rtl/imem.v:0$2192'.
No latch inferred for signal `$paramod$b8444ee5d410294404e4c3b3bbb6e8ef9e9ec507\imem.$memwr$\mem$../rtl/imem.v:16$1819_EN' from process `$paramod$b8444ee5d410294404e4c3b3bbb6e8ef9e9ec507\imem.$proc$../rtl/imem.v:0$2192'.
No latch inferred for signal `$paramod$b8444ee5d410294404e4c3b3bbb6e8ef9e9ec507\imem.$memwr$\mem$../rtl/imem.v:16$1820_EN' from process `$paramod$b8444ee5d410294404e4c3b3bbb6e8ef9e9ec507\imem.$proc$../rtl/imem.v:0$2192'.
No latch inferred for signal `$paramod$b8444ee5d410294404e4c3b3bbb6e8ef9e9ec507\imem.$memwr$\mem$../rtl/imem.v:16$1821_EN' from process `$paramod$b8444ee5d410294404e4c3b3bbb6e8ef9e9ec507\imem.$proc$../rtl/imem.v:0$2192'.
No latch inferred for signal `$paramod$b8444ee5d410294404e4c3b3bbb6e8ef9e9ec507\imem.$memwr$\mem$../rtl/imem.v:16$1822_EN' from process `$paramod$b8444ee5d410294404e4c3b3bbb6e8ef9e9ec507\imem.$proc$../rtl/imem.v:0$2192'.
No latch inferred for signal `$paramod$b8444ee5d410294404e4c3b3bbb6e8ef9e9ec507\imem.$memwr$\mem$../rtl/imem.v:16$1823_EN' from process `$paramod$b8444ee5d410294404e4c3b3bbb6e8ef9e9ec507\imem.$proc$../rtl/imem.v:0$2192'.
No latch inferred for signal `$paramod$b8444ee5d410294404e4c3b3bbb6e8ef9e9ec507\imem.$memwr$\mem$../rtl/imem.v:16$1824_EN' from process `$paramod$b8444ee5d410294404e4c3b3bbb6e8ef9e9ec507\imem.$proc$../rtl/imem.v:0$2192'.
No latch inferred for signal `$paramod$b8444ee5d410294404e4c3b3bbb6e8ef9e9ec507\imem.$memwr$\mem$../rtl/imem.v:16$1825_EN' from process `$paramod$b8444ee5d410294404e4c3b3bbb6e8ef9e9ec507\imem.$proc$../rtl/imem.v:0$2192'.
No latch inferred for signal `$paramod$b8444ee5d410294404e4c3b3bbb6e8ef9e9ec507\imem.$memwr$\mem$../rtl/imem.v:16$1826_EN' from process `$paramod$b8444ee5d410294404e4c3b3bbb6e8ef9e9ec507\imem.$proc$../rtl/imem.v:0$2192'.
No latch inferred for signal `$paramod$b8444ee5d410294404e4c3b3bbb6e8ef9e9ec507\imem.$memwr$\mem$../rtl/imem.v:16$1827_EN' from process `$paramod$b8444ee5d410294404e4c3b3bbb6e8ef9e9ec507\imem.$proc$../rtl/imem.v:0$2192'.
No latch inferred for signal `$paramod$b8444ee5d410294404e4c3b3bbb6e8ef9e9ec507\imem.$memwr$\mem$../rtl/imem.v:16$1828_EN' from process `$paramod$b8444ee5d410294404e4c3b3bbb6e8ef9e9ec507\imem.$proc$../rtl/imem.v:0$2192'.
No latch inferred for signal `$paramod$b8444ee5d410294404e4c3b3bbb6e8ef9e9ec507\imem.$memwr$\mem$../rtl/imem.v:16$1829_EN' from process `$paramod$b8444ee5d410294404e4c3b3bbb6e8ef9e9ec507\imem.$proc$../rtl/imem.v:0$2192'.
No latch inferred for signal `$paramod$b8444ee5d410294404e4c3b3bbb6e8ef9e9ec507\imem.$memwr$\mem$../rtl/imem.v:16$1830_EN' from process `$paramod$b8444ee5d410294404e4c3b3bbb6e8ef9e9ec507\imem.$proc$../rtl/imem.v:0$2192'.
No latch inferred for signal `$paramod$b8444ee5d410294404e4c3b3bbb6e8ef9e9ec507\imem.$memwr$\mem$../rtl/imem.v:16$1831_EN' from process `$paramod$b8444ee5d410294404e4c3b3bbb6e8ef9e9ec507\imem.$proc$../rtl/imem.v:0$2192'.
No latch inferred for signal `$paramod$b8444ee5d410294404e4c3b3bbb6e8ef9e9ec507\imem.$memwr$\mem$../rtl/imem.v:16$1832_EN' from process `$paramod$b8444ee5d410294404e4c3b3bbb6e8ef9e9ec507\imem.$proc$../rtl/imem.v:0$2192'.
No latch inferred for signal `$paramod$b8444ee5d410294404e4c3b3bbb6e8ef9e9ec507\imem.$memwr$\mem$../rtl/imem.v:16$1833_EN' from process `$paramod$b8444ee5d410294404e4c3b3bbb6e8ef9e9ec507\imem.$proc$../rtl/imem.v:0$2192'.
No latch inferred for signal `$paramod$b8444ee5d410294404e4c3b3bbb6e8ef9e9ec507\imem.$memwr$\mem$../rtl/imem.v:16$1834_EN' from process `$paramod$b8444ee5d410294404e4c3b3bbb6e8ef9e9ec507\imem.$proc$../rtl/imem.v:0$2192'.
No latch inferred for signal `$paramod$b8444ee5d410294404e4c3b3bbb6e8ef9e9ec507\imem.$memwr$\mem$../rtl/imem.v:16$1835_EN' from process `$paramod$b8444ee5d410294404e4c3b3bbb6e8ef9e9ec507\imem.$proc$../rtl/imem.v:0$2192'.
No latch inferred for signal `$paramod$b8444ee5d410294404e4c3b3bbb6e8ef9e9ec507\imem.$memwr$\mem$../rtl/imem.v:16$1836_EN' from process `$paramod$b8444ee5d410294404e4c3b3bbb6e8ef9e9ec507\imem.$proc$../rtl/imem.v:0$2192'.
No latch inferred for signal `$paramod$b8444ee5d410294404e4c3b3bbb6e8ef9e9ec507\imem.$memwr$\mem$../rtl/imem.v:16$1837_EN' from process `$paramod$b8444ee5d410294404e4c3b3bbb6e8ef9e9ec507\imem.$proc$../rtl/imem.v:0$2192'.
No latch inferred for signal `$paramod$b8444ee5d410294404e4c3b3bbb6e8ef9e9ec507\imem.$memwr$\mem$../rtl/imem.v:16$1838_EN' from process `$paramod$b8444ee5d410294404e4c3b3bbb6e8ef9e9ec507\imem.$proc$../rtl/imem.v:0$2192'.
No latch inferred for signal `$paramod$b8444ee5d410294404e4c3b3bbb6e8ef9e9ec507\imem.$memwr$\mem$../rtl/imem.v:16$1839_EN' from process `$paramod$b8444ee5d410294404e4c3b3bbb6e8ef9e9ec507\imem.$proc$../rtl/imem.v:0$2192'.
No latch inferred for signal `$paramod$b8444ee5d410294404e4c3b3bbb6e8ef9e9ec507\imem.$memwr$\mem$../rtl/imem.v:16$1840_EN' from process `$paramod$b8444ee5d410294404e4c3b3bbb6e8ef9e9ec507\imem.$proc$../rtl/imem.v:0$2192'.
No latch inferred for signal `$paramod$b8444ee5d410294404e4c3b3bbb6e8ef9e9ec507\imem.$memwr$\mem$../rtl/imem.v:16$1841_EN' from process `$paramod$b8444ee5d410294404e4c3b3bbb6e8ef9e9ec507\imem.$proc$../rtl/imem.v:0$2192'.
No latch inferred for signal `$paramod$b8444ee5d410294404e4c3b3bbb6e8ef9e9ec507\imem.$memwr$\mem$../rtl/imem.v:16$1842_EN' from process `$paramod$b8444ee5d410294404e4c3b3bbb6e8ef9e9ec507\imem.$proc$../rtl/imem.v:0$2192'.
No latch inferred for signal `$paramod$b8444ee5d410294404e4c3b3bbb6e8ef9e9ec507\imem.$memwr$\mem$../rtl/imem.v:16$1843_EN' from process `$paramod$b8444ee5d410294404e4c3b3bbb6e8ef9e9ec507\imem.$proc$../rtl/imem.v:0$2192'.
No latch inferred for signal `$paramod$b8444ee5d410294404e4c3b3bbb6e8ef9e9ec507\imem.$memwr$\mem$../rtl/imem.v:16$1844_EN' from process `$paramod$b8444ee5d410294404e4c3b3bbb6e8ef9e9ec507\imem.$proc$../rtl/imem.v:0$2192'.
No latch inferred for signal `$paramod$b8444ee5d410294404e4c3b3bbb6e8ef9e9ec507\imem.$memwr$\mem$../rtl/imem.v:16$1845_EN' from process `$paramod$b8444ee5d410294404e4c3b3bbb6e8ef9e9ec507\imem.$proc$../rtl/imem.v:0$2192'.
No latch inferred for signal `$paramod$b8444ee5d410294404e4c3b3bbb6e8ef9e9ec507\imem.$memwr$\mem$../rtl/imem.v:16$1846_EN' from process `$paramod$b8444ee5d410294404e4c3b3bbb6e8ef9e9ec507\imem.$proc$../rtl/imem.v:0$2192'.
No latch inferred for signal `$paramod$b8444ee5d410294404e4c3b3bbb6e8ef9e9ec507\imem.$memwr$\mem$../rtl/imem.v:16$1847_EN' from process `$paramod$b8444ee5d410294404e4c3b3bbb6e8ef9e9ec507\imem.$proc$../rtl/imem.v:0$2192'.
No latch inferred for signal `$paramod$b8444ee5d410294404e4c3b3bbb6e8ef9e9ec507\imem.$memwr$\mem$../rtl/imem.v:16$1848_EN' from process `$paramod$b8444ee5d410294404e4c3b3bbb6e8ef9e9ec507\imem.$proc$../rtl/imem.v:0$2192'.
No latch inferred for signal `$paramod$b8444ee5d410294404e4c3b3bbb6e8ef9e9ec507\imem.$memwr$\mem$../rtl/imem.v:16$1849_EN' from process `$paramod$b8444ee5d410294404e4c3b3bbb6e8ef9e9ec507\imem.$proc$../rtl/imem.v:0$2192'.
No latch inferred for signal `$paramod$b8444ee5d410294404e4c3b3bbb6e8ef9e9ec507\imem.$memwr$\mem$../rtl/imem.v:16$1850_EN' from process `$paramod$b8444ee5d410294404e4c3b3bbb6e8ef9e9ec507\imem.$proc$../rtl/imem.v:0$2192'.
No latch inferred for signal `$paramod$b8444ee5d410294404e4c3b3bbb6e8ef9e9ec507\imem.$memwr$\mem$../rtl/imem.v:16$1851_EN' from process `$paramod$b8444ee5d410294404e4c3b3bbb6e8ef9e9ec507\imem.$proc$../rtl/imem.v:0$2192'.
No latch inferred for signal `$paramod$b8444ee5d410294404e4c3b3bbb6e8ef9e9ec507\imem.$memwr$\mem$../rtl/imem.v:16$1852_EN' from process `$paramod$b8444ee5d410294404e4c3b3bbb6e8ef9e9ec507\imem.$proc$../rtl/imem.v:0$2192'.
No latch inferred for signal `$paramod$b8444ee5d410294404e4c3b3bbb6e8ef9e9ec507\imem.$memwr$\mem$../rtl/imem.v:16$1853_EN' from process `$paramod$b8444ee5d410294404e4c3b3bbb6e8ef9e9ec507\imem.$proc$../rtl/imem.v:0$2192'.
No latch inferred for signal `$paramod$b8444ee5d410294404e4c3b3bbb6e8ef9e9ec507\imem.$memwr$\mem$../rtl/imem.v:16$1854_EN' from process `$paramod$b8444ee5d410294404e4c3b3bbb6e8ef9e9ec507\imem.$proc$../rtl/imem.v:0$2192'.
No latch inferred for signal `$paramod$b8444ee5d410294404e4c3b3bbb6e8ef9e9ec507\imem.$memwr$\mem$../rtl/imem.v:16$1855_EN' from process `$paramod$b8444ee5d410294404e4c3b3bbb6e8ef9e9ec507\imem.$proc$../rtl/imem.v:0$2192'.
No latch inferred for signal `$paramod$b8444ee5d410294404e4c3b3bbb6e8ef9e9ec507\imem.$memwr$\mem$../rtl/imem.v:16$1856_EN' from process `$paramod$b8444ee5d410294404e4c3b3bbb6e8ef9e9ec507\imem.$proc$../rtl/imem.v:0$2192'.
No latch inferred for signal `$paramod$b8444ee5d410294404e4c3b3bbb6e8ef9e9ec507\imem.$memwr$\mem$../rtl/imem.v:16$1857_EN' from process `$paramod$b8444ee5d410294404e4c3b3bbb6e8ef9e9ec507\imem.$proc$../rtl/imem.v:0$2192'.
No latch inferred for signal `$paramod$b8444ee5d410294404e4c3b3bbb6e8ef9e9ec507\imem.$memwr$\mem$../rtl/imem.v:16$1858_EN' from process `$paramod$b8444ee5d410294404e4c3b3bbb6e8ef9e9ec507\imem.$proc$../rtl/imem.v:0$2192'.
No latch inferred for signal `$paramod$b8444ee5d410294404e4c3b3bbb6e8ef9e9ec507\imem.$memwr$\mem$../rtl/imem.v:16$1859_EN' from process `$paramod$b8444ee5d410294404e4c3b3bbb6e8ef9e9ec507\imem.$proc$../rtl/imem.v:0$2192'.
No latch inferred for signal `$paramod$b8444ee5d410294404e4c3b3bbb6e8ef9e9ec507\imem.$memwr$\mem$../rtl/imem.v:16$1860_EN' from process `$paramod$b8444ee5d410294404e4c3b3bbb6e8ef9e9ec507\imem.$proc$../rtl/imem.v:0$2192'.
No latch inferred for signal `$paramod$b8444ee5d410294404e4c3b3bbb6e8ef9e9ec507\imem.$memwr$\mem$../rtl/imem.v:16$1861_EN' from process `$paramod$b8444ee5d410294404e4c3b3bbb6e8ef9e9ec507\imem.$proc$../rtl/imem.v:0$2192'.
No latch inferred for signal `$paramod$b8444ee5d410294404e4c3b3bbb6e8ef9e9ec507\imem.$memwr$\mem$../rtl/imem.v:16$1862_EN' from process `$paramod$b8444ee5d410294404e4c3b3bbb6e8ef9e9ec507\imem.$proc$../rtl/imem.v:0$2192'.
No latch inferred for signal `$paramod$b8444ee5d410294404e4c3b3bbb6e8ef9e9ec507\imem.$memwr$\mem$../rtl/imem.v:16$1863_EN' from process `$paramod$b8444ee5d410294404e4c3b3bbb6e8ef9e9ec507\imem.$proc$../rtl/imem.v:0$2192'.
No latch inferred for signal `$paramod$b8444ee5d410294404e4c3b3bbb6e8ef9e9ec507\imem.$memwr$\mem$../rtl/imem.v:16$1864_EN' from process `$paramod$b8444ee5d410294404e4c3b3bbb6e8ef9e9ec507\imem.$proc$../rtl/imem.v:0$2192'.
No latch inferred for signal `$paramod$b8444ee5d410294404e4c3b3bbb6e8ef9e9ec507\imem.$memwr$\mem$../rtl/imem.v:16$1865_EN' from process `$paramod$b8444ee5d410294404e4c3b3bbb6e8ef9e9ec507\imem.$proc$../rtl/imem.v:0$2192'.
No latch inferred for signal `$paramod$b8444ee5d410294404e4c3b3bbb6e8ef9e9ec507\imem.$memwr$\mem$../rtl/imem.v:16$1866_EN' from process `$paramod$b8444ee5d410294404e4c3b3bbb6e8ef9e9ec507\imem.$proc$../rtl/imem.v:0$2192'.
No latch inferred for signal `$paramod$b8444ee5d410294404e4c3b3bbb6e8ef9e9ec507\imem.$memwr$\mem$../rtl/imem.v:16$1867_EN' from process `$paramod$b8444ee5d410294404e4c3b3bbb6e8ef9e9ec507\imem.$proc$../rtl/imem.v:0$2192'.
No latch inferred for signal `$paramod$b8444ee5d410294404e4c3b3bbb6e8ef9e9ec507\imem.$memwr$\mem$../rtl/imem.v:16$1868_EN' from process `$paramod$b8444ee5d410294404e4c3b3bbb6e8ef9e9ec507\imem.$proc$../rtl/imem.v:0$2192'.
No latch inferred for signal `$paramod$b8444ee5d410294404e4c3b3bbb6e8ef9e9ec507\imem.$memwr$\mem$../rtl/imem.v:16$1869_EN' from process `$paramod$b8444ee5d410294404e4c3b3bbb6e8ef9e9ec507\imem.$proc$../rtl/imem.v:0$2192'.
No latch inferred for signal `$paramod$b8444ee5d410294404e4c3b3bbb6e8ef9e9ec507\imem.$memwr$\mem$../rtl/imem.v:16$1870_EN' from process `$paramod$b8444ee5d410294404e4c3b3bbb6e8ef9e9ec507\imem.$proc$../rtl/imem.v:0$2192'.
No latch inferred for signal `$paramod$b8444ee5d410294404e4c3b3bbb6e8ef9e9ec507\imem.$memwr$\mem$../rtl/imem.v:16$1871_EN' from process `$paramod$b8444ee5d410294404e4c3b3bbb6e8ef9e9ec507\imem.$proc$../rtl/imem.v:0$2192'.
No latch inferred for signal `$paramod$b8444ee5d410294404e4c3b3bbb6e8ef9e9ec507\imem.$memwr$\mem$../rtl/imem.v:16$1872_EN' from process `$paramod$b8444ee5d410294404e4c3b3bbb6e8ef9e9ec507\imem.$proc$../rtl/imem.v:0$2192'.
No latch inferred for signal `$paramod$b8444ee5d410294404e4c3b3bbb6e8ef9e9ec507\imem.$memwr$\mem$../rtl/imem.v:16$1873_EN' from process `$paramod$b8444ee5d410294404e4c3b3bbb6e8ef9e9ec507\imem.$proc$../rtl/imem.v:0$2192'.
No latch inferred for signal `$paramod$b8444ee5d410294404e4c3b3bbb6e8ef9e9ec507\imem.$memwr$\mem$../rtl/imem.v:16$1874_EN' from process `$paramod$b8444ee5d410294404e4c3b3bbb6e8ef9e9ec507\imem.$proc$../rtl/imem.v:0$2192'.
No latch inferred for signal `$paramod$b8444ee5d410294404e4c3b3bbb6e8ef9e9ec507\imem.$memwr$\mem$../rtl/imem.v:16$1875_EN' from process `$paramod$b8444ee5d410294404e4c3b3bbb6e8ef9e9ec507\imem.$proc$../rtl/imem.v:0$2192'.
No latch inferred for signal `$paramod$b8444ee5d410294404e4c3b3bbb6e8ef9e9ec507\imem.$memwr$\mem$../rtl/imem.v:16$1876_EN' from process `$paramod$b8444ee5d410294404e4c3b3bbb6e8ef9e9ec507\imem.$proc$../rtl/imem.v:0$2192'.
No latch inferred for signal `$paramod$b8444ee5d410294404e4c3b3bbb6e8ef9e9ec507\imem.$memwr$\mem$../rtl/imem.v:16$1877_EN' from process `$paramod$b8444ee5d410294404e4c3b3bbb6e8ef9e9ec507\imem.$proc$../rtl/imem.v:0$2192'.
No latch inferred for signal `$paramod$b8444ee5d410294404e4c3b3bbb6e8ef9e9ec507\imem.$memwr$\mem$../rtl/imem.v:16$1878_EN' from process `$paramod$b8444ee5d410294404e4c3b3bbb6e8ef9e9ec507\imem.$proc$../rtl/imem.v:0$2192'.
No latch inferred for signal `$paramod$b8444ee5d410294404e4c3b3bbb6e8ef9e9ec507\imem.$memwr$\mem$../rtl/imem.v:16$1879_EN' from process `$paramod$b8444ee5d410294404e4c3b3bbb6e8ef9e9ec507\imem.$proc$../rtl/imem.v:0$2192'.
No latch inferred for signal `$paramod$b8444ee5d410294404e4c3b3bbb6e8ef9e9ec507\imem.$memwr$\mem$../rtl/imem.v:16$1880_EN' from process `$paramod$b8444ee5d410294404e4c3b3bbb6e8ef9e9ec507\imem.$proc$../rtl/imem.v:0$2192'.
No latch inferred for signal `$paramod$b8444ee5d410294404e4c3b3bbb6e8ef9e9ec507\imem.$memwr$\mem$../rtl/imem.v:16$1881_EN' from process `$paramod$b8444ee5d410294404e4c3b3bbb6e8ef9e9ec507\imem.$proc$../rtl/imem.v:0$2192'.
No latch inferred for signal `$paramod$b8444ee5d410294404e4c3b3bbb6e8ef9e9ec507\imem.$memwr$\mem$../rtl/imem.v:16$1882_EN' from process `$paramod$b8444ee5d410294404e4c3b3bbb6e8ef9e9ec507\imem.$proc$../rtl/imem.v:0$2192'.
No latch inferred for signal `$paramod$b8444ee5d410294404e4c3b3bbb6e8ef9e9ec507\imem.$memwr$\mem$../rtl/imem.v:16$1883_EN' from process `$paramod$b8444ee5d410294404e4c3b3bbb6e8ef9e9ec507\imem.$proc$../rtl/imem.v:0$2192'.
No latch inferred for signal `$paramod$b8444ee5d410294404e4c3b3bbb6e8ef9e9ec507\imem.$memwr$\mem$../rtl/imem.v:16$1884_EN' from process `$paramod$b8444ee5d410294404e4c3b3bbb6e8ef9e9ec507\imem.$proc$../rtl/imem.v:0$2192'.
No latch inferred for signal `$paramod$b8444ee5d410294404e4c3b3bbb6e8ef9e9ec507\imem.$memwr$\mem$../rtl/imem.v:16$1885_EN' from process `$paramod$b8444ee5d410294404e4c3b3bbb6e8ef9e9ec507\imem.$proc$../rtl/imem.v:0$2192'.
No latch inferred for signal `$paramod$b8444ee5d410294404e4c3b3bbb6e8ef9e9ec507\imem.$memwr$\mem$../rtl/imem.v:16$1886_EN' from process `$paramod$b8444ee5d410294404e4c3b3bbb6e8ef9e9ec507\imem.$proc$../rtl/imem.v:0$2192'.
No latch inferred for signal `$paramod$b8444ee5d410294404e4c3b3bbb6e8ef9e9ec507\imem.$memwr$\mem$../rtl/imem.v:16$1887_EN' from process `$paramod$b8444ee5d410294404e4c3b3bbb6e8ef9e9ec507\imem.$proc$../rtl/imem.v:0$2192'.
No latch inferred for signal `$paramod$b8444ee5d410294404e4c3b3bbb6e8ef9e9ec507\imem.$memwr$\mem$../rtl/imem.v:16$1888_EN' from process `$paramod$b8444ee5d410294404e4c3b3bbb6e8ef9e9ec507\imem.$proc$../rtl/imem.v:0$2192'.
No latch inferred for signal `$paramod$b8444ee5d410294404e4c3b3bbb6e8ef9e9ec507\imem.$memwr$\mem$../rtl/imem.v:16$1889_EN' from process `$paramod$b8444ee5d410294404e4c3b3bbb6e8ef9e9ec507\imem.$proc$../rtl/imem.v:0$2192'.
No latch inferred for signal `$paramod$b8444ee5d410294404e4c3b3bbb6e8ef9e9ec507\imem.$memwr$\mem$../rtl/imem.v:16$1890_EN' from process `$paramod$b8444ee5d410294404e4c3b3bbb6e8ef9e9ec507\imem.$proc$../rtl/imem.v:0$2192'.
No latch inferred for signal `$paramod$b8444ee5d410294404e4c3b3bbb6e8ef9e9ec507\imem.$memwr$\mem$../rtl/imem.v:16$1891_EN' from process `$paramod$b8444ee5d410294404e4c3b3bbb6e8ef9e9ec507\imem.$proc$../rtl/imem.v:0$2192'.
No latch inferred for signal `$paramod$b8444ee5d410294404e4c3b3bbb6e8ef9e9ec507\imem.$memwr$\mem$../rtl/imem.v:16$1892_EN' from process `$paramod$b8444ee5d410294404e4c3b3bbb6e8ef9e9ec507\imem.$proc$../rtl/imem.v:0$2192'.
No latch inferred for signal `$paramod$b8444ee5d410294404e4c3b3bbb6e8ef9e9ec507\imem.$memwr$\mem$../rtl/imem.v:16$1893_EN' from process `$paramod$b8444ee5d410294404e4c3b3bbb6e8ef9e9ec507\imem.$proc$../rtl/imem.v:0$2192'.
No latch inferred for signal `$paramod$b8444ee5d410294404e4c3b3bbb6e8ef9e9ec507\imem.$memwr$\mem$../rtl/imem.v:16$1894_EN' from process `$paramod$b8444ee5d410294404e4c3b3bbb6e8ef9e9ec507\imem.$proc$../rtl/imem.v:0$2192'.
No latch inferred for signal `$paramod$b8444ee5d410294404e4c3b3bbb6e8ef9e9ec507\imem.$memwr$\mem$../rtl/imem.v:16$1895_EN' from process `$paramod$b8444ee5d410294404e4c3b3bbb6e8ef9e9ec507\imem.$proc$../rtl/imem.v:0$2192'.
No latch inferred for signal `$paramod$b8444ee5d410294404e4c3b3bbb6e8ef9e9ec507\imem.$memwr$\mem$../rtl/imem.v:16$1896_EN' from process `$paramod$b8444ee5d410294404e4c3b3bbb6e8ef9e9ec507\imem.$proc$../rtl/imem.v:0$2192'.
No latch inferred for signal `$paramod$b8444ee5d410294404e4c3b3bbb6e8ef9e9ec507\imem.$memwr$\mem$../rtl/imem.v:16$1897_EN' from process `$paramod$b8444ee5d410294404e4c3b3bbb6e8ef9e9ec507\imem.$proc$../rtl/imem.v:0$2192'.
No latch inferred for signal `$paramod$b8444ee5d410294404e4c3b3bbb6e8ef9e9ec507\imem.$memwr$\mem$../rtl/imem.v:16$1898_EN' from process `$paramod$b8444ee5d410294404e4c3b3bbb6e8ef9e9ec507\imem.$proc$../rtl/imem.v:0$2192'.
No latch inferred for signal `$paramod$b8444ee5d410294404e4c3b3bbb6e8ef9e9ec507\imem.$memwr$\mem$../rtl/imem.v:16$1899_EN' from process `$paramod$b8444ee5d410294404e4c3b3bbb6e8ef9e9ec507\imem.$proc$../rtl/imem.v:0$2192'.
No latch inferred for signal `$paramod$b8444ee5d410294404e4c3b3bbb6e8ef9e9ec507\imem.$memwr$\mem$../rtl/imem.v:16$1900_EN' from process `$paramod$b8444ee5d410294404e4c3b3bbb6e8ef9e9ec507\imem.$proc$../rtl/imem.v:0$2192'.
No latch inferred for signal `$paramod$b8444ee5d410294404e4c3b3bbb6e8ef9e9ec507\imem.$memwr$\mem$../rtl/imem.v:16$1901_EN' from process `$paramod$b8444ee5d410294404e4c3b3bbb6e8ef9e9ec507\imem.$proc$../rtl/imem.v:0$2192'.
No latch inferred for signal `$paramod$b8444ee5d410294404e4c3b3bbb6e8ef9e9ec507\imem.$memwr$\mem$../rtl/imem.v:16$1902_EN' from process `$paramod$b8444ee5d410294404e4c3b3bbb6e8ef9e9ec507\imem.$proc$../rtl/imem.v:0$2192'.
No latch inferred for signal `$paramod$b8444ee5d410294404e4c3b3bbb6e8ef9e9ec507\imem.$memwr$\mem$../rtl/imem.v:16$1903_EN' from process `$paramod$b8444ee5d410294404e4c3b3bbb6e8ef9e9ec507\imem.$proc$../rtl/imem.v:0$2192'.
No latch inferred for signal `$paramod$b8444ee5d410294404e4c3b3bbb6e8ef9e9ec507\imem.$memwr$\mem$../rtl/imem.v:16$1904_EN' from process `$paramod$b8444ee5d410294404e4c3b3bbb6e8ef9e9ec507\imem.$proc$../rtl/imem.v:0$2192'.
No latch inferred for signal `$paramod$b8444ee5d410294404e4c3b3bbb6e8ef9e9ec507\imem.$memwr$\mem$../rtl/imem.v:16$1905_EN' from process `$paramod$b8444ee5d410294404e4c3b3bbb6e8ef9e9ec507\imem.$proc$../rtl/imem.v:0$2192'.
No latch inferred for signal `$paramod$b8444ee5d410294404e4c3b3bbb6e8ef9e9ec507\imem.$memwr$\mem$../rtl/imem.v:16$1906_EN' from process `$paramod$b8444ee5d410294404e4c3b3bbb6e8ef9e9ec507\imem.$proc$../rtl/imem.v:0$2192'.
No latch inferred for signal `$paramod$b8444ee5d410294404e4c3b3bbb6e8ef9e9ec507\imem.$memwr$\mem$../rtl/imem.v:16$1907_EN' from process `$paramod$b8444ee5d410294404e4c3b3bbb6e8ef9e9ec507\imem.$proc$../rtl/imem.v:0$2192'.
No latch inferred for signal `$paramod$b8444ee5d410294404e4c3b3bbb6e8ef9e9ec507\imem.$memwr$\mem$../rtl/imem.v:16$1908_EN' from process `$paramod$b8444ee5d410294404e4c3b3bbb6e8ef9e9ec507\imem.$proc$../rtl/imem.v:0$2192'.
No latch inferred for signal `$paramod$b8444ee5d410294404e4c3b3bbb6e8ef9e9ec507\imem.$memwr$\mem$../rtl/imem.v:16$1909_EN' from process `$paramod$b8444ee5d410294404e4c3b3bbb6e8ef9e9ec507\imem.$proc$../rtl/imem.v:0$2192'.
No latch inferred for signal `$paramod$b8444ee5d410294404e4c3b3bbb6e8ef9e9ec507\imem.$memwr$\mem$../rtl/imem.v:16$1910_EN' from process `$paramod$b8444ee5d410294404e4c3b3bbb6e8ef9e9ec507\imem.$proc$../rtl/imem.v:0$2192'.
No latch inferred for signal `$paramod$b8444ee5d410294404e4c3b3bbb6e8ef9e9ec507\imem.$memwr$\mem$../rtl/imem.v:16$1911_EN' from process `$paramod$b8444ee5d410294404e4c3b3bbb6e8ef9e9ec507\imem.$proc$../rtl/imem.v:0$2192'.
No latch inferred for signal `$paramod$b8444ee5d410294404e4c3b3bbb6e8ef9e9ec507\imem.$memwr$\mem$../rtl/imem.v:16$1912_EN' from process `$paramod$b8444ee5d410294404e4c3b3bbb6e8ef9e9ec507\imem.$proc$../rtl/imem.v:0$2192'.
No latch inferred for signal `$paramod$b8444ee5d410294404e4c3b3bbb6e8ef9e9ec507\imem.$memwr$\mem$../rtl/imem.v:16$1913_EN' from process `$paramod$b8444ee5d410294404e4c3b3bbb6e8ef9e9ec507\imem.$proc$../rtl/imem.v:0$2192'.
No latch inferred for signal `$paramod$b8444ee5d410294404e4c3b3bbb6e8ef9e9ec507\imem.$memwr$\mem$../rtl/imem.v:16$1914_EN' from process `$paramod$b8444ee5d410294404e4c3b3bbb6e8ef9e9ec507\imem.$proc$../rtl/imem.v:0$2192'.
No latch inferred for signal `$paramod$b8444ee5d410294404e4c3b3bbb6e8ef9e9ec507\imem.$memwr$\mem$../rtl/imem.v:16$1915_EN' from process `$paramod$b8444ee5d410294404e4c3b3bbb6e8ef9e9ec507\imem.$proc$../rtl/imem.v:0$2192'.
No latch inferred for signal `$paramod$b8444ee5d410294404e4c3b3bbb6e8ef9e9ec507\imem.$memwr$\mem$../rtl/imem.v:16$1916_EN' from process `$paramod$b8444ee5d410294404e4c3b3bbb6e8ef9e9ec507\imem.$proc$../rtl/imem.v:0$2192'.
No latch inferred for signal `$paramod$b8444ee5d410294404e4c3b3bbb6e8ef9e9ec507\imem.$memwr$\mem$../rtl/imem.v:16$1917_EN' from process `$paramod$b8444ee5d410294404e4c3b3bbb6e8ef9e9ec507\imem.$proc$../rtl/imem.v:0$2192'.
No latch inferred for signal `$paramod$b8444ee5d410294404e4c3b3bbb6e8ef9e9ec507\imem.$memwr$\mem$../rtl/imem.v:16$1918_EN' from process `$paramod$b8444ee5d410294404e4c3b3bbb6e8ef9e9ec507\imem.$proc$../rtl/imem.v:0$2192'.
No latch inferred for signal `$paramod$b8444ee5d410294404e4c3b3bbb6e8ef9e9ec507\imem.$memwr$\mem$../rtl/imem.v:16$1919_EN' from process `$paramod$b8444ee5d410294404e4c3b3bbb6e8ef9e9ec507\imem.$proc$../rtl/imem.v:0$2192'.
No latch inferred for signal `$paramod$b8444ee5d410294404e4c3b3bbb6e8ef9e9ec507\imem.$memwr$\mem$../rtl/imem.v:16$1920_EN' from process `$paramod$b8444ee5d410294404e4c3b3bbb6e8ef9e9ec507\imem.$proc$../rtl/imem.v:0$2192'.
No latch inferred for signal `$paramod$b8444ee5d410294404e4c3b3bbb6e8ef9e9ec507\imem.$memwr$\mem$../rtl/imem.v:16$1921_EN' from process `$paramod$b8444ee5d410294404e4c3b3bbb6e8ef9e9ec507\imem.$proc$../rtl/imem.v:0$2192'.
No latch inferred for signal `$paramod$b8444ee5d410294404e4c3b3bbb6e8ef9e9ec507\imem.$memwr$\mem$../rtl/imem.v:16$1922_EN' from process `$paramod$b8444ee5d410294404e4c3b3bbb6e8ef9e9ec507\imem.$proc$../rtl/imem.v:0$2192'.
No latch inferred for signal `$paramod$b8444ee5d410294404e4c3b3bbb6e8ef9e9ec507\imem.$memwr$\mem$../rtl/imem.v:16$1923_EN' from process `$paramod$b8444ee5d410294404e4c3b3bbb6e8ef9e9ec507\imem.$proc$../rtl/imem.v:0$2192'.
No latch inferred for signal `$paramod$b8444ee5d410294404e4c3b3bbb6e8ef9e9ec507\imem.$memwr$\mem$../rtl/imem.v:16$1924_EN' from process `$paramod$b8444ee5d410294404e4c3b3bbb6e8ef9e9ec507\imem.$proc$../rtl/imem.v:0$2192'.
No latch inferred for signal `$paramod$b8444ee5d410294404e4c3b3bbb6e8ef9e9ec507\imem.$memwr$\mem$../rtl/imem.v:16$1925_EN' from process `$paramod$b8444ee5d410294404e4c3b3bbb6e8ef9e9ec507\imem.$proc$../rtl/imem.v:0$2192'.
No latch inferred for signal `\dmem.\i' from process `\dmem.$proc$../rtl/dmem.v:0$564'.
No latch inferred for signal `\dmem.$memwr$\mem$../rtl/dmem.v:15$43_EN' from process `\dmem.$proc$../rtl/dmem.v:0$564'.
No latch inferred for signal `\dmem.$memwr$\mem$../rtl/dmem.v:15$44_EN' from process `\dmem.$proc$../rtl/dmem.v:0$564'.
No latch inferred for signal `\dmem.$memwr$\mem$../rtl/dmem.v:15$45_EN' from process `\dmem.$proc$../rtl/dmem.v:0$564'.
No latch inferred for signal `\dmem.$memwr$\mem$../rtl/dmem.v:15$46_EN' from process `\dmem.$proc$../rtl/dmem.v:0$564'.
No latch inferred for signal `\dmem.$memwr$\mem$../rtl/dmem.v:15$47_EN' from process `\dmem.$proc$../rtl/dmem.v:0$564'.
No latch inferred for signal `\dmem.$memwr$\mem$../rtl/dmem.v:15$48_EN' from process `\dmem.$proc$../rtl/dmem.v:0$564'.
No latch inferred for signal `\dmem.$memwr$\mem$../rtl/dmem.v:15$49_EN' from process `\dmem.$proc$../rtl/dmem.v:0$564'.
No latch inferred for signal `\dmem.$memwr$\mem$../rtl/dmem.v:15$50_EN' from process `\dmem.$proc$../rtl/dmem.v:0$564'.
No latch inferred for signal `\dmem.$memwr$\mem$../rtl/dmem.v:15$51_EN' from process `\dmem.$proc$../rtl/dmem.v:0$564'.
No latch inferred for signal `\dmem.$memwr$\mem$../rtl/dmem.v:15$52_EN' from process `\dmem.$proc$../rtl/dmem.v:0$564'.
No latch inferred for signal `\dmem.$memwr$\mem$../rtl/dmem.v:15$53_EN' from process `\dmem.$proc$../rtl/dmem.v:0$564'.
No latch inferred for signal `\dmem.$memwr$\mem$../rtl/dmem.v:15$54_EN' from process `\dmem.$proc$../rtl/dmem.v:0$564'.
No latch inferred for signal `\dmem.$memwr$\mem$../rtl/dmem.v:15$55_EN' from process `\dmem.$proc$../rtl/dmem.v:0$564'.
No latch inferred for signal `\dmem.$memwr$\mem$../rtl/dmem.v:15$56_EN' from process `\dmem.$proc$../rtl/dmem.v:0$564'.
No latch inferred for signal `\dmem.$memwr$\mem$../rtl/dmem.v:15$57_EN' from process `\dmem.$proc$../rtl/dmem.v:0$564'.
No latch inferred for signal `\dmem.$memwr$\mem$../rtl/dmem.v:15$58_EN' from process `\dmem.$proc$../rtl/dmem.v:0$564'.
No latch inferred for signal `\dmem.$memwr$\mem$../rtl/dmem.v:15$59_EN' from process `\dmem.$proc$../rtl/dmem.v:0$564'.
No latch inferred for signal `\dmem.$memwr$\mem$../rtl/dmem.v:15$60_EN' from process `\dmem.$proc$../rtl/dmem.v:0$564'.
No latch inferred for signal `\dmem.$memwr$\mem$../rtl/dmem.v:15$61_EN' from process `\dmem.$proc$../rtl/dmem.v:0$564'.
No latch inferred for signal `\dmem.$memwr$\mem$../rtl/dmem.v:15$62_EN' from process `\dmem.$proc$../rtl/dmem.v:0$564'.
No latch inferred for signal `\dmem.$memwr$\mem$../rtl/dmem.v:15$63_EN' from process `\dmem.$proc$../rtl/dmem.v:0$564'.
No latch inferred for signal `\dmem.$memwr$\mem$../rtl/dmem.v:15$64_EN' from process `\dmem.$proc$../rtl/dmem.v:0$564'.
No latch inferred for signal `\dmem.$memwr$\mem$../rtl/dmem.v:15$65_EN' from process `\dmem.$proc$../rtl/dmem.v:0$564'.
No latch inferred for signal `\dmem.$memwr$\mem$../rtl/dmem.v:15$66_EN' from process `\dmem.$proc$../rtl/dmem.v:0$564'.
No latch inferred for signal `\dmem.$memwr$\mem$../rtl/dmem.v:15$67_EN' from process `\dmem.$proc$../rtl/dmem.v:0$564'.
No latch inferred for signal `\dmem.$memwr$\mem$../rtl/dmem.v:15$68_EN' from process `\dmem.$proc$../rtl/dmem.v:0$564'.
No latch inferred for signal `\dmem.$memwr$\mem$../rtl/dmem.v:15$69_EN' from process `\dmem.$proc$../rtl/dmem.v:0$564'.
No latch inferred for signal `\dmem.$memwr$\mem$../rtl/dmem.v:15$70_EN' from process `\dmem.$proc$../rtl/dmem.v:0$564'.
No latch inferred for signal `\dmem.$memwr$\mem$../rtl/dmem.v:15$71_EN' from process `\dmem.$proc$../rtl/dmem.v:0$564'.
No latch inferred for signal `\dmem.$memwr$\mem$../rtl/dmem.v:15$72_EN' from process `\dmem.$proc$../rtl/dmem.v:0$564'.
No latch inferred for signal `\dmem.$memwr$\mem$../rtl/dmem.v:15$73_EN' from process `\dmem.$proc$../rtl/dmem.v:0$564'.
No latch inferred for signal `\dmem.$memwr$\mem$../rtl/dmem.v:15$74_EN' from process `\dmem.$proc$../rtl/dmem.v:0$564'.
No latch inferred for signal `\dmem.$memwr$\mem$../rtl/dmem.v:15$75_EN' from process `\dmem.$proc$../rtl/dmem.v:0$564'.
No latch inferred for signal `\dmem.$memwr$\mem$../rtl/dmem.v:15$76_EN' from process `\dmem.$proc$../rtl/dmem.v:0$564'.
No latch inferred for signal `\dmem.$memwr$\mem$../rtl/dmem.v:15$77_EN' from process `\dmem.$proc$../rtl/dmem.v:0$564'.
No latch inferred for signal `\dmem.$memwr$\mem$../rtl/dmem.v:15$78_EN' from process `\dmem.$proc$../rtl/dmem.v:0$564'.
No latch inferred for signal `\dmem.$memwr$\mem$../rtl/dmem.v:15$79_EN' from process `\dmem.$proc$../rtl/dmem.v:0$564'.
No latch inferred for signal `\dmem.$memwr$\mem$../rtl/dmem.v:15$80_EN' from process `\dmem.$proc$../rtl/dmem.v:0$564'.
No latch inferred for signal `\dmem.$memwr$\mem$../rtl/dmem.v:15$81_EN' from process `\dmem.$proc$../rtl/dmem.v:0$564'.
No latch inferred for signal `\dmem.$memwr$\mem$../rtl/dmem.v:15$82_EN' from process `\dmem.$proc$../rtl/dmem.v:0$564'.
No latch inferred for signal `\dmem.$memwr$\mem$../rtl/dmem.v:15$83_EN' from process `\dmem.$proc$../rtl/dmem.v:0$564'.
No latch inferred for signal `\dmem.$memwr$\mem$../rtl/dmem.v:15$84_EN' from process `\dmem.$proc$../rtl/dmem.v:0$564'.
No latch inferred for signal `\dmem.$memwr$\mem$../rtl/dmem.v:15$85_EN' from process `\dmem.$proc$../rtl/dmem.v:0$564'.
No latch inferred for signal `\dmem.$memwr$\mem$../rtl/dmem.v:15$86_EN' from process `\dmem.$proc$../rtl/dmem.v:0$564'.
No latch inferred for signal `\dmem.$memwr$\mem$../rtl/dmem.v:15$87_EN' from process `\dmem.$proc$../rtl/dmem.v:0$564'.
No latch inferred for signal `\dmem.$memwr$\mem$../rtl/dmem.v:15$88_EN' from process `\dmem.$proc$../rtl/dmem.v:0$564'.
No latch inferred for signal `\dmem.$memwr$\mem$../rtl/dmem.v:15$89_EN' from process `\dmem.$proc$../rtl/dmem.v:0$564'.
No latch inferred for signal `\dmem.$memwr$\mem$../rtl/dmem.v:15$90_EN' from process `\dmem.$proc$../rtl/dmem.v:0$564'.
No latch inferred for signal `\dmem.$memwr$\mem$../rtl/dmem.v:15$91_EN' from process `\dmem.$proc$../rtl/dmem.v:0$564'.
No latch inferred for signal `\dmem.$memwr$\mem$../rtl/dmem.v:15$92_EN' from process `\dmem.$proc$../rtl/dmem.v:0$564'.
No latch inferred for signal `\dmem.$memwr$\mem$../rtl/dmem.v:15$93_EN' from process `\dmem.$proc$../rtl/dmem.v:0$564'.
No latch inferred for signal `\dmem.$memwr$\mem$../rtl/dmem.v:15$94_EN' from process `\dmem.$proc$../rtl/dmem.v:0$564'.
No latch inferred for signal `\dmem.$memwr$\mem$../rtl/dmem.v:15$95_EN' from process `\dmem.$proc$../rtl/dmem.v:0$564'.
No latch inferred for signal `\dmem.$memwr$\mem$../rtl/dmem.v:15$96_EN' from process `\dmem.$proc$../rtl/dmem.v:0$564'.
No latch inferred for signal `\dmem.$memwr$\mem$../rtl/dmem.v:15$97_EN' from process `\dmem.$proc$../rtl/dmem.v:0$564'.
No latch inferred for signal `\dmem.$memwr$\mem$../rtl/dmem.v:15$98_EN' from process `\dmem.$proc$../rtl/dmem.v:0$564'.
No latch inferred for signal `\dmem.$memwr$\mem$../rtl/dmem.v:15$99_EN' from process `\dmem.$proc$../rtl/dmem.v:0$564'.
No latch inferred for signal `\dmem.$memwr$\mem$../rtl/dmem.v:15$100_EN' from process `\dmem.$proc$../rtl/dmem.v:0$564'.
No latch inferred for signal `\dmem.$memwr$\mem$../rtl/dmem.v:15$101_EN' from process `\dmem.$proc$../rtl/dmem.v:0$564'.
No latch inferred for signal `\dmem.$memwr$\mem$../rtl/dmem.v:15$102_EN' from process `\dmem.$proc$../rtl/dmem.v:0$564'.
No latch inferred for signal `\dmem.$memwr$\mem$../rtl/dmem.v:15$103_EN' from process `\dmem.$proc$../rtl/dmem.v:0$564'.
No latch inferred for signal `\dmem.$memwr$\mem$../rtl/dmem.v:15$104_EN' from process `\dmem.$proc$../rtl/dmem.v:0$564'.
No latch inferred for signal `\dmem.$memwr$\mem$../rtl/dmem.v:15$105_EN' from process `\dmem.$proc$../rtl/dmem.v:0$564'.
No latch inferred for signal `\dmem.$memwr$\mem$../rtl/dmem.v:15$106_EN' from process `\dmem.$proc$../rtl/dmem.v:0$564'.
No latch inferred for signal `\dmem.$memwr$\mem$../rtl/dmem.v:15$107_EN' from process `\dmem.$proc$../rtl/dmem.v:0$564'.
No latch inferred for signal `\dmem.$memwr$\mem$../rtl/dmem.v:15$108_EN' from process `\dmem.$proc$../rtl/dmem.v:0$564'.
No latch inferred for signal `\dmem.$memwr$\mem$../rtl/dmem.v:15$109_EN' from process `\dmem.$proc$../rtl/dmem.v:0$564'.
No latch inferred for signal `\dmem.$memwr$\mem$../rtl/dmem.v:15$110_EN' from process `\dmem.$proc$../rtl/dmem.v:0$564'.
No latch inferred for signal `\dmem.$memwr$\mem$../rtl/dmem.v:15$111_EN' from process `\dmem.$proc$../rtl/dmem.v:0$564'.
No latch inferred for signal `\dmem.$memwr$\mem$../rtl/dmem.v:15$112_EN' from process `\dmem.$proc$../rtl/dmem.v:0$564'.
No latch inferred for signal `\dmem.$memwr$\mem$../rtl/dmem.v:15$113_EN' from process `\dmem.$proc$../rtl/dmem.v:0$564'.
No latch inferred for signal `\dmem.$memwr$\mem$../rtl/dmem.v:15$114_EN' from process `\dmem.$proc$../rtl/dmem.v:0$564'.
No latch inferred for signal `\dmem.$memwr$\mem$../rtl/dmem.v:15$115_EN' from process `\dmem.$proc$../rtl/dmem.v:0$564'.
No latch inferred for signal `\dmem.$memwr$\mem$../rtl/dmem.v:15$116_EN' from process `\dmem.$proc$../rtl/dmem.v:0$564'.
No latch inferred for signal `\dmem.$memwr$\mem$../rtl/dmem.v:15$117_EN' from process `\dmem.$proc$../rtl/dmem.v:0$564'.
No latch inferred for signal `\dmem.$memwr$\mem$../rtl/dmem.v:15$118_EN' from process `\dmem.$proc$../rtl/dmem.v:0$564'.
No latch inferred for signal `\dmem.$memwr$\mem$../rtl/dmem.v:15$119_EN' from process `\dmem.$proc$../rtl/dmem.v:0$564'.
No latch inferred for signal `\dmem.$memwr$\mem$../rtl/dmem.v:15$120_EN' from process `\dmem.$proc$../rtl/dmem.v:0$564'.
No latch inferred for signal `\dmem.$memwr$\mem$../rtl/dmem.v:15$121_EN' from process `\dmem.$proc$../rtl/dmem.v:0$564'.
No latch inferred for signal `\dmem.$memwr$\mem$../rtl/dmem.v:15$122_EN' from process `\dmem.$proc$../rtl/dmem.v:0$564'.
No latch inferred for signal `\dmem.$memwr$\mem$../rtl/dmem.v:15$123_EN' from process `\dmem.$proc$../rtl/dmem.v:0$564'.
No latch inferred for signal `\dmem.$memwr$\mem$../rtl/dmem.v:15$124_EN' from process `\dmem.$proc$../rtl/dmem.v:0$564'.
No latch inferred for signal `\dmem.$memwr$\mem$../rtl/dmem.v:15$125_EN' from process `\dmem.$proc$../rtl/dmem.v:0$564'.
No latch inferred for signal `\dmem.$memwr$\mem$../rtl/dmem.v:15$126_EN' from process `\dmem.$proc$../rtl/dmem.v:0$564'.
No latch inferred for signal `\dmem.$memwr$\mem$../rtl/dmem.v:15$127_EN' from process `\dmem.$proc$../rtl/dmem.v:0$564'.
No latch inferred for signal `\dmem.$memwr$\mem$../rtl/dmem.v:15$128_EN' from process `\dmem.$proc$../rtl/dmem.v:0$564'.
No latch inferred for signal `\dmem.$memwr$\mem$../rtl/dmem.v:15$129_EN' from process `\dmem.$proc$../rtl/dmem.v:0$564'.
No latch inferred for signal `\dmem.$memwr$\mem$../rtl/dmem.v:15$130_EN' from process `\dmem.$proc$../rtl/dmem.v:0$564'.
No latch inferred for signal `\dmem.$memwr$\mem$../rtl/dmem.v:15$131_EN' from process `\dmem.$proc$../rtl/dmem.v:0$564'.
No latch inferred for signal `\dmem.$memwr$\mem$../rtl/dmem.v:15$132_EN' from process `\dmem.$proc$../rtl/dmem.v:0$564'.
No latch inferred for signal `\dmem.$memwr$\mem$../rtl/dmem.v:15$133_EN' from process `\dmem.$proc$../rtl/dmem.v:0$564'.
No latch inferred for signal `\dmem.$memwr$\mem$../rtl/dmem.v:15$134_EN' from process `\dmem.$proc$../rtl/dmem.v:0$564'.
No latch inferred for signal `\dmem.$memwr$\mem$../rtl/dmem.v:15$135_EN' from process `\dmem.$proc$../rtl/dmem.v:0$564'.
No latch inferred for signal `\dmem.$memwr$\mem$../rtl/dmem.v:15$136_EN' from process `\dmem.$proc$../rtl/dmem.v:0$564'.
No latch inferred for signal `\dmem.$memwr$\mem$../rtl/dmem.v:15$137_EN' from process `\dmem.$proc$../rtl/dmem.v:0$564'.
No latch inferred for signal `\dmem.$memwr$\mem$../rtl/dmem.v:15$138_EN' from process `\dmem.$proc$../rtl/dmem.v:0$564'.
No latch inferred for signal `\dmem.$memwr$\mem$../rtl/dmem.v:15$139_EN' from process `\dmem.$proc$../rtl/dmem.v:0$564'.
No latch inferred for signal `\dmem.$memwr$\mem$../rtl/dmem.v:15$140_EN' from process `\dmem.$proc$../rtl/dmem.v:0$564'.
No latch inferred for signal `\dmem.$memwr$\mem$../rtl/dmem.v:15$141_EN' from process `\dmem.$proc$../rtl/dmem.v:0$564'.
No latch inferred for signal `\dmem.$memwr$\mem$../rtl/dmem.v:15$142_EN' from process `\dmem.$proc$../rtl/dmem.v:0$564'.
No latch inferred for signal `\dmem.$memwr$\mem$../rtl/dmem.v:15$143_EN' from process `\dmem.$proc$../rtl/dmem.v:0$564'.
No latch inferred for signal `\dmem.$memwr$\mem$../rtl/dmem.v:15$144_EN' from process `\dmem.$proc$../rtl/dmem.v:0$564'.
No latch inferred for signal `\dmem.$memwr$\mem$../rtl/dmem.v:15$145_EN' from process `\dmem.$proc$../rtl/dmem.v:0$564'.
No latch inferred for signal `\dmem.$memwr$\mem$../rtl/dmem.v:15$146_EN' from process `\dmem.$proc$../rtl/dmem.v:0$564'.
No latch inferred for signal `\dmem.$memwr$\mem$../rtl/dmem.v:15$147_EN' from process `\dmem.$proc$../rtl/dmem.v:0$564'.
No latch inferred for signal `\dmem.$memwr$\mem$../rtl/dmem.v:15$148_EN' from process `\dmem.$proc$../rtl/dmem.v:0$564'.
No latch inferred for signal `\dmem.$memwr$\mem$../rtl/dmem.v:15$149_EN' from process `\dmem.$proc$../rtl/dmem.v:0$564'.
No latch inferred for signal `\dmem.$memwr$\mem$../rtl/dmem.v:15$150_EN' from process `\dmem.$proc$../rtl/dmem.v:0$564'.
No latch inferred for signal `\dmem.$memwr$\mem$../rtl/dmem.v:15$151_EN' from process `\dmem.$proc$../rtl/dmem.v:0$564'.
No latch inferred for signal `\dmem.$memwr$\mem$../rtl/dmem.v:15$152_EN' from process `\dmem.$proc$../rtl/dmem.v:0$564'.
No latch inferred for signal `\dmem.$memwr$\mem$../rtl/dmem.v:15$153_EN' from process `\dmem.$proc$../rtl/dmem.v:0$564'.
No latch inferred for signal `\dmem.$memwr$\mem$../rtl/dmem.v:15$154_EN' from process `\dmem.$proc$../rtl/dmem.v:0$564'.
No latch inferred for signal `\dmem.$memwr$\mem$../rtl/dmem.v:15$155_EN' from process `\dmem.$proc$../rtl/dmem.v:0$564'.
No latch inferred for signal `\dmem.$memwr$\mem$../rtl/dmem.v:15$156_EN' from process `\dmem.$proc$../rtl/dmem.v:0$564'.
No latch inferred for signal `\dmem.$memwr$\mem$../rtl/dmem.v:15$157_EN' from process `\dmem.$proc$../rtl/dmem.v:0$564'.
No latch inferred for signal `\dmem.$memwr$\mem$../rtl/dmem.v:15$158_EN' from process `\dmem.$proc$../rtl/dmem.v:0$564'.
No latch inferred for signal `\dmem.$memwr$\mem$../rtl/dmem.v:15$159_EN' from process `\dmem.$proc$../rtl/dmem.v:0$564'.
No latch inferred for signal `\dmem.$memwr$\mem$../rtl/dmem.v:15$160_EN' from process `\dmem.$proc$../rtl/dmem.v:0$564'.
No latch inferred for signal `\dmem.$memwr$\mem$../rtl/dmem.v:15$161_EN' from process `\dmem.$proc$../rtl/dmem.v:0$564'.
No latch inferred for signal `\dmem.$memwr$\mem$../rtl/dmem.v:15$162_EN' from process `\dmem.$proc$../rtl/dmem.v:0$564'.
No latch inferred for signal `\dmem.$memwr$\mem$../rtl/dmem.v:15$163_EN' from process `\dmem.$proc$../rtl/dmem.v:0$564'.
No latch inferred for signal `\dmem.$memwr$\mem$../rtl/dmem.v:15$164_EN' from process `\dmem.$proc$../rtl/dmem.v:0$564'.
No latch inferred for signal `\dmem.$memwr$\mem$../rtl/dmem.v:15$165_EN' from process `\dmem.$proc$../rtl/dmem.v:0$564'.
No latch inferred for signal `\dmem.$memwr$\mem$../rtl/dmem.v:15$166_EN' from process `\dmem.$proc$../rtl/dmem.v:0$564'.
No latch inferred for signal `\dmem.$memwr$\mem$../rtl/dmem.v:15$167_EN' from process `\dmem.$proc$../rtl/dmem.v:0$564'.
No latch inferred for signal `\dmem.$memwr$\mem$../rtl/dmem.v:15$168_EN' from process `\dmem.$proc$../rtl/dmem.v:0$564'.
No latch inferred for signal `\dmem.$memwr$\mem$../rtl/dmem.v:15$169_EN' from process `\dmem.$proc$../rtl/dmem.v:0$564'.
No latch inferred for signal `\dmem.$memwr$\mem$../rtl/dmem.v:15$170_EN' from process `\dmem.$proc$../rtl/dmem.v:0$564'.
No latch inferred for signal `\dmem.$memwr$\mem$../rtl/dmem.v:15$171_EN' from process `\dmem.$proc$../rtl/dmem.v:0$564'.
No latch inferred for signal `\dmem.$memwr$\mem$../rtl/dmem.v:15$172_EN' from process `\dmem.$proc$../rtl/dmem.v:0$564'.
No latch inferred for signal `\dmem.$memwr$\mem$../rtl/dmem.v:15$173_EN' from process `\dmem.$proc$../rtl/dmem.v:0$564'.
No latch inferred for signal `\dmem.$memwr$\mem$../rtl/dmem.v:15$174_EN' from process `\dmem.$proc$../rtl/dmem.v:0$564'.
No latch inferred for signal `\dmem.$memwr$\mem$../rtl/dmem.v:15$175_EN' from process `\dmem.$proc$../rtl/dmem.v:0$564'.
No latch inferred for signal `\dmem.$memwr$\mem$../rtl/dmem.v:15$176_EN' from process `\dmem.$proc$../rtl/dmem.v:0$564'.
No latch inferred for signal `\dmem.$memwr$\mem$../rtl/dmem.v:15$177_EN' from process `\dmem.$proc$../rtl/dmem.v:0$564'.
No latch inferred for signal `\dmem.$memwr$\mem$../rtl/dmem.v:15$178_EN' from process `\dmem.$proc$../rtl/dmem.v:0$564'.
No latch inferred for signal `\dmem.$memwr$\mem$../rtl/dmem.v:15$179_EN' from process `\dmem.$proc$../rtl/dmem.v:0$564'.
No latch inferred for signal `\dmem.$memwr$\mem$../rtl/dmem.v:15$180_EN' from process `\dmem.$proc$../rtl/dmem.v:0$564'.
No latch inferred for signal `\dmem.$memwr$\mem$../rtl/dmem.v:15$181_EN' from process `\dmem.$proc$../rtl/dmem.v:0$564'.
No latch inferred for signal `\dmem.$memwr$\mem$../rtl/dmem.v:15$182_EN' from process `\dmem.$proc$../rtl/dmem.v:0$564'.
No latch inferred for signal `\dmem.$memwr$\mem$../rtl/dmem.v:15$183_EN' from process `\dmem.$proc$../rtl/dmem.v:0$564'.
No latch inferred for signal `\dmem.$memwr$\mem$../rtl/dmem.v:15$184_EN' from process `\dmem.$proc$../rtl/dmem.v:0$564'.
No latch inferred for signal `\dmem.$memwr$\mem$../rtl/dmem.v:15$185_EN' from process `\dmem.$proc$../rtl/dmem.v:0$564'.
No latch inferred for signal `\dmem.$memwr$\mem$../rtl/dmem.v:15$186_EN' from process `\dmem.$proc$../rtl/dmem.v:0$564'.
No latch inferred for signal `\dmem.$memwr$\mem$../rtl/dmem.v:15$187_EN' from process `\dmem.$proc$../rtl/dmem.v:0$564'.
No latch inferred for signal `\dmem.$memwr$\mem$../rtl/dmem.v:15$188_EN' from process `\dmem.$proc$../rtl/dmem.v:0$564'.
No latch inferred for signal `\dmem.$memwr$\mem$../rtl/dmem.v:15$189_EN' from process `\dmem.$proc$../rtl/dmem.v:0$564'.
No latch inferred for signal `\dmem.$memwr$\mem$../rtl/dmem.v:15$190_EN' from process `\dmem.$proc$../rtl/dmem.v:0$564'.
No latch inferred for signal `\dmem.$memwr$\mem$../rtl/dmem.v:15$191_EN' from process `\dmem.$proc$../rtl/dmem.v:0$564'.
No latch inferred for signal `\dmem.$memwr$\mem$../rtl/dmem.v:15$192_EN' from process `\dmem.$proc$../rtl/dmem.v:0$564'.
No latch inferred for signal `\dmem.$memwr$\mem$../rtl/dmem.v:15$193_EN' from process `\dmem.$proc$../rtl/dmem.v:0$564'.
No latch inferred for signal `\dmem.$memwr$\mem$../rtl/dmem.v:15$194_EN' from process `\dmem.$proc$../rtl/dmem.v:0$564'.
No latch inferred for signal `\dmem.$memwr$\mem$../rtl/dmem.v:15$195_EN' from process `\dmem.$proc$../rtl/dmem.v:0$564'.
No latch inferred for signal `\dmem.$memwr$\mem$../rtl/dmem.v:15$196_EN' from process `\dmem.$proc$../rtl/dmem.v:0$564'.
No latch inferred for signal `\dmem.$memwr$\mem$../rtl/dmem.v:15$197_EN' from process `\dmem.$proc$../rtl/dmem.v:0$564'.
No latch inferred for signal `\dmem.$memwr$\mem$../rtl/dmem.v:15$198_EN' from process `\dmem.$proc$../rtl/dmem.v:0$564'.
No latch inferred for signal `\dmem.$memwr$\mem$../rtl/dmem.v:15$199_EN' from process `\dmem.$proc$../rtl/dmem.v:0$564'.
No latch inferred for signal `\dmem.$memwr$\mem$../rtl/dmem.v:15$200_EN' from process `\dmem.$proc$../rtl/dmem.v:0$564'.
No latch inferred for signal `\dmem.$memwr$\mem$../rtl/dmem.v:15$201_EN' from process `\dmem.$proc$../rtl/dmem.v:0$564'.
No latch inferred for signal `\dmem.$memwr$\mem$../rtl/dmem.v:15$202_EN' from process `\dmem.$proc$../rtl/dmem.v:0$564'.
No latch inferred for signal `\dmem.$memwr$\mem$../rtl/dmem.v:15$203_EN' from process `\dmem.$proc$../rtl/dmem.v:0$564'.
No latch inferred for signal `\dmem.$memwr$\mem$../rtl/dmem.v:15$204_EN' from process `\dmem.$proc$../rtl/dmem.v:0$564'.
No latch inferred for signal `\dmem.$memwr$\mem$../rtl/dmem.v:15$205_EN' from process `\dmem.$proc$../rtl/dmem.v:0$564'.
No latch inferred for signal `\dmem.$memwr$\mem$../rtl/dmem.v:15$206_EN' from process `\dmem.$proc$../rtl/dmem.v:0$564'.
No latch inferred for signal `\dmem.$memwr$\mem$../rtl/dmem.v:15$207_EN' from process `\dmem.$proc$../rtl/dmem.v:0$564'.
No latch inferred for signal `\dmem.$memwr$\mem$../rtl/dmem.v:15$208_EN' from process `\dmem.$proc$../rtl/dmem.v:0$564'.
No latch inferred for signal `\dmem.$memwr$\mem$../rtl/dmem.v:15$209_EN' from process `\dmem.$proc$../rtl/dmem.v:0$564'.
No latch inferred for signal `\dmem.$memwr$\mem$../rtl/dmem.v:15$210_EN' from process `\dmem.$proc$../rtl/dmem.v:0$564'.
No latch inferred for signal `\dmem.$memwr$\mem$../rtl/dmem.v:15$211_EN' from process `\dmem.$proc$../rtl/dmem.v:0$564'.
No latch inferred for signal `\dmem.$memwr$\mem$../rtl/dmem.v:15$212_EN' from process `\dmem.$proc$../rtl/dmem.v:0$564'.
No latch inferred for signal `\dmem.$memwr$\mem$../rtl/dmem.v:15$213_EN' from process `\dmem.$proc$../rtl/dmem.v:0$564'.
No latch inferred for signal `\dmem.$memwr$\mem$../rtl/dmem.v:15$214_EN' from process `\dmem.$proc$../rtl/dmem.v:0$564'.
No latch inferred for signal `\dmem.$memwr$\mem$../rtl/dmem.v:15$215_EN' from process `\dmem.$proc$../rtl/dmem.v:0$564'.
No latch inferred for signal `\dmem.$memwr$\mem$../rtl/dmem.v:15$216_EN' from process `\dmem.$proc$../rtl/dmem.v:0$564'.
No latch inferred for signal `\dmem.$memwr$\mem$../rtl/dmem.v:15$217_EN' from process `\dmem.$proc$../rtl/dmem.v:0$564'.
No latch inferred for signal `\dmem.$memwr$\mem$../rtl/dmem.v:15$218_EN' from process `\dmem.$proc$../rtl/dmem.v:0$564'.
No latch inferred for signal `\dmem.$memwr$\mem$../rtl/dmem.v:15$219_EN' from process `\dmem.$proc$../rtl/dmem.v:0$564'.
No latch inferred for signal `\dmem.$memwr$\mem$../rtl/dmem.v:15$220_EN' from process `\dmem.$proc$../rtl/dmem.v:0$564'.
No latch inferred for signal `\dmem.$memwr$\mem$../rtl/dmem.v:15$221_EN' from process `\dmem.$proc$../rtl/dmem.v:0$564'.
No latch inferred for signal `\dmem.$memwr$\mem$../rtl/dmem.v:15$222_EN' from process `\dmem.$proc$../rtl/dmem.v:0$564'.
No latch inferred for signal `\dmem.$memwr$\mem$../rtl/dmem.v:15$223_EN' from process `\dmem.$proc$../rtl/dmem.v:0$564'.
No latch inferred for signal `\dmem.$memwr$\mem$../rtl/dmem.v:15$224_EN' from process `\dmem.$proc$../rtl/dmem.v:0$564'.
No latch inferred for signal `\dmem.$memwr$\mem$../rtl/dmem.v:15$225_EN' from process `\dmem.$proc$../rtl/dmem.v:0$564'.
No latch inferred for signal `\dmem.$memwr$\mem$../rtl/dmem.v:15$226_EN' from process `\dmem.$proc$../rtl/dmem.v:0$564'.
No latch inferred for signal `\dmem.$memwr$\mem$../rtl/dmem.v:15$227_EN' from process `\dmem.$proc$../rtl/dmem.v:0$564'.
No latch inferred for signal `\dmem.$memwr$\mem$../rtl/dmem.v:15$228_EN' from process `\dmem.$proc$../rtl/dmem.v:0$564'.
No latch inferred for signal `\dmem.$memwr$\mem$../rtl/dmem.v:15$229_EN' from process `\dmem.$proc$../rtl/dmem.v:0$564'.
No latch inferred for signal `\dmem.$memwr$\mem$../rtl/dmem.v:15$230_EN' from process `\dmem.$proc$../rtl/dmem.v:0$564'.
No latch inferred for signal `\dmem.$memwr$\mem$../rtl/dmem.v:15$231_EN' from process `\dmem.$proc$../rtl/dmem.v:0$564'.
No latch inferred for signal `\dmem.$memwr$\mem$../rtl/dmem.v:15$232_EN' from process `\dmem.$proc$../rtl/dmem.v:0$564'.
No latch inferred for signal `\dmem.$memwr$\mem$../rtl/dmem.v:15$233_EN' from process `\dmem.$proc$../rtl/dmem.v:0$564'.
No latch inferred for signal `\dmem.$memwr$\mem$../rtl/dmem.v:15$234_EN' from process `\dmem.$proc$../rtl/dmem.v:0$564'.
No latch inferred for signal `\dmem.$memwr$\mem$../rtl/dmem.v:15$235_EN' from process `\dmem.$proc$../rtl/dmem.v:0$564'.
No latch inferred for signal `\dmem.$memwr$\mem$../rtl/dmem.v:15$236_EN' from process `\dmem.$proc$../rtl/dmem.v:0$564'.
No latch inferred for signal `\dmem.$memwr$\mem$../rtl/dmem.v:15$237_EN' from process `\dmem.$proc$../rtl/dmem.v:0$564'.
No latch inferred for signal `\dmem.$memwr$\mem$../rtl/dmem.v:15$238_EN' from process `\dmem.$proc$../rtl/dmem.v:0$564'.
No latch inferred for signal `\dmem.$memwr$\mem$../rtl/dmem.v:15$239_EN' from process `\dmem.$proc$../rtl/dmem.v:0$564'.
No latch inferred for signal `\dmem.$memwr$\mem$../rtl/dmem.v:15$240_EN' from process `\dmem.$proc$../rtl/dmem.v:0$564'.
No latch inferred for signal `\dmem.$memwr$\mem$../rtl/dmem.v:15$241_EN' from process `\dmem.$proc$../rtl/dmem.v:0$564'.
No latch inferred for signal `\dmem.$memwr$\mem$../rtl/dmem.v:15$242_EN' from process `\dmem.$proc$../rtl/dmem.v:0$564'.
No latch inferred for signal `\dmem.$memwr$\mem$../rtl/dmem.v:15$243_EN' from process `\dmem.$proc$../rtl/dmem.v:0$564'.
No latch inferred for signal `\dmem.$memwr$\mem$../rtl/dmem.v:15$244_EN' from process `\dmem.$proc$../rtl/dmem.v:0$564'.
No latch inferred for signal `\dmem.$memwr$\mem$../rtl/dmem.v:15$245_EN' from process `\dmem.$proc$../rtl/dmem.v:0$564'.
No latch inferred for signal `\dmem.$memwr$\mem$../rtl/dmem.v:15$246_EN' from process `\dmem.$proc$../rtl/dmem.v:0$564'.
No latch inferred for signal `\dmem.$memwr$\mem$../rtl/dmem.v:15$247_EN' from process `\dmem.$proc$../rtl/dmem.v:0$564'.
No latch inferred for signal `\dmem.$memwr$\mem$../rtl/dmem.v:15$248_EN' from process `\dmem.$proc$../rtl/dmem.v:0$564'.
No latch inferred for signal `\dmem.$memwr$\mem$../rtl/dmem.v:15$249_EN' from process `\dmem.$proc$../rtl/dmem.v:0$564'.
No latch inferred for signal `\dmem.$memwr$\mem$../rtl/dmem.v:15$250_EN' from process `\dmem.$proc$../rtl/dmem.v:0$564'.
No latch inferred for signal `\dmem.$memwr$\mem$../rtl/dmem.v:15$251_EN' from process `\dmem.$proc$../rtl/dmem.v:0$564'.
No latch inferred for signal `\dmem.$memwr$\mem$../rtl/dmem.v:15$252_EN' from process `\dmem.$proc$../rtl/dmem.v:0$564'.
No latch inferred for signal `\dmem.$memwr$\mem$../rtl/dmem.v:15$253_EN' from process `\dmem.$proc$../rtl/dmem.v:0$564'.
No latch inferred for signal `\dmem.$memwr$\mem$../rtl/dmem.v:15$254_EN' from process `\dmem.$proc$../rtl/dmem.v:0$564'.
No latch inferred for signal `\dmem.$memwr$\mem$../rtl/dmem.v:15$255_EN' from process `\dmem.$proc$../rtl/dmem.v:0$564'.
No latch inferred for signal `\dmem.$memwr$\mem$../rtl/dmem.v:15$256_EN' from process `\dmem.$proc$../rtl/dmem.v:0$564'.
No latch inferred for signal `\dmem.$memwr$\mem$../rtl/dmem.v:15$257_EN' from process `\dmem.$proc$../rtl/dmem.v:0$564'.
No latch inferred for signal `\dmem.$memwr$\mem$../rtl/dmem.v:15$258_EN' from process `\dmem.$proc$../rtl/dmem.v:0$564'.
No latch inferred for signal `\dmem.$memwr$\mem$../rtl/dmem.v:15$259_EN' from process `\dmem.$proc$../rtl/dmem.v:0$564'.
No latch inferred for signal `\dmem.$memwr$\mem$../rtl/dmem.v:15$260_EN' from process `\dmem.$proc$../rtl/dmem.v:0$564'.
No latch inferred for signal `\dmem.$memwr$\mem$../rtl/dmem.v:15$261_EN' from process `\dmem.$proc$../rtl/dmem.v:0$564'.
No latch inferred for signal `\dmem.$memwr$\mem$../rtl/dmem.v:15$262_EN' from process `\dmem.$proc$../rtl/dmem.v:0$564'.
No latch inferred for signal `\dmem.$memwr$\mem$../rtl/dmem.v:15$263_EN' from process `\dmem.$proc$../rtl/dmem.v:0$564'.
No latch inferred for signal `\dmem.$memwr$\mem$../rtl/dmem.v:15$264_EN' from process `\dmem.$proc$../rtl/dmem.v:0$564'.
No latch inferred for signal `\dmem.$memwr$\mem$../rtl/dmem.v:15$265_EN' from process `\dmem.$proc$../rtl/dmem.v:0$564'.
No latch inferred for signal `\dmem.$memwr$\mem$../rtl/dmem.v:15$266_EN' from process `\dmem.$proc$../rtl/dmem.v:0$564'.
No latch inferred for signal `\dmem.$memwr$\mem$../rtl/dmem.v:15$267_EN' from process `\dmem.$proc$../rtl/dmem.v:0$564'.
No latch inferred for signal `\dmem.$memwr$\mem$../rtl/dmem.v:15$268_EN' from process `\dmem.$proc$../rtl/dmem.v:0$564'.
No latch inferred for signal `\dmem.$memwr$\mem$../rtl/dmem.v:15$269_EN' from process `\dmem.$proc$../rtl/dmem.v:0$564'.
No latch inferred for signal `\dmem.$memwr$\mem$../rtl/dmem.v:15$270_EN' from process `\dmem.$proc$../rtl/dmem.v:0$564'.
No latch inferred for signal `\dmem.$memwr$\mem$../rtl/dmem.v:15$271_EN' from process `\dmem.$proc$../rtl/dmem.v:0$564'.
No latch inferred for signal `\dmem.$memwr$\mem$../rtl/dmem.v:15$272_EN' from process `\dmem.$proc$../rtl/dmem.v:0$564'.
No latch inferred for signal `\dmem.$memwr$\mem$../rtl/dmem.v:15$273_EN' from process `\dmem.$proc$../rtl/dmem.v:0$564'.
No latch inferred for signal `\dmem.$memwr$\mem$../rtl/dmem.v:15$274_EN' from process `\dmem.$proc$../rtl/dmem.v:0$564'.
No latch inferred for signal `\dmem.$memwr$\mem$../rtl/dmem.v:15$275_EN' from process `\dmem.$proc$../rtl/dmem.v:0$564'.
No latch inferred for signal `\dmem.$memwr$\mem$../rtl/dmem.v:15$276_EN' from process `\dmem.$proc$../rtl/dmem.v:0$564'.
No latch inferred for signal `\dmem.$memwr$\mem$../rtl/dmem.v:15$277_EN' from process `\dmem.$proc$../rtl/dmem.v:0$564'.
No latch inferred for signal `\dmem.$memwr$\mem$../rtl/dmem.v:15$278_EN' from process `\dmem.$proc$../rtl/dmem.v:0$564'.
No latch inferred for signal `\dmem.$memwr$\mem$../rtl/dmem.v:15$279_EN' from process `\dmem.$proc$../rtl/dmem.v:0$564'.
No latch inferred for signal `\dmem.$memwr$\mem$../rtl/dmem.v:15$280_EN' from process `\dmem.$proc$../rtl/dmem.v:0$564'.
No latch inferred for signal `\dmem.$memwr$\mem$../rtl/dmem.v:15$281_EN' from process `\dmem.$proc$../rtl/dmem.v:0$564'.
No latch inferred for signal `\dmem.$memwr$\mem$../rtl/dmem.v:15$282_EN' from process `\dmem.$proc$../rtl/dmem.v:0$564'.
No latch inferred for signal `\dmem.$memwr$\mem$../rtl/dmem.v:15$283_EN' from process `\dmem.$proc$../rtl/dmem.v:0$564'.
No latch inferred for signal `\dmem.$memwr$\mem$../rtl/dmem.v:15$284_EN' from process `\dmem.$proc$../rtl/dmem.v:0$564'.
No latch inferred for signal `\dmem.$memwr$\mem$../rtl/dmem.v:15$285_EN' from process `\dmem.$proc$../rtl/dmem.v:0$564'.
No latch inferred for signal `\dmem.$memwr$\mem$../rtl/dmem.v:15$286_EN' from process `\dmem.$proc$../rtl/dmem.v:0$564'.
No latch inferred for signal `\dmem.$memwr$\mem$../rtl/dmem.v:15$287_EN' from process `\dmem.$proc$../rtl/dmem.v:0$564'.
No latch inferred for signal `\dmem.$memwr$\mem$../rtl/dmem.v:15$288_EN' from process `\dmem.$proc$../rtl/dmem.v:0$564'.
No latch inferred for signal `\dmem.$memwr$\mem$../rtl/dmem.v:15$289_EN' from process `\dmem.$proc$../rtl/dmem.v:0$564'.
No latch inferred for signal `\dmem.$memwr$\mem$../rtl/dmem.v:15$290_EN' from process `\dmem.$proc$../rtl/dmem.v:0$564'.
No latch inferred for signal `\dmem.$memwr$\mem$../rtl/dmem.v:15$291_EN' from process `\dmem.$proc$../rtl/dmem.v:0$564'.
No latch inferred for signal `\dmem.$memwr$\mem$../rtl/dmem.v:15$292_EN' from process `\dmem.$proc$../rtl/dmem.v:0$564'.
No latch inferred for signal `\dmem.$memwr$\mem$../rtl/dmem.v:15$293_EN' from process `\dmem.$proc$../rtl/dmem.v:0$564'.
No latch inferred for signal `\dmem.$memwr$\mem$../rtl/dmem.v:15$294_EN' from process `\dmem.$proc$../rtl/dmem.v:0$564'.
No latch inferred for signal `\dmem.$memwr$\mem$../rtl/dmem.v:15$295_EN' from process `\dmem.$proc$../rtl/dmem.v:0$564'.
No latch inferred for signal `\dmem.$memwr$\mem$../rtl/dmem.v:15$296_EN' from process `\dmem.$proc$../rtl/dmem.v:0$564'.
No latch inferred for signal `\dmem.$memwr$\mem$../rtl/dmem.v:15$297_EN' from process `\dmem.$proc$../rtl/dmem.v:0$564'.
No latch inferred for signal `\dmem.$memwr$\mem$../rtl/dmem.v:15$298_EN' from process `\dmem.$proc$../rtl/dmem.v:0$564'.
No latch inferred for signal `\cpu_top.\raddr2' from process `\cpu_top.$proc$../rtl/cpu_top.v:93$17'.
No latch inferred for signal `\control.\reg_write' from process `\control.$proc$../rtl/control.v:22$10'.
No latch inferred for signal `\control.\alu_src_imm' from process `\control.$proc$../rtl/control.v:22$10'.
No latch inferred for signal `\control.\alu_op' from process `\control.$proc$../rtl/control.v:22$10'.
No latch inferred for signal `\control.\imm_sel' from process `\control.$proc$../rtl/control.v:22$10'.
No latch inferred for signal `\control.\mem_read' from process `\control.$proc$../rtl/control.v:22$10'.
No latch inferred for signal `\control.\mem_write' from process `\control.$proc$../rtl/control.v:22$10'.
No latch inferred for signal `\control.\mem_to_reg' from process `\control.$proc$../rtl/control.v:22$10'.
No latch inferred for signal `\control.\is_beq' from process `\control.$proc$../rtl/control.v:22$10'.
No latch inferred for signal `\control.\is_bne' from process `\control.$proc$../rtl/control.v:22$10'.
No latch inferred for signal `\control.\is_jmp' from process `\control.$proc$../rtl/control.v:22$10'.
No latch inferred for signal `\control.\ra_hi' from process `\control.$proc$../rtl/control.v:22$10'.
No latch inferred for signal `\control.\rb_sel' from process `\control.$proc$../rtl/control.v:22$10'.
No latch inferred for signal `\alu.\y' from process `\alu.$proc$../rtl/alu.v:10$1'.

9.2.9. Executing PROC_DFF pass (convert process syncs to FFs).
Creating register for signal `\regfile.\i' using process `\regfile.$proc$../rtl/regfile.v:18$1620'.
  created $dff cell `$procdff$2727' with positive edge clock.
Creating register for signal `\regfile.$memwr$\r$../rtl/regfile.v:21$1603_EN' using process `\regfile.$proc$../rtl/regfile.v:18$1620'.
  created $dff cell `$procdff$2728' with positive edge clock.
Creating register for signal `\regfile.$memwr$\r$../rtl/regfile.v:21$1604_EN' using process `\regfile.$proc$../rtl/regfile.v:18$1620'.
  created $dff cell `$procdff$2729' with positive edge clock.
Creating register for signal `\regfile.$memwr$\r$../rtl/regfile.v:21$1605_EN' using process `\regfile.$proc$../rtl/regfile.v:18$1620'.
  created $dff cell `$procdff$2730' with positive edge clock.
Creating register for signal `\regfile.$memwr$\r$../rtl/regfile.v:21$1606_EN' using process `\regfile.$proc$../rtl/regfile.v:18$1620'.
  created $dff cell `$procdff$2731' with positive edge clock.
Creating register for signal `\regfile.$memwr$\r$../rtl/regfile.v:21$1607_EN' using process `\regfile.$proc$../rtl/regfile.v:18$1620'.
  created $dff cell `$procdff$2732' with positive edge clock.
Creating register for signal `\regfile.$memwr$\r$../rtl/regfile.v:21$1608_EN' using process `\regfile.$proc$../rtl/regfile.v:18$1620'.
  created $dff cell `$procdff$2733' with positive edge clock.
Creating register for signal `\regfile.$memwr$\r$../rtl/regfile.v:21$1609_EN' using process `\regfile.$proc$../rtl/regfile.v:18$1620'.
  created $dff cell `$procdff$2734' with positive edge clock.
Creating register for signal `\regfile.$memwr$\r$../rtl/regfile.v:21$1610_EN' using process `\regfile.$proc$../rtl/regfile.v:18$1620'.
  created $dff cell `$procdff$2735' with positive edge clock.
Creating register for signal `\regfile.$memwr$\r$../rtl/regfile.v:21$1611_EN' using process `\regfile.$proc$../rtl/regfile.v:18$1620'.
  created $dff cell `$procdff$2736' with positive edge clock.
Creating register for signal `\regfile.$memwr$\r$../rtl/regfile.v:21$1612_EN' using process `\regfile.$proc$../rtl/regfile.v:18$1620'.
  created $dff cell `$procdff$2737' with positive edge clock.
Creating register for signal `\regfile.$memwr$\r$../rtl/regfile.v:21$1613_EN' using process `\regfile.$proc$../rtl/regfile.v:18$1620'.
  created $dff cell `$procdff$2738' with positive edge clock.
Creating register for signal `\regfile.$memwr$\r$../rtl/regfile.v:21$1614_EN' using process `\regfile.$proc$../rtl/regfile.v:18$1620'.
  created $dff cell `$procdff$2739' with positive edge clock.
Creating register for signal `\regfile.$memwr$\r$../rtl/regfile.v:21$1615_EN' using process `\regfile.$proc$../rtl/regfile.v:18$1620'.
  created $dff cell `$procdff$2740' with positive edge clock.
Creating register for signal `\regfile.$memwr$\r$../rtl/regfile.v:21$1616_EN' using process `\regfile.$proc$../rtl/regfile.v:18$1620'.
  created $dff cell `$procdff$2741' with positive edge clock.
Creating register for signal `\regfile.$memwr$\r$../rtl/regfile.v:21$1617_EN' using process `\regfile.$proc$../rtl/regfile.v:18$1620'.
  created $dff cell `$procdff$2742' with positive edge clock.
Creating register for signal `\regfile.$memwr$\r$../rtl/regfile.v:21$1618_EN' using process `\regfile.$proc$../rtl/regfile.v:18$1620'.
  created $dff cell `$procdff$2743' with positive edge clock.
Creating register for signal `\regfile.$memwr$\r$../rtl/regfile.v:24$1619_ADDR' using process `\regfile.$proc$../rtl/regfile.v:18$1620'.
  created $dff cell `$procdff$2744' with positive edge clock.
Creating register for signal `\regfile.$memwr$\r$../rtl/regfile.v:24$1619_DATA' using process `\regfile.$proc$../rtl/regfile.v:18$1620'.
  created $dff cell `$procdff$2745' with positive edge clock.
Creating register for signal `\regfile.$memwr$\r$../rtl/regfile.v:24$1619_EN' using process `\regfile.$proc$../rtl/regfile.v:18$1620'.
  created $dff cell `$procdff$2746' with positive edge clock.
Creating register for signal `$paramod$b8444ee5d410294404e4c3b3bbb6e8ef9e9ec507\imem.$memwr$\mem$../rtl/imem.v:21$1926_ADDR' using process `$paramod$b8444ee5d410294404e4c3b3bbb6e8ef9e9ec507\imem.$proc$../rtl/imem.v:20$1927'.
  created $dff cell `$procdff$2747' with positive edge clock.
Creating register for signal `$paramod$b8444ee5d410294404e4c3b3bbb6e8ef9e9ec507\imem.$memwr$\mem$../rtl/imem.v:21$1926_DATA' using process `$paramod$b8444ee5d410294404e4c3b3bbb6e8ef9e9ec507\imem.$proc$../rtl/imem.v:20$1927'.
  created $dff cell `$procdff$2748' with positive edge clock.
Creating register for signal `$paramod$b8444ee5d410294404e4c3b3bbb6e8ef9e9ec507\imem.$memwr$\mem$../rtl/imem.v:21$1926_EN' using process `$paramod$b8444ee5d410294404e4c3b3bbb6e8ef9e9ec507\imem.$proc$../rtl/imem.v:20$1927'.
  created $dff cell `$procdff$2749' with positive edge clock.
Creating register for signal `\dmem.$memwr$\mem$../rtl/dmem.v:19$299_ADDR' using process `\dmem.$proc$../rtl/dmem.v:18$300'.
  created $dff cell `$procdff$2750' with positive edge clock.
Creating register for signal `\dmem.$memwr$\mem$../rtl/dmem.v:19$299_DATA' using process `\dmem.$proc$../rtl/dmem.v:18$300'.
  created $dff cell `$procdff$2751' with positive edge clock.
Creating register for signal `\dmem.$memwr$\mem$../rtl/dmem.v:19$299_EN' using process `\dmem.$proc$../rtl/dmem.v:18$300'.
  created $dff cell `$procdff$2752' with positive edge clock.
Creating register for signal `\cpu_top.\ex_rd' using process `\cpu_top.$proc$../rtl/cpu_top.v:127$30'.
  created $dff cell `$procdff$2753' with positive edge clock.
Creating register for signal `\cpu_top.\ex_reg_write' using process `\cpu_top.$proc$../rtl/cpu_top.v:127$30'.
  created $dff cell `$procdff$2754' with positive edge clock.
Creating register for signal `\cpu_top.\ex_opcode' using process `\cpu_top.$proc$../rtl/cpu_top.v:127$30'.
  created $dff cell `$procdff$2755' with positive edge clock.
Creating register for signal `\cpu_top.\ex_opa' using process `\cpu_top.$proc$../rtl/cpu_top.v:127$30'.
  created $dff cell `$procdff$2756' with positive edge clock.
Creating register for signal `\cpu_top.\ex_opb' using process `\cpu_top.$proc$../rtl/cpu_top.v:127$30'.
  created $dff cell `$procdff$2757' with positive edge clock.
Creating register for signal `\cpu_top.\ex_imm' using process `\cpu_top.$proc$../rtl/cpu_top.v:127$30'.
  created $dff cell `$procdff$2758' with positive edge clock.
Creating register for signal `\cpu_top.\ex_alu_op' using process `\cpu_top.$proc$../rtl/cpu_top.v:127$30'.
  created $dff cell `$procdff$2759' with positive edge clock.
Creating register for signal `\cpu_top.\ex_alu_src_imm' using process `\cpu_top.$proc$../rtl/cpu_top.v:127$30'.
  created $dff cell `$procdff$2760' with positive edge clock.
Creating register for signal `\cpu_top.\ex_mem_read' using process `\cpu_top.$proc$../rtl/cpu_top.v:127$30'.
  created $dff cell `$procdff$2761' with positive edge clock.
Creating register for signal `\cpu_top.\ex_mem_write' using process `\cpu_top.$proc$../rtl/cpu_top.v:127$30'.
  created $dff cell `$procdff$2762' with positive edge clock.
Creating register for signal `\cpu_top.\ex_mem_to_reg' using process `\cpu_top.$proc$../rtl/cpu_top.v:127$30'.
  created $dff cell `$procdff$2763' with positive edge clock.
Creating register for signal `\cpu_top.\ex_beq' using process `\cpu_top.$proc$../rtl/cpu_top.v:127$30'.
  created $dff cell `$procdff$2764' with positive edge clock.
Creating register for signal `\cpu_top.\ex_bne' using process `\cpu_top.$proc$../rtl/cpu_top.v:127$30'.
  created $dff cell `$procdff$2765' with positive edge clock.
Creating register for signal `\cpu_top.\ex_jmp' using process `\cpu_top.$proc$../rtl/cpu_top.v:127$30'.
  created $dff cell `$procdff$2766' with positive edge clock.
Creating register for signal `\cpu_top.\ex_pc' using process `\cpu_top.$proc$../rtl/cpu_top.v:127$30'.
  created $dff cell `$procdff$2767' with positive edge clock.
Creating register for signal `\cpu_top.\id_pc' using process `\cpu_top.$proc$../rtl/cpu_top.v:57$15'.
  created $dff cell `$procdff$2768' with positive edge clock.
Creating register for signal `\cpu_top.\id_instr' using process `\cpu_top.$proc$../rtl/cpu_top.v:48$13'.
  created $dff cell `$procdff$2769' with positive edge clock.
Creating register for signal `\cpu_top.\pc' using process `\cpu_top.$proc$../rtl/cpu_top.v:37$11'.
  created $dff cell `$procdff$2770' with positive edge clock.

9.2.10. Executing PROC_MEMWR pass (convert process memory writes to cells).

9.2.11. Executing PROC_CLEAN pass (remove empty switches from decision trees).
Found and cleaned up 2 empty switches in `\regfile.$proc$../rtl/regfile.v:18$1620'.
Removing empty process `regfile.$proc$../rtl/regfile.v:18$1620'.
Found and cleaned up 1 empty switch in `\immgen.$proc$../rtl/immgen.v:8$1601'.
Removing empty process `immgen.$proc$../rtl/immgen.v:8$1601'.
Removing empty process `$paramod$b8444ee5d410294404e4c3b3bbb6e8ef9e9ec507\imem.$proc$../rtl/imem.v:0$2192'.
Found and cleaned up 1 empty switch in `$paramod$b8444ee5d410294404e4c3b3bbb6e8ef9e9ec507\imem.$proc$../rtl/imem.v:20$1927'.
Removing empty process `$paramod$b8444ee5d410294404e4c3b3bbb6e8ef9e9ec507\imem.$proc$../rtl/imem.v:20$1927'.
Removing empty process `dmem.$proc$../rtl/dmem.v:0$564'.
Found and cleaned up 1 empty switch in `\dmem.$proc$../rtl/dmem.v:18$300'.
Removing empty process `dmem.$proc$../rtl/dmem.v:18$300'.
Found and cleaned up 1 empty switch in `\cpu_top.$proc$../rtl/cpu_top.v:127$30'.
Removing empty process `cpu_top.$proc$../rtl/cpu_top.v:127$30'.
Found and cleaned up 2 empty switches in `\cpu_top.$proc$../rtl/cpu_top.v:93$17'.
Removing empty process `cpu_top.$proc$../rtl/cpu_top.v:93$17'.
Found and cleaned up 1 empty switch in `\cpu_top.$proc$../rtl/cpu_top.v:57$15'.
Removing empty process `cpu_top.$proc$../rtl/cpu_top.v:57$15'.
Found and cleaned up 1 empty switch in `\cpu_top.$proc$../rtl/cpu_top.v:48$13'.
Removing empty process `cpu_top.$proc$../rtl/cpu_top.v:48$13'.
Found and cleaned up 2 empty switches in `\cpu_top.$proc$../rtl/cpu_top.v:37$11'.
Removing empty process `cpu_top.$proc$../rtl/cpu_top.v:37$11'.
Found and cleaned up 1 empty switch in `\control.$proc$../rtl/control.v:22$10'.
Removing empty process `control.$proc$../rtl/control.v:22$10'.
Found and cleaned up 1 empty switch in `\alu.$proc$../rtl/alu.v:10$1'.
Removing empty process `alu.$proc$../rtl/alu.v:10$1'.
Cleaned up 14 empty switches.

9.2.12. Executing OPT_EXPR pass (perform const folding).
Optimizing module regfile.
<suppressed ~3 debug messages>
Optimizing module immgen.
<suppressed ~1 debug messages>
Optimizing module $paramod$b8444ee5d410294404e4c3b3bbb6e8ef9e9ec507\imem.
Optimizing module dmem.
Optimizing module cpu_top.
<suppressed ~3 debug messages>
Optimizing module control.
<suppressed ~2 debug messages>
Optimizing module alu.
<suppressed ~2 debug messages>

9.3. Executing FLATTEN pass (flatten design).
Deleting now unused module regfile.
Deleting now unused module immgen.
Deleting now unused module $paramod$b8444ee5d410294404e4c3b3bbb6e8ef9e9ec507\imem.
Deleting now unused module dmem.
Deleting now unused module control.
Deleting now unused module alu.
<suppressed ~6 debug messages>

9.4. Executing OPT_EXPR pass (perform const folding).
Optimizing module cpu_top.

9.5. Executing OPT_CLEAN pass (remove unused cells and wires).
Finding unused cells or wires in module \cpu_top..
Removed 33 unused cells and 1246 unused wires.
<suppressed ~37 debug messages>

9.6. Executing CHECK pass (checking for obvious problems).
Checking module cpu_top...
Found and reported 0 problems.

9.7. Executing OPT pass (performing simple optimizations).

9.7.1. Executing OPT_EXPR pass (perform const folding).
Optimizing module cpu_top.

9.7.2. Executing OPT_MERGE pass (detect identical cells).
Finding identical cells in module `\cpu_top'.
<suppressed ~99 debug messages>
Removed a total of 33 cells.

9.7.3. Executing OPT_MUXTREE pass (detect dead branches in mux trees).
Running muxtree optimizer on module \cpu_top..
  Creating internal representation of mux trees.
  Evaluating internal representation of mux trees.
  Analyzing evaluation results.
    dead port 1/2 on $mux $flatten\u_rf.$procmux$2453.
    dead port 1/2 on $mux $flatten\u_rf.$procmux$2459.
    dead port 1/2 on $mux $flatten\u_rf.$procmux$2465.
    dead port 1/2 on $mux $procmux$2599.
Removed 4 multiplexer ports.
<suppressed ~49 debug messages>

9.7.4. Executing OPT_REDUCE pass (consolidate $*mux and $reduce_* inputs).
  Optimizing cells in module \cpu_top.
    New ctrl vector for $pmux cell $flatten\u_ctrl.$procmux$2627: $auto$opt_reduce.cc:137:opt_pmux$2797
    New ctrl vector for $pmux cell $flatten\u_ctrl.$procmux$2638: { $flatten\u_ctrl.$procmux$2641_CMP $auto$opt_reduce.cc:137:opt_pmux$2799 }
    New ctrl vector for $pmux cell $flatten\u_ctrl.$procmux$2645: $auto$opt_reduce.cc:137:opt_pmux$2801
    New ctrl vector for $pmux cell $flatten\u_ctrl.$procmux$2703: { $auto$opt_reduce.cc:137:opt_pmux$2803 $flatten\u_ctrl.$procmux$2654_CMP $flatten\u_ctrl.$procmux$2619_CMP }
    New ctrl vector for $pmux cell $flatten\u_ctrl.$procmux$2709: $auto$opt_reduce.cc:137:opt_pmux$2805
    Consolidated identical input bits for $mux cell $flatten\u_dmem.$procmux$2542:
      Old ports: A=16'0000000000000000, B=16'1111111111111111, Y=$flatten\u_dmem.$0$memwr$\mem$../rtl/dmem.v:19$299_EN[15:0]$303
      New ports: A=1'0, B=1'1, Y=$flatten\u_dmem.$0$memwr$\mem$../rtl/dmem.v:19$299_EN[15:0]$303 [0]
      New connections: $flatten\u_dmem.$0$memwr$\mem$../rtl/dmem.v:19$299_EN[15:0]$303 [15:1] = { $flatten\u_dmem.$0$memwr$\mem$../rtl/dmem.v:19$299_EN[15:0]$303 [0] $flatten\u_dmem.$0$memwr$\mem$../rtl/dmem.v:19$299_EN[15:0]$303 [0] $flatten\u_dmem.$0$memwr$\mem$../rtl/dmem.v:19$299_EN[15:0]$303 [0] $flatten\u_dmem.$0$memwr$\mem$../rtl/dmem.v:19$299_EN[15:0]$303 [0] $flatten\u_dmem.$0$memwr$\mem$../rtl/dmem.v:19$299_EN[15:0]$303 [0] $flatten\u_dmem.$0$memwr$\mem$../rtl/dmem.v:19$299_EN[15:0]$303 [0] $flatten\u_dmem.$0$memwr$\mem$../rtl/dmem.v:19$299_EN[15:0]$303 [0] $flatten\u_dmem.$0$memwr$\mem$../rtl/dmem.v:19$299_EN[15:0]$303 [0] $flatten\u_dmem.$0$memwr$\mem$../rtl/dmem.v:19$299_EN[15:0]$303 [0] $flatten\u_dmem.$0$memwr$\mem$../rtl/dmem.v:19$299_EN[15:0]$303 [0] $flatten\u_dmem.$0$memwr$\mem$../rtl/dmem.v:19$299_EN[15:0]$303 [0] $flatten\u_dmem.$0$memwr$\mem$../rtl/dmem.v:19$299_EN[15:0]$303 [0] $flatten\u_dmem.$0$memwr$\mem$../rtl/dmem.v:19$299_EN[15:0]$303 [0] $flatten\u_dmem.$0$memwr$\mem$../rtl/dmem.v:19$299_EN[15:0]$303 [0] $flatten\u_dmem.$0$memwr$\mem$../rtl/dmem.v:19$299_EN[15:0]$303 [0] }
    Consolidated identical input bits for $mux cell $flatten\u_imem.$procmux$2533:
      Old ports: A=16'0000000000000000, B=16'1111111111111111, Y=$flatten\u_imem.$0$memwr$\mem$../rtl/imem.v:21$1926_EN[15:0]$1930
      New ports: A=1'0, B=1'1, Y=$flatten\u_imem.$0$memwr$\mem$../rtl/imem.v:21$1926_EN[15:0]$1930 [0]
      New connections: $flatten\u_imem.$0$memwr$\mem$../rtl/imem.v:21$1926_EN[15:0]$1930 [15:1] = { $flatten\u_imem.$0$memwr$\mem$../rtl/imem.v:21$1926_EN[15:0]$1930 [0] $flatten\u_imem.$0$memwr$\mem$../rtl/imem.v:21$1926_EN[15:0]$1930 [0] $flatten\u_imem.$0$memwr$\mem$../rtl/imem.v:21$1926_EN[15:0]$1930 [0] $flatten\u_imem.$0$memwr$\mem$../rtl/imem.v:21$1926_EN[15:0]$1930 [0] $flatten\u_imem.$0$memwr$\mem$../rtl/imem.v:21$1926_EN[15:0]$1930 [0] $flatten\u_imem.$0$memwr$\mem$../rtl/imem.v:21$1926_EN[15:0]$1930 [0] $flatten\u_imem.$0$memwr$\mem$../rtl/imem.v:21$1926_EN[15:0]$1930 [0] $flatten\u_imem.$0$memwr$\mem$../rtl/imem.v:21$1926_EN[15:0]$1930 [0] $flatten\u_imem.$0$memwr$\mem$../rtl/imem.v:21$1926_EN[15:0]$1930 [0] $flatten\u_imem.$0$memwr$\mem$../rtl/imem.v:21$1926_EN[15:0]$1930 [0] $flatten\u_imem.$0$memwr$\mem$../rtl/imem.v:21$1926_EN[15:0]$1930 [0] $flatten\u_imem.$0$memwr$\mem$../rtl/imem.v:21$1926_EN[15:0]$1930 [0] $flatten\u_imem.$0$memwr$\mem$../rtl/imem.v:21$1926_EN[15:0]$1930 [0] $flatten\u_imem.$0$memwr$\mem$../rtl/imem.v:21$1926_EN[15:0]$1930 [0] $flatten\u_imem.$0$memwr$\mem$../rtl/imem.v:21$1926_EN[15:0]$1930 [0] }
    Consolidated identical input bits for $mux cell $flatten\u_rf.$procmux$2450:
      Old ports: A=16'0000000000000000, B=16'1111111111111111, Y=$flatten\u_rf.$procmux$2450_Y
      New ports: A=1'0, B=1'1, Y=$flatten\u_rf.$procmux$2450_Y [0]
      New connections: $flatten\u_rf.$procmux$2450_Y [15:1] = { $flatten\u_rf.$procmux$2450_Y [0] $flatten\u_rf.$procmux$2450_Y [0] $flatten\u_rf.$procmux$2450_Y [0] $flatten\u_rf.$procmux$2450_Y [0] $flatten\u_rf.$procmux$2450_Y [0] $flatten\u_rf.$procmux$2450_Y [0] $flatten\u_rf.$procmux$2450_Y [0] $flatten\u_rf.$procmux$2450_Y [0] $flatten\u_rf.$procmux$2450_Y [0] $flatten\u_rf.$procmux$2450_Y [0] $flatten\u_rf.$procmux$2450_Y [0] $flatten\u_rf.$procmux$2450_Y [0] $flatten\u_rf.$procmux$2450_Y [0] $flatten\u_rf.$procmux$2450_Y [0] $flatten\u_rf.$procmux$2450_Y [0] }
    Consolidated identical input bits for $mux cell $flatten\u_rf.$procmux$2471:
      Old ports: A=16'0000000000000000, B=16'1111111111111111, Y=$flatten\u_rf.$0$memwr$\r$../rtl/regfile.v:21$1618_EN[15:0]$1636
      New ports: A=1'0, B=1'1, Y=$flatten\u_rf.$0$memwr$\r$../rtl/regfile.v:21$1618_EN[15:0]$1636 [0]
      New connections: $flatten\u_rf.$0$memwr$\r$../rtl/regfile.v:21$1618_EN[15:0]$1636 [15:1] = { $flatten\u_rf.$0$memwr$\r$../rtl/regfile.v:21$1618_EN[15:0]$1636 [0] $flatten\u_rf.$0$memwr$\r$../rtl/regfile.v:21$1618_EN[15:0]$1636 [0] $flatten\u_rf.$0$memwr$\r$../rtl/regfile.v:21$1618_EN[15:0]$1636 [0] $flatten\u_rf.$0$memwr$\r$../rtl/regfile.v:21$1618_EN[15:0]$1636 [0] $flatten\u_rf.$0$memwr$\r$../rtl/regfile.v:21$1618_EN[15:0]$1636 [0] $flatten\u_rf.$0$memwr$\r$../rtl/regfile.v:21$1618_EN[15:0]$1636 [0] $flatten\u_rf.$0$memwr$\r$../rtl/regfile.v:21$1618_EN[15:0]$1636 [0] $flatten\u_rf.$0$memwr$\r$../rtl/regfile.v:21$1618_EN[15:0]$1636 [0] $flatten\u_rf.$0$memwr$\r$../rtl/regfile.v:21$1618_EN[15:0]$1636 [0] $flatten\u_rf.$0$memwr$\r$../rtl/regfile.v:21$1618_EN[15:0]$1636 [0] $flatten\u_rf.$0$memwr$\r$../rtl/regfile.v:21$1618_EN[15:0]$1636 [0] $flatten\u_rf.$0$memwr$\r$../rtl/regfile.v:21$1618_EN[15:0]$1636 [0] $flatten\u_rf.$0$memwr$\r$../rtl/regfile.v:21$1618_EN[15:0]$1636 [0] $flatten\u_rf.$0$memwr$\r$../rtl/regfile.v:21$1618_EN[15:0]$1636 [0] $flatten\u_rf.$0$memwr$\r$../rtl/regfile.v:21$1618_EN[15:0]$1636 [0] }
    Consolidated identical input bits for $mux cell $flatten\u_rf.$procmux$2474:
      Old ports: A=16'0000000000000000, B=16'1111111111111111, Y=$flatten\u_rf.$0$memwr$\r$../rtl/regfile.v:21$1617_EN[15:0]$1635
      New ports: A=1'0, B=1'1, Y=$flatten\u_rf.$0$memwr$\r$../rtl/regfile.v:21$1617_EN[15:0]$1635 [0]
      New connections: $flatten\u_rf.$0$memwr$\r$../rtl/regfile.v:21$1617_EN[15:0]$1635 [15:1] = { $flatten\u_rf.$0$memwr$\r$../rtl/regfile.v:21$1617_EN[15:0]$1635 [0] $flatten\u_rf.$0$memwr$\r$../rtl/regfile.v:21$1617_EN[15:0]$1635 [0] $flatten\u_rf.$0$memwr$\r$../rtl/regfile.v:21$1617_EN[15:0]$1635 [0] $flatten\u_rf.$0$memwr$\r$../rtl/regfile.v:21$1617_EN[15:0]$1635 [0] $flatten\u_rf.$0$memwr$\r$../rtl/regfile.v:21$1617_EN[15:0]$1635 [0] $flatten\u_rf.$0$memwr$\r$../rtl/regfile.v:21$1617_EN[15:0]$1635 [0] $flatten\u_rf.$0$memwr$\r$../rtl/regfile.v:21$1617_EN[15:0]$1635 [0] $flatten\u_rf.$0$memwr$\r$../rtl/regfile.v:21$1617_EN[15:0]$1635 [0] $flatten\u_rf.$0$memwr$\r$../rtl/regfile.v:21$1617_EN[15:0]$1635 [0] $flatten\u_rf.$0$memwr$\r$../rtl/regfile.v:21$1617_EN[15:0]$1635 [0] $flatten\u_rf.$0$memwr$\r$../rtl/regfile.v:21$1617_EN[15:0]$1635 [0] $flatten\u_rf.$0$memwr$\r$../rtl/regfile.v:21$1617_EN[15:0]$1635 [0] $flatten\u_rf.$0$memwr$\r$../rtl/regfile.v:21$1617_EN[15:0]$1635 [0] $flatten\u_rf.$0$memwr$\r$../rtl/regfile.v:21$1617_EN[15:0]$1635 [0] $flatten\u_rf.$0$memwr$\r$../rtl/regfile.v:21$1617_EN[15:0]$1635 [0] }
    Consolidated identical input bits for $mux cell $flatten\u_rf.$procmux$2477:
      Old ports: A=16'0000000000000000, B=16'1111111111111111, Y=$flatten\u_rf.$0$memwr$\r$../rtl/regfile.v:21$1616_EN[15:0]$1634
      New ports: A=1'0, B=1'1, Y=$flatten\u_rf.$0$memwr$\r$../rtl/regfile.v:21$1616_EN[15:0]$1634 [0]
      New connections: $flatten\u_rf.$0$memwr$\r$../rtl/regfile.v:21$1616_EN[15:0]$1634 [15:1] = { $flatten\u_rf.$0$memwr$\r$../rtl/regfile.v:21$1616_EN[15:0]$1634 [0] $flatten\u_rf.$0$memwr$\r$../rtl/regfile.v:21$1616_EN[15:0]$1634 [0] $flatten\u_rf.$0$memwr$\r$../rtl/regfile.v:21$1616_EN[15:0]$1634 [0] $flatten\u_rf.$0$memwr$\r$../rtl/regfile.v:21$1616_EN[15:0]$1634 [0] $flatten\u_rf.$0$memwr$\r$../rtl/regfile.v:21$1616_EN[15:0]$1634 [0] $flatten\u_rf.$0$memwr$\r$../rtl/regfile.v:21$1616_EN[15:0]$1634 [0] $flatten\u_rf.$0$memwr$\r$../rtl/regfile.v:21$1616_EN[15:0]$1634 [0] $flatten\u_rf.$0$memwr$\r$../rtl/regfile.v:21$1616_EN[15:0]$1634 [0] $flatten\u_rf.$0$memwr$\r$../rtl/regfile.v:21$1616_EN[15:0]$1634 [0] $flatten\u_rf.$0$memwr$\r$../rtl/regfile.v:21$1616_EN[15:0]$1634 [0] $flatten\u_rf.$0$memwr$\r$../rtl/regfile.v:21$1616_EN[15:0]$1634 [0] $flatten\u_rf.$0$memwr$\r$../rtl/regfile.v:21$1616_EN[15:0]$1634 [0] $flatten\u_rf.$0$memwr$\r$../rtl/regfile.v:21$1616_EN[15:0]$1634 [0] $flatten\u_rf.$0$memwr$\r$../rtl/regfile.v:21$1616_EN[15:0]$1634 [0] $flatten\u_rf.$0$memwr$\r$../rtl/regfile.v:21$1616_EN[15:0]$1634 [0] }
    Consolidated identical input bits for $mux cell $flatten\u_rf.$procmux$2480:
      Old ports: A=16'0000000000000000, B=16'1111111111111111, Y=$flatten\u_rf.$0$memwr$\r$../rtl/regfile.v:21$1615_EN[15:0]$1633
      New ports: A=1'0, B=1'1, Y=$flatten\u_rf.$0$memwr$\r$../rtl/regfile.v:21$1615_EN[15:0]$1633 [0]
      New connections: $flatten\u_rf.$0$memwr$\r$../rtl/regfile.v:21$1615_EN[15:0]$1633 [15:1] = { $flatten\u_rf.$0$memwr$\r$../rtl/regfile.v:21$1615_EN[15:0]$1633 [0] $flatten\u_rf.$0$memwr$\r$../rtl/regfile.v:21$1615_EN[15:0]$1633 [0] $flatten\u_rf.$0$memwr$\r$../rtl/regfile.v:21$1615_EN[15:0]$1633 [0] $flatten\u_rf.$0$memwr$\r$../rtl/regfile.v:21$1615_EN[15:0]$1633 [0] $flatten\u_rf.$0$memwr$\r$../rtl/regfile.v:21$1615_EN[15:0]$1633 [0] $flatten\u_rf.$0$memwr$\r$../rtl/regfile.v:21$1615_EN[15:0]$1633 [0] $flatten\u_rf.$0$memwr$\r$../rtl/regfile.v:21$1615_EN[15:0]$1633 [0] $flatten\u_rf.$0$memwr$\r$../rtl/regfile.v:21$1615_EN[15:0]$1633 [0] $flatten\u_rf.$0$memwr$\r$../rtl/regfile.v:21$1615_EN[15:0]$1633 [0] $flatten\u_rf.$0$memwr$\r$../rtl/regfile.v:21$1615_EN[15:0]$1633 [0] $flatten\u_rf.$0$memwr$\r$../rtl/regfile.v:21$1615_EN[15:0]$1633 [0] $flatten\u_rf.$0$memwr$\r$../rtl/regfile.v:21$1615_EN[15:0]$1633 [0] $flatten\u_rf.$0$memwr$\r$../rtl/regfile.v:21$1615_EN[15:0]$1633 [0] $flatten\u_rf.$0$memwr$\r$../rtl/regfile.v:21$1615_EN[15:0]$1633 [0] $flatten\u_rf.$0$memwr$\r$../rtl/regfile.v:21$1615_EN[15:0]$1633 [0] }
    Consolidated identical input bits for $mux cell $flatten\u_rf.$procmux$2483:
      Old ports: A=16'0000000000000000, B=16'1111111111111111, Y=$flatten\u_rf.$0$memwr$\r$../rtl/regfile.v:21$1614_EN[15:0]$1632
      New ports: A=1'0, B=1'1, Y=$flatten\u_rf.$0$memwr$\r$../rtl/regfile.v:21$1614_EN[15:0]$1632 [0]
      New connections: $flatten\u_rf.$0$memwr$\r$../rtl/regfile.v:21$1614_EN[15:0]$1632 [15:1] = { $flatten\u_rf.$0$memwr$\r$../rtl/regfile.v:21$1614_EN[15:0]$1632 [0] $flatten\u_rf.$0$memwr$\r$../rtl/regfile.v:21$1614_EN[15:0]$1632 [0] $flatten\u_rf.$0$memwr$\r$../rtl/regfile.v:21$1614_EN[15:0]$1632 [0] $flatten\u_rf.$0$memwr$\r$../rtl/regfile.v:21$1614_EN[15:0]$1632 [0] $flatten\u_rf.$0$memwr$\r$../rtl/regfile.v:21$1614_EN[15:0]$1632 [0] $flatten\u_rf.$0$memwr$\r$../rtl/regfile.v:21$1614_EN[15:0]$1632 [0] $flatten\u_rf.$0$memwr$\r$../rtl/regfile.v:21$1614_EN[15:0]$1632 [0] $flatten\u_rf.$0$memwr$\r$../rtl/regfile.v:21$1614_EN[15:0]$1632 [0] $flatten\u_rf.$0$memwr$\r$../rtl/regfile.v:21$1614_EN[15:0]$1632 [0] $flatten\u_rf.$0$memwr$\r$../rtl/regfile.v:21$1614_EN[15:0]$1632 [0] $flatten\u_rf.$0$memwr$\r$../rtl/regfile.v:21$1614_EN[15:0]$1632 [0] $flatten\u_rf.$0$memwr$\r$../rtl/regfile.v:21$1614_EN[15:0]$1632 [0] $flatten\u_rf.$0$memwr$\r$../rtl/regfile.v:21$1614_EN[15:0]$1632 [0] $flatten\u_rf.$0$memwr$\r$../rtl/regfile.v:21$1614_EN[15:0]$1632 [0] $flatten\u_rf.$0$memwr$\r$../rtl/regfile.v:21$1614_EN[15:0]$1632 [0] }
    Consolidated identical input bits for $mux cell $flatten\u_rf.$procmux$2486:
      Old ports: A=16'0000000000000000, B=16'1111111111111111, Y=$flatten\u_rf.$0$memwr$\r$../rtl/regfile.v:21$1613_EN[15:0]$1631
      New ports: A=1'0, B=1'1, Y=$flatten\u_rf.$0$memwr$\r$../rtl/regfile.v:21$1613_EN[15:0]$1631 [0]
      New connections: $flatten\u_rf.$0$memwr$\r$../rtl/regfile.v:21$1613_EN[15:0]$1631 [15:1] = { $flatten\u_rf.$0$memwr$\r$../rtl/regfile.v:21$1613_EN[15:0]$1631 [0] $flatten\u_rf.$0$memwr$\r$../rtl/regfile.v:21$1613_EN[15:0]$1631 [0] $flatten\u_rf.$0$memwr$\r$../rtl/regfile.v:21$1613_EN[15:0]$1631 [0] $flatten\u_rf.$0$memwr$\r$../rtl/regfile.v:21$1613_EN[15:0]$1631 [0] $flatten\u_rf.$0$memwr$\r$../rtl/regfile.v:21$1613_EN[15:0]$1631 [0] $flatten\u_rf.$0$memwr$\r$../rtl/regfile.v:21$1613_EN[15:0]$1631 [0] $flatten\u_rf.$0$memwr$\r$../rtl/regfile.v:21$1613_EN[15:0]$1631 [0] $flatten\u_rf.$0$memwr$\r$../rtl/regfile.v:21$1613_EN[15:0]$1631 [0] $flatten\u_rf.$0$memwr$\r$../rtl/regfile.v:21$1613_EN[15:0]$1631 [0] $flatten\u_rf.$0$memwr$\r$../rtl/regfile.v:21$1613_EN[15:0]$1631 [0] $flatten\u_rf.$0$memwr$\r$../rtl/regfile.v:21$1613_EN[15:0]$1631 [0] $flatten\u_rf.$0$memwr$\r$../rtl/regfile.v:21$1613_EN[15:0]$1631 [0] $flatten\u_rf.$0$memwr$\r$../rtl/regfile.v:21$1613_EN[15:0]$1631 [0] $flatten\u_rf.$0$memwr$\r$../rtl/regfile.v:21$1613_EN[15:0]$1631 [0] $flatten\u_rf.$0$memwr$\r$../rtl/regfile.v:21$1613_EN[15:0]$1631 [0] }
    Consolidated identical input bits for $mux cell $flatten\u_rf.$procmux$2489:
      Old ports: A=16'0000000000000000, B=16'1111111111111111, Y=$flatten\u_rf.$0$memwr$\r$../rtl/regfile.v:21$1612_EN[15:0]$1630
      New ports: A=1'0, B=1'1, Y=$flatten\u_rf.$0$memwr$\r$../rtl/regfile.v:21$1612_EN[15:0]$1630 [0]
      New connections: $flatten\u_rf.$0$memwr$\r$../rtl/regfile.v:21$1612_EN[15:0]$1630 [15:1] = { $flatten\u_rf.$0$memwr$\r$../rtl/regfile.v:21$1612_EN[15:0]$1630 [0] $flatten\u_rf.$0$memwr$\r$../rtl/regfile.v:21$1612_EN[15:0]$1630 [0] $flatten\u_rf.$0$memwr$\r$../rtl/regfile.v:21$1612_EN[15:0]$1630 [0] $flatten\u_rf.$0$memwr$\r$../rtl/regfile.v:21$1612_EN[15:0]$1630 [0] $flatten\u_rf.$0$memwr$\r$../rtl/regfile.v:21$1612_EN[15:0]$1630 [0] $flatten\u_rf.$0$memwr$\r$../rtl/regfile.v:21$1612_EN[15:0]$1630 [0] $flatten\u_rf.$0$memwr$\r$../rtl/regfile.v:21$1612_EN[15:0]$1630 [0] $flatten\u_rf.$0$memwr$\r$../rtl/regfile.v:21$1612_EN[15:0]$1630 [0] $flatten\u_rf.$0$memwr$\r$../rtl/regfile.v:21$1612_EN[15:0]$1630 [0] $flatten\u_rf.$0$memwr$\r$../rtl/regfile.v:21$1612_EN[15:0]$1630 [0] $flatten\u_rf.$0$memwr$\r$../rtl/regfile.v:21$1612_EN[15:0]$1630 [0] $flatten\u_rf.$0$memwr$\r$../rtl/regfile.v:21$1612_EN[15:0]$1630 [0] $flatten\u_rf.$0$memwr$\r$../rtl/regfile.v:21$1612_EN[15:0]$1630 [0] $flatten\u_rf.$0$memwr$\r$../rtl/regfile.v:21$1612_EN[15:0]$1630 [0] $flatten\u_rf.$0$memwr$\r$../rtl/regfile.v:21$1612_EN[15:0]$1630 [0] }
    Consolidated identical input bits for $mux cell $flatten\u_rf.$procmux$2492:
      Old ports: A=16'0000000000000000, B=16'1111111111111111, Y=$flatten\u_rf.$0$memwr$\r$../rtl/regfile.v:21$1611_EN[15:0]$1629
      New ports: A=1'0, B=1'1, Y=$flatten\u_rf.$0$memwr$\r$../rtl/regfile.v:21$1611_EN[15:0]$1629 [0]
      New connections: $flatten\u_rf.$0$memwr$\r$../rtl/regfile.v:21$1611_EN[15:0]$1629 [15:1] = { $flatten\u_rf.$0$memwr$\r$../rtl/regfile.v:21$1611_EN[15:0]$1629 [0] $flatten\u_rf.$0$memwr$\r$../rtl/regfile.v:21$1611_EN[15:0]$1629 [0] $flatten\u_rf.$0$memwr$\r$../rtl/regfile.v:21$1611_EN[15:0]$1629 [0] $flatten\u_rf.$0$memwr$\r$../rtl/regfile.v:21$1611_EN[15:0]$1629 [0] $flatten\u_rf.$0$memwr$\r$../rtl/regfile.v:21$1611_EN[15:0]$1629 [0] $flatten\u_rf.$0$memwr$\r$../rtl/regfile.v:21$1611_EN[15:0]$1629 [0] $flatten\u_rf.$0$memwr$\r$../rtl/regfile.v:21$1611_EN[15:0]$1629 [0] $flatten\u_rf.$0$memwr$\r$../rtl/regfile.v:21$1611_EN[15:0]$1629 [0] $flatten\u_rf.$0$memwr$\r$../rtl/regfile.v:21$1611_EN[15:0]$1629 [0] $flatten\u_rf.$0$memwr$\r$../rtl/regfile.v:21$1611_EN[15:0]$1629 [0] $flatten\u_rf.$0$memwr$\r$../rtl/regfile.v:21$1611_EN[15:0]$1629 [0] $flatten\u_rf.$0$memwr$\r$../rtl/regfile.v:21$1611_EN[15:0]$1629 [0] $flatten\u_rf.$0$memwr$\r$../rtl/regfile.v:21$1611_EN[15:0]$1629 [0] $flatten\u_rf.$0$memwr$\r$../rtl/regfile.v:21$1611_EN[15:0]$1629 [0] $flatten\u_rf.$0$memwr$\r$../rtl/regfile.v:21$1611_EN[15:0]$1629 [0] }
    Consolidated identical input bits for $mux cell $flatten\u_rf.$procmux$2495:
      Old ports: A=16'0000000000000000, B=16'1111111111111111, Y=$flatten\u_rf.$0$memwr$\r$../rtl/regfile.v:21$1610_EN[15:0]$1628
      New ports: A=1'0, B=1'1, Y=$flatten\u_rf.$0$memwr$\r$../rtl/regfile.v:21$1610_EN[15:0]$1628 [0]
      New connections: $flatten\u_rf.$0$memwr$\r$../rtl/regfile.v:21$1610_EN[15:0]$1628 [15:1] = { $flatten\u_rf.$0$memwr$\r$../rtl/regfile.v:21$1610_EN[15:0]$1628 [0] $flatten\u_rf.$0$memwr$\r$../rtl/regfile.v:21$1610_EN[15:0]$1628 [0] $flatten\u_rf.$0$memwr$\r$../rtl/regfile.v:21$1610_EN[15:0]$1628 [0] $flatten\u_rf.$0$memwr$\r$../rtl/regfile.v:21$1610_EN[15:0]$1628 [0] $flatten\u_rf.$0$memwr$\r$../rtl/regfile.v:21$1610_EN[15:0]$1628 [0] $flatten\u_rf.$0$memwr$\r$../rtl/regfile.v:21$1610_EN[15:0]$1628 [0] $flatten\u_rf.$0$memwr$\r$../rtl/regfile.v:21$1610_EN[15:0]$1628 [0] $flatten\u_rf.$0$memwr$\r$../rtl/regfile.v:21$1610_EN[15:0]$1628 [0] $flatten\u_rf.$0$memwr$\r$../rtl/regfile.v:21$1610_EN[15:0]$1628 [0] $flatten\u_rf.$0$memwr$\r$../rtl/regfile.v:21$1610_EN[15:0]$1628 [0] $flatten\u_rf.$0$memwr$\r$../rtl/regfile.v:21$1610_EN[15:0]$1628 [0] $flatten\u_rf.$0$memwr$\r$../rtl/regfile.v:21$1610_EN[15:0]$1628 [0] $flatten\u_rf.$0$memwr$\r$../rtl/regfile.v:21$1610_EN[15:0]$1628 [0] $flatten\u_rf.$0$memwr$\r$../rtl/regfile.v:21$1610_EN[15:0]$1628 [0] $flatten\u_rf.$0$memwr$\r$../rtl/regfile.v:21$1610_EN[15:0]$1628 [0] }
    Consolidated identical input bits for $mux cell $flatten\u_rf.$procmux$2498:
      Old ports: A=16'0000000000000000, B=16'1111111111111111, Y=$flatten\u_rf.$0$memwr$\r$../rtl/regfile.v:21$1609_EN[15:0]$1627
      New ports: A=1'0, B=1'1, Y=$flatten\u_rf.$0$memwr$\r$../rtl/regfile.v:21$1609_EN[15:0]$1627 [0]
      New connections: $flatten\u_rf.$0$memwr$\r$../rtl/regfile.v:21$1609_EN[15:0]$1627 [15:1] = { $flatten\u_rf.$0$memwr$\r$../rtl/regfile.v:21$1609_EN[15:0]$1627 [0] $flatten\u_rf.$0$memwr$\r$../rtl/regfile.v:21$1609_EN[15:0]$1627 [0] $flatten\u_rf.$0$memwr$\r$../rtl/regfile.v:21$1609_EN[15:0]$1627 [0] $flatten\u_rf.$0$memwr$\r$../rtl/regfile.v:21$1609_EN[15:0]$1627 [0] $flatten\u_rf.$0$memwr$\r$../rtl/regfile.v:21$1609_EN[15:0]$1627 [0] $flatten\u_rf.$0$memwr$\r$../rtl/regfile.v:21$1609_EN[15:0]$1627 [0] $flatten\u_rf.$0$memwr$\r$../rtl/regfile.v:21$1609_EN[15:0]$1627 [0] $flatten\u_rf.$0$memwr$\r$../rtl/regfile.v:21$1609_EN[15:0]$1627 [0] $flatten\u_rf.$0$memwr$\r$../rtl/regfile.v:21$1609_EN[15:0]$1627 [0] $flatten\u_rf.$0$memwr$\r$../rtl/regfile.v:21$1609_EN[15:0]$1627 [0] $flatten\u_rf.$0$memwr$\r$../rtl/regfile.v:21$1609_EN[15:0]$1627 [0] $flatten\u_rf.$0$memwr$\r$../rtl/regfile.v:21$1609_EN[15:0]$1627 [0] $flatten\u_rf.$0$memwr$\r$../rtl/regfile.v:21$1609_EN[15:0]$1627 [0] $flatten\u_rf.$0$memwr$\r$../rtl/regfile.v:21$1609_EN[15:0]$1627 [0] $flatten\u_rf.$0$memwr$\r$../rtl/regfile.v:21$1609_EN[15:0]$1627 [0] }
    Consolidated identical input bits for $mux cell $flatten\u_rf.$procmux$2501:
      Old ports: A=16'0000000000000000, B=16'1111111111111111, Y=$flatten\u_rf.$0$memwr$\r$../rtl/regfile.v:21$1608_EN[15:0]$1626
      New ports: A=1'0, B=1'1, Y=$flatten\u_rf.$0$memwr$\r$../rtl/regfile.v:21$1608_EN[15:0]$1626 [0]
      New connections: $flatten\u_rf.$0$memwr$\r$../rtl/regfile.v:21$1608_EN[15:0]$1626 [15:1] = { $flatten\u_rf.$0$memwr$\r$../rtl/regfile.v:21$1608_EN[15:0]$1626 [0] $flatten\u_rf.$0$memwr$\r$../rtl/regfile.v:21$1608_EN[15:0]$1626 [0] $flatten\u_rf.$0$memwr$\r$../rtl/regfile.v:21$1608_EN[15:0]$1626 [0] $flatten\u_rf.$0$memwr$\r$../rtl/regfile.v:21$1608_EN[15:0]$1626 [0] $flatten\u_rf.$0$memwr$\r$../rtl/regfile.v:21$1608_EN[15:0]$1626 [0] $flatten\u_rf.$0$memwr$\r$../rtl/regfile.v:21$1608_EN[15:0]$1626 [0] $flatten\u_rf.$0$memwr$\r$../rtl/regfile.v:21$1608_EN[15:0]$1626 [0] $flatten\u_rf.$0$memwr$\r$../rtl/regfile.v:21$1608_EN[15:0]$1626 [0] $flatten\u_rf.$0$memwr$\r$../rtl/regfile.v:21$1608_EN[15:0]$1626 [0] $flatten\u_rf.$0$memwr$\r$../rtl/regfile.v:21$1608_EN[15:0]$1626 [0] $flatten\u_rf.$0$memwr$\r$../rtl/regfile.v:21$1608_EN[15:0]$1626 [0] $flatten\u_rf.$0$memwr$\r$../rtl/regfile.v:21$1608_EN[15:0]$1626 [0] $flatten\u_rf.$0$memwr$\r$../rtl/regfile.v:21$1608_EN[15:0]$1626 [0] $flatten\u_rf.$0$memwr$\r$../rtl/regfile.v:21$1608_EN[15:0]$1626 [0] $flatten\u_rf.$0$memwr$\r$../rtl/regfile.v:21$1608_EN[15:0]$1626 [0] }
    Consolidated identical input bits for $mux cell $flatten\u_rf.$procmux$2504:
      Old ports: A=16'0000000000000000, B=16'1111111111111111, Y=$flatten\u_rf.$0$memwr$\r$../rtl/regfile.v:21$1607_EN[15:0]$1625
      New ports: A=1'0, B=1'1, Y=$flatten\u_rf.$0$memwr$\r$../rtl/regfile.v:21$1607_EN[15:0]$1625 [0]
      New connections: $flatten\u_rf.$0$memwr$\r$../rtl/regfile.v:21$1607_EN[15:0]$1625 [15:1] = { $flatten\u_rf.$0$memwr$\r$../rtl/regfile.v:21$1607_EN[15:0]$1625 [0] $flatten\u_rf.$0$memwr$\r$../rtl/regfile.v:21$1607_EN[15:0]$1625 [0] $flatten\u_rf.$0$memwr$\r$../rtl/regfile.v:21$1607_EN[15:0]$1625 [0] $flatten\u_rf.$0$memwr$\r$../rtl/regfile.v:21$1607_EN[15:0]$1625 [0] $flatten\u_rf.$0$memwr$\r$../rtl/regfile.v:21$1607_EN[15:0]$1625 [0] $flatten\u_rf.$0$memwr$\r$../rtl/regfile.v:21$1607_EN[15:0]$1625 [0] $flatten\u_rf.$0$memwr$\r$../rtl/regfile.v:21$1607_EN[15:0]$1625 [0] $flatten\u_rf.$0$memwr$\r$../rtl/regfile.v:21$1607_EN[15:0]$1625 [0] $flatten\u_rf.$0$memwr$\r$../rtl/regfile.v:21$1607_EN[15:0]$1625 [0] $flatten\u_rf.$0$memwr$\r$../rtl/regfile.v:21$1607_EN[15:0]$1625 [0] $flatten\u_rf.$0$memwr$\r$../rtl/regfile.v:21$1607_EN[15:0]$1625 [0] $flatten\u_rf.$0$memwr$\r$../rtl/regfile.v:21$1607_EN[15:0]$1625 [0] $flatten\u_rf.$0$memwr$\r$../rtl/regfile.v:21$1607_EN[15:0]$1625 [0] $flatten\u_rf.$0$memwr$\r$../rtl/regfile.v:21$1607_EN[15:0]$1625 [0] $flatten\u_rf.$0$memwr$\r$../rtl/regfile.v:21$1607_EN[15:0]$1625 [0] }
    Consolidated identical input bits for $mux cell $flatten\u_rf.$procmux$2507:
      Old ports: A=16'0000000000000000, B=16'1111111111111111, Y=$flatten\u_rf.$0$memwr$\r$../rtl/regfile.v:21$1606_EN[15:0]$1624
      New ports: A=1'0, B=1'1, Y=$flatten\u_rf.$0$memwr$\r$../rtl/regfile.v:21$1606_EN[15:0]$1624 [0]
      New connections: $flatten\u_rf.$0$memwr$\r$../rtl/regfile.v:21$1606_EN[15:0]$1624 [15:1] = { $flatten\u_rf.$0$memwr$\r$../rtl/regfile.v:21$1606_EN[15:0]$1624 [0] $flatten\u_rf.$0$memwr$\r$../rtl/regfile.v:21$1606_EN[15:0]$1624 [0] $flatten\u_rf.$0$memwr$\r$../rtl/regfile.v:21$1606_EN[15:0]$1624 [0] $flatten\u_rf.$0$memwr$\r$../rtl/regfile.v:21$1606_EN[15:0]$1624 [0] $flatten\u_rf.$0$memwr$\r$../rtl/regfile.v:21$1606_EN[15:0]$1624 [0] $flatten\u_rf.$0$memwr$\r$../rtl/regfile.v:21$1606_EN[15:0]$1624 [0] $flatten\u_rf.$0$memwr$\r$../rtl/regfile.v:21$1606_EN[15:0]$1624 [0] $flatten\u_rf.$0$memwr$\r$../rtl/regfile.v:21$1606_EN[15:0]$1624 [0] $flatten\u_rf.$0$memwr$\r$../rtl/regfile.v:21$1606_EN[15:0]$1624 [0] $flatten\u_rf.$0$memwr$\r$../rtl/regfile.v:21$1606_EN[15:0]$1624 [0] $flatten\u_rf.$0$memwr$\r$../rtl/regfile.v:21$1606_EN[15:0]$1624 [0] $flatten\u_rf.$0$memwr$\r$../rtl/regfile.v:21$1606_EN[15:0]$1624 [0] $flatten\u_rf.$0$memwr$\r$../rtl/regfile.v:21$1606_EN[15:0]$1624 [0] $flatten\u_rf.$0$memwr$\r$../rtl/regfile.v:21$1606_EN[15:0]$1624 [0] $flatten\u_rf.$0$memwr$\r$../rtl/regfile.v:21$1606_EN[15:0]$1624 [0] }
    Consolidated identical input bits for $mux cell $flatten\u_rf.$procmux$2510:
      Old ports: A=16'0000000000000000, B=16'1111111111111111, Y=$flatten\u_rf.$0$memwr$\r$../rtl/regfile.v:21$1605_EN[15:0]$1623
      New ports: A=1'0, B=1'1, Y=$flatten\u_rf.$0$memwr$\r$../rtl/regfile.v:21$1605_EN[15:0]$1623 [0]
      New connections: $flatten\u_rf.$0$memwr$\r$../rtl/regfile.v:21$1605_EN[15:0]$1623 [15:1] = { $flatten\u_rf.$0$memwr$\r$../rtl/regfile.v:21$1605_EN[15:0]$1623 [0] $flatten\u_rf.$0$memwr$\r$../rtl/regfile.v:21$1605_EN[15:0]$1623 [0] $flatten\u_rf.$0$memwr$\r$../rtl/regfile.v:21$1605_EN[15:0]$1623 [0] $flatten\u_rf.$0$memwr$\r$../rtl/regfile.v:21$1605_EN[15:0]$1623 [0] $flatten\u_rf.$0$memwr$\r$../rtl/regfile.v:21$1605_EN[15:0]$1623 [0] $flatten\u_rf.$0$memwr$\r$../rtl/regfile.v:21$1605_EN[15:0]$1623 [0] $flatten\u_rf.$0$memwr$\r$../rtl/regfile.v:21$1605_EN[15:0]$1623 [0] $flatten\u_rf.$0$memwr$\r$../rtl/regfile.v:21$1605_EN[15:0]$1623 [0] $flatten\u_rf.$0$memwr$\r$../rtl/regfile.v:21$1605_EN[15:0]$1623 [0] $flatten\u_rf.$0$memwr$\r$../rtl/regfile.v:21$1605_EN[15:0]$1623 [0] $flatten\u_rf.$0$memwr$\r$../rtl/regfile.v:21$1605_EN[15:0]$1623 [0] $flatten\u_rf.$0$memwr$\r$../rtl/regfile.v:21$1605_EN[15:0]$1623 [0] $flatten\u_rf.$0$memwr$\r$../rtl/regfile.v:21$1605_EN[15:0]$1623 [0] $flatten\u_rf.$0$memwr$\r$../rtl/regfile.v:21$1605_EN[15:0]$1623 [0] $flatten\u_rf.$0$memwr$\r$../rtl/regfile.v:21$1605_EN[15:0]$1623 [0] }
    Consolidated identical input bits for $mux cell $flatten\u_rf.$procmux$2513:
      Old ports: A=16'0000000000000000, B=16'1111111111111111, Y=$flatten\u_rf.$0$memwr$\r$../rtl/regfile.v:21$1604_EN[15:0]$1622
      New ports: A=1'0, B=1'1, Y=$flatten\u_rf.$0$memwr$\r$../rtl/regfile.v:21$1604_EN[15:0]$1622 [0]
      New connections: $flatten\u_rf.$0$memwr$\r$../rtl/regfile.v:21$1604_EN[15:0]$1622 [15:1] = { $flatten\u_rf.$0$memwr$\r$../rtl/regfile.v:21$1604_EN[15:0]$1622 [0] $flatten\u_rf.$0$memwr$\r$../rtl/regfile.v:21$1604_EN[15:0]$1622 [0] $flatten\u_rf.$0$memwr$\r$../rtl/regfile.v:21$1604_EN[15:0]$1622 [0] $flatten\u_rf.$0$memwr$\r$../rtl/regfile.v:21$1604_EN[15:0]$1622 [0] $flatten\u_rf.$0$memwr$\r$../rtl/regfile.v:21$1604_EN[15:0]$1622 [0] $flatten\u_rf.$0$memwr$\r$../rtl/regfile.v:21$1604_EN[15:0]$1622 [0] $flatten\u_rf.$0$memwr$\r$../rtl/regfile.v:21$1604_EN[15:0]$1622 [0] $flatten\u_rf.$0$memwr$\r$../rtl/regfile.v:21$1604_EN[15:0]$1622 [0] $flatten\u_rf.$0$memwr$\r$../rtl/regfile.v:21$1604_EN[15:0]$1622 [0] $flatten\u_rf.$0$memwr$\r$../rtl/regfile.v:21$1604_EN[15:0]$1622 [0] $flatten\u_rf.$0$memwr$\r$../rtl/regfile.v:21$1604_EN[15:0]$1622 [0] $flatten\u_rf.$0$memwr$\r$../rtl/regfile.v:21$1604_EN[15:0]$1622 [0] $flatten\u_rf.$0$memwr$\r$../rtl/regfile.v:21$1604_EN[15:0]$1622 [0] $flatten\u_rf.$0$memwr$\r$../rtl/regfile.v:21$1604_EN[15:0]$1622 [0] $flatten\u_rf.$0$memwr$\r$../rtl/regfile.v:21$1604_EN[15:0]$1622 [0] }
    Consolidated identical input bits for $mux cell $flatten\u_rf.$procmux$2516:
      Old ports: A=16'0000000000000000, B=16'1111111111111111, Y=$flatten\u_rf.$0$memwr$\r$../rtl/regfile.v:21$1603_EN[15:0]$1621
      New ports: A=1'0, B=1'1, Y=$flatten\u_rf.$0$memwr$\r$../rtl/regfile.v:21$1603_EN[15:0]$1621 [0]
      New connections: $flatten\u_rf.$0$memwr$\r$../rtl/regfile.v:21$1603_EN[15:0]$1621 [15:1] = { $flatten\u_rf.$0$memwr$\r$../rtl/regfile.v:21$1603_EN[15:0]$1621 [0] $flatten\u_rf.$0$memwr$\r$../rtl/regfile.v:21$1603_EN[15:0]$1621 [0] $flatten\u_rf.$0$memwr$\r$../rtl/regfile.v:21$1603_EN[15:0]$1621 [0] $flatten\u_rf.$0$memwr$\r$../rtl/regfile.v:21$1603_EN[15:0]$1621 [0] $flatten\u_rf.$0$memwr$\r$../rtl/regfile.v:21$1603_EN[15:0]$1621 [0] $flatten\u_rf.$0$memwr$\r$../rtl/regfile.v:21$1603_EN[15:0]$1621 [0] $flatten\u_rf.$0$memwr$\r$../rtl/regfile.v:21$1603_EN[15:0]$1621 [0] $flatten\u_rf.$0$memwr$\r$../rtl/regfile.v:21$1603_EN[15:0]$1621 [0] $flatten\u_rf.$0$memwr$\r$../rtl/regfile.v:21$1603_EN[15:0]$1621 [0] $flatten\u_rf.$0$memwr$\r$../rtl/regfile.v:21$1603_EN[15:0]$1621 [0] $flatten\u_rf.$0$memwr$\r$../rtl/regfile.v:21$1603_EN[15:0]$1621 [0] $flatten\u_rf.$0$memwr$\r$../rtl/regfile.v:21$1603_EN[15:0]$1621 [0] $flatten\u_rf.$0$memwr$\r$../rtl/regfile.v:21$1603_EN[15:0]$1621 [0] $flatten\u_rf.$0$memwr$\r$../rtl/regfile.v:21$1603_EN[15:0]$1621 [0] $flatten\u_rf.$0$memwr$\r$../rtl/regfile.v:21$1603_EN[15:0]$1621 [0] }
    New ctrl vector for $pmux cell $flatten\u_ctrl.$procmux$2618: { $flatten\u_ctrl.$procmux$2625_CTRL $flatten\u_ctrl.$procmux$2624_CMP $flatten\u_ctrl.$procmux$2623_CMP $flatten\u_ctrl.$procmux$2622_CMP $auto$opt_reduce.cc:137:opt_pmux$2807 $flatten\u_ctrl.$procmux$2619_CMP }
    New input vector for $reduce_or cell $auto$opt_reduce.cc:131:opt_pmux$2796: { $flatten\u_ctrl.$procmux$2619_CMP $flatten\u_ctrl.$procmux$2622_CMP $flatten\u_ctrl.$procmux$2623_CMP $flatten\u_ctrl.$procmux$2624_CMP $flatten\u_ctrl.$procmux$2625_CMP $flatten\u_ctrl.$procmux$2628_CMP $flatten\u_ctrl.$procmux$2633_CMP }
  Optimizing cells in module \cpu_top.
    Consolidated identical input bits for $mux cell $flatten\u_rf.$procmux$2519:
      Old ports: A=$flatten\u_rf.$2$memwr$\r$../rtl/regfile.v:24$1619_EN[15:0]$1663, B=16'0000000000000000, Y=$flatten\u_rf.$0$memwr$\r$../rtl/regfile.v:24$1619_EN[15:0]$1639
      New ports: A=$flatten\u_rf.$procmux$2450_Y [0], B=1'0, Y=$flatten\u_rf.$0$memwr$\r$../rtl/regfile.v:24$1619_EN[15:0]$1639 [0]
      New connections: $flatten\u_rf.$0$memwr$\r$../rtl/regfile.v:24$1619_EN[15:0]$1639 [15:1] = { $flatten\u_rf.$0$memwr$\r$../rtl/regfile.v:24$1619_EN[15:0]$1639 [0] $flatten\u_rf.$0$memwr$\r$../rtl/regfile.v:24$1619_EN[15:0]$1639 [0] $flatten\u_rf.$0$memwr$\r$../rtl/regfile.v:24$1619_EN[15:0]$1639 [0] $flatten\u_rf.$0$memwr$\r$../rtl/regfile.v:24$1619_EN[15:0]$1639 [0] $flatten\u_rf.$0$memwr$\r$../rtl/regfile.v:24$1619_EN[15:0]$1639 [0] $flatten\u_rf.$0$memwr$\r$../rtl/regfile.v:24$1619_EN[15:0]$1639 [0] $flatten\u_rf.$0$memwr$\r$../rtl/regfile.v:24$1619_EN[15:0]$1639 [0] $flatten\u_rf.$0$memwr$\r$../rtl/regfile.v:24$1619_EN[15:0]$1639 [0] $flatten\u_rf.$0$memwr$\r$../rtl/regfile.v:24$1619_EN[15:0]$1639 [0] $flatten\u_rf.$0$memwr$\r$../rtl/regfile.v:24$1619_EN[15:0]$1639 [0] $flatten\u_rf.$0$memwr$\r$../rtl/regfile.v:24$1619_EN[15:0]$1639 [0] $flatten\u_rf.$0$memwr$\r$../rtl/regfile.v:24$1619_EN[15:0]$1639 [0] $flatten\u_rf.$0$memwr$\r$../rtl/regfile.v:24$1619_EN[15:0]$1639 [0] $flatten\u_rf.$0$memwr$\r$../rtl/regfile.v:24$1619_EN[15:0]$1639 [0] $flatten\u_rf.$0$memwr$\r$../rtl/regfile.v:24$1619_EN[15:0]$1639 [0] }
  Optimizing cells in module \cpu_top.
Performed a total of 27 changes.

9.7.5. Executing OPT_MERGE pass (detect identical cells).
Finding identical cells in module `\cpu_top'.
<suppressed ~51 debug messages>
Removed a total of 17 cells.

9.7.6. Executing OPT_DFF pass (perform DFF optimizations).

9.7.7. Executing OPT_CLEAN pass (remove unused cells and wires).
Finding unused cells or wires in module \cpu_top..
Removed 0 unused cells and 52 unused wires.
<suppressed ~3 debug messages>

9.7.8. Executing OPT_EXPR pass (perform const folding).
Optimizing module cpu_top.

9.7.9. Rerunning OPT passes. (Maybe there is more to do..)

9.7.10. Executing OPT_MUXTREE pass (detect dead branches in mux trees).
Running muxtree optimizer on module \cpu_top..
  Creating internal representation of mux trees.
  Evaluating internal representation of mux trees.
  Analyzing evaluation results.
Removed 0 multiplexer ports.
<suppressed ~34 debug messages>

9.7.11. Executing OPT_REDUCE pass (consolidate $*mux and $reduce_* inputs).
  Optimizing cells in module \cpu_top.
Performed a total of 0 changes.

9.7.12. Executing OPT_MERGE pass (detect identical cells).
Finding identical cells in module `\cpu_top'.
Removed a total of 0 cells.

9.7.13. Executing OPT_DFF pass (perform DFF optimizations).

9.7.14. Executing OPT_CLEAN pass (remove unused cells and wires).
Finding unused cells or wires in module \cpu_top..

9.7.15. Executing OPT_EXPR pass (perform const folding).
Optimizing module cpu_top.

9.7.16. Finished OPT passes. (There is nothing left to do.)

9.8. Executing FSM pass (extract and optimize FSM).

9.8.1. Executing FSM_DETECT pass (finding FSMs in design).

9.8.2. Executing FSM_EXTRACT pass (extracting FSM from design).

9.8.3. Executing FSM_OPT pass (simple optimizations of FSMs).

9.8.4. Executing OPT_CLEAN pass (remove unused cells and wires).
Finding unused cells or wires in module \cpu_top..

9.8.5. Executing FSM_OPT pass (simple optimizations of FSMs).

9.8.6. Executing FSM_RECODE pass (re-assigning FSM state encoding).

9.8.7. Executing FSM_INFO pass (dumping all available information on FSM cells).

9.8.8. Executing FSM_MAP pass (mapping FSMs to basic logic).

9.9. Executing OPT pass (performing simple optimizations).

9.9.1. Executing OPT_EXPR pass (perform const folding).
Optimizing module cpu_top.

9.9.2. Executing OPT_MERGE pass (detect identical cells).
Finding identical cells in module `\cpu_top'.
Removed a total of 0 cells.

9.9.3. Executing OPT_MUXTREE pass (detect dead branches in mux trees).
Running muxtree optimizer on module \cpu_top..
  Creating internal representation of mux trees.
  Evaluating internal representation of mux trees.
  Analyzing evaluation results.
Removed 0 multiplexer ports.
<suppressed ~34 debug messages>

9.9.4. Executing OPT_REDUCE pass (consolidate $*mux and $reduce_* inputs).
  Optimizing cells in module \cpu_top.
Performed a total of 0 changes.

9.9.5. Executing OPT_MERGE pass (detect identical cells).
Finding identical cells in module `\cpu_top'.
Removed a total of 0 cells.

9.9.6. Executing OPT_DFF pass (perform DFF optimizations).
Adding SRST signal on $procdff$2770 ($dff) from module cpu_top (D = $procmux$2611_Y, Q = \pc, rval = 8'00000000).
Adding SRST signal on $procdff$2769 ($dff) from module cpu_top (D = \if_instr, Q = \id_instr, rval = 16'1111000000000000).
Adding SRST signal on $procdff$2768 ($dff) from module cpu_top (D = \pc, Q = \id_pc, rval = 8'00000000).
Adding SRST signal on $procdff$2767 ($dff) from module cpu_top (D = \id_pc, Q = \ex_pc, rval = 8'00000000).
Adding SRST signal on $procdff$2766 ($dff) from module cpu_top (D = \c_jmp, Q = \ex_jmp, rval = 1'0).
Adding SRST signal on $procdff$2765 ($dff) from module cpu_top (D = \c_bne, Q = \ex_bne, rval = 1'0).
Adding SRST signal on $procdff$2764 ($dff) from module cpu_top (D = \c_beq, Q = \ex_beq, rval = 1'0).
Adding SRST signal on $procdff$2763 ($dff) from module cpu_top (D = \c_mem_to_reg, Q = \ex_mem_to_reg, rval = 1'0).
Adding SRST signal on $procdff$2762 ($dff) from module cpu_top (D = \c_mem_write, Q = \ex_mem_write, rval = 1'0).
Adding SRST signal on $procdff$2760 ($dff) from module cpu_top (D = \c_alu_src_imm, Q = \ex_alu_src_imm, rval = 1'0).
Adding SRST signal on $procdff$2759 ($dff) from module cpu_top (D = \c_alu_op, Q = \ex_alu_op, rval = 4'0000).
Adding SRST signal on $procdff$2758 ($dff) from module cpu_top (D = \id_imm, Q = \ex_imm, rval = 16'0000000000000000).
Adding SRST signal on $procdff$2757 ($dff) from module cpu_top (D = \id_opb, Q = \ex_opb, rval = 16'0000000000000000).
Adding SRST signal on $procdff$2756 ($dff) from module cpu_top (D = \id_opa, Q = \ex_opa, rval = 16'0000000000000000).
Adding SRST signal on $procdff$2754 ($dff) from module cpu_top (D = \c_reg_write, Q = \ex_reg_write, rval = 1'0).
Adding SRST signal on $procdff$2753 ($dff) from module cpu_top (D = \id_instr [11:8], Q = \ex_rd, rval = 4'0000).

9.9.7. Executing OPT_CLEAN pass (remove unused cells and wires).
Finding unused cells or wires in module \cpu_top..
Removed 16 unused cells and 16 unused wires.
<suppressed ~17 debug messages>

9.9.8. Executing OPT_EXPR pass (perform const folding).
Optimizing module cpu_top.

9.9.9. Rerunning OPT passes. (Maybe there is more to do..)

9.9.10. Executing OPT_MUXTREE pass (detect dead branches in mux trees).
Running muxtree optimizer on module \cpu_top..
  Creating internal representation of mux trees.
  Evaluating internal representation of mux trees.
  Analyzing evaluation results.
Removed 0 multiplexer ports.
<suppressed ~30 debug messages>

9.9.11. Executing OPT_REDUCE pass (consolidate $*mux and $reduce_* inputs).
  Optimizing cells in module \cpu_top.
Performed a total of 0 changes.

9.9.12. Executing OPT_MERGE pass (detect identical cells).
Finding identical cells in module `\cpu_top'.
Removed a total of 0 cells.

9.9.13. Executing OPT_DFF pass (perform DFF optimizations).

9.9.14. Executing OPT_CLEAN pass (remove unused cells and wires).
Finding unused cells or wires in module \cpu_top..

9.9.15. Executing OPT_EXPR pass (perform const folding).
Optimizing module cpu_top.

9.9.16. Finished OPT passes. (There is nothing left to do.)

9.10. Executing WREDUCE pass (reducing word size of cells).
Removed top 24 address bits (of 32) from memory init port cpu_top.$flatten\u_dmem.$meminit$\mem$../rtl/dmem.v:15$308 (u_dmem.mem).
Removed top 24 address bits (of 32) from memory init port cpu_top.$flatten\u_dmem.$meminit$\mem$../rtl/dmem.v:15$309 (u_dmem.mem).
Removed top 24 address bits (of 32) from memory init port cpu_top.$flatten\u_dmem.$meminit$\mem$../rtl/dmem.v:15$310 (u_dmem.mem).
Removed top 24 address bits (of 32) from memory init port cpu_top.$flatten\u_dmem.$meminit$\mem$../rtl/dmem.v:15$311 (u_dmem.mem).
Removed top 24 address bits (of 32) from memory init port cpu_top.$flatten\u_dmem.$meminit$\mem$../rtl/dmem.v:15$312 (u_dmem.mem).
Removed top 24 address bits (of 32) from memory init port cpu_top.$flatten\u_dmem.$meminit$\mem$../rtl/dmem.v:15$313 (u_dmem.mem).
Removed top 24 address bits (of 32) from memory init port cpu_top.$flatten\u_dmem.$meminit$\mem$../rtl/dmem.v:15$314 (u_dmem.mem).
Removed top 24 address bits (of 32) from memory init port cpu_top.$flatten\u_dmem.$meminit$\mem$../rtl/dmem.v:15$315 (u_dmem.mem).
Removed top 24 address bits (of 32) from memory init port cpu_top.$flatten\u_dmem.$meminit$\mem$../rtl/dmem.v:15$316 (u_dmem.mem).
Removed top 24 address bits (of 32) from memory init port cpu_top.$flatten\u_dmem.$meminit$\mem$../rtl/dmem.v:15$317 (u_dmem.mem).
Removed top 24 address bits (of 32) from memory init port cpu_top.$flatten\u_dmem.$meminit$\mem$../rtl/dmem.v:15$318 (u_dmem.mem).
Removed top 24 address bits (of 32) from memory init port cpu_top.$flatten\u_dmem.$meminit$\mem$../rtl/dmem.v:15$319 (u_dmem.mem).
Removed top 24 address bits (of 32) from memory init port cpu_top.$flatten\u_dmem.$meminit$\mem$../rtl/dmem.v:15$320 (u_dmem.mem).
Removed top 24 address bits (of 32) from memory init port cpu_top.$flatten\u_dmem.$meminit$\mem$../rtl/dmem.v:15$321 (u_dmem.mem).
Removed top 24 address bits (of 32) from memory init port cpu_top.$flatten\u_dmem.$meminit$\mem$../rtl/dmem.v:15$322 (u_dmem.mem).
Removed top 24 address bits (of 32) from memory init port cpu_top.$flatten\u_dmem.$meminit$\mem$../rtl/dmem.v:15$323 (u_dmem.mem).
Removed top 24 address bits (of 32) from memory init port cpu_top.$flatten\u_dmem.$meminit$\mem$../rtl/dmem.v:15$324 (u_dmem.mem).
Removed top 24 address bits (of 32) from memory init port cpu_top.$flatten\u_dmem.$meminit$\mem$../rtl/dmem.v:15$325 (u_dmem.mem).
Removed top 24 address bits (of 32) from memory init port cpu_top.$flatten\u_dmem.$meminit$\mem$../rtl/dmem.v:15$326 (u_dmem.mem).
Removed top 24 address bits (of 32) from memory init port cpu_top.$flatten\u_dmem.$meminit$\mem$../rtl/dmem.v:15$327 (u_dmem.mem).
Removed top 24 address bits (of 32) from memory init port cpu_top.$flatten\u_dmem.$meminit$\mem$../rtl/dmem.v:15$328 (u_dmem.mem).
Removed top 24 address bits (of 32) from memory init port cpu_top.$flatten\u_dmem.$meminit$\mem$../rtl/dmem.v:15$329 (u_dmem.mem).
Removed top 24 address bits (of 32) from memory init port cpu_top.$flatten\u_dmem.$meminit$\mem$../rtl/dmem.v:15$330 (u_dmem.mem).
Removed top 24 address bits (of 32) from memory init port cpu_top.$flatten\u_dmem.$meminit$\mem$../rtl/dmem.v:15$331 (u_dmem.mem).
Removed top 24 address bits (of 32) from memory init port cpu_top.$flatten\u_dmem.$meminit$\mem$../rtl/dmem.v:15$332 (u_dmem.mem).
Removed top 24 address bits (of 32) from memory init port cpu_top.$flatten\u_dmem.$meminit$\mem$../rtl/dmem.v:15$333 (u_dmem.mem).
Removed top 24 address bits (of 32) from memory init port cpu_top.$flatten\u_dmem.$meminit$\mem$../rtl/dmem.v:15$334 (u_dmem.mem).
Removed top 24 address bits (of 32) from memory init port cpu_top.$flatten\u_dmem.$meminit$\mem$../rtl/dmem.v:15$335 (u_dmem.mem).
Removed top 24 address bits (of 32) from memory init port cpu_top.$flatten\u_dmem.$meminit$\mem$../rtl/dmem.v:15$336 (u_dmem.mem).
Removed top 24 address bits (of 32) from memory init port cpu_top.$flatten\u_dmem.$meminit$\mem$../rtl/dmem.v:15$337 (u_dmem.mem).
Removed top 24 address bits (of 32) from memory init port cpu_top.$flatten\u_dmem.$meminit$\mem$../rtl/dmem.v:15$338 (u_dmem.mem).
Removed top 24 address bits (of 32) from memory init port cpu_top.$flatten\u_dmem.$meminit$\mem$../rtl/dmem.v:15$339 (u_dmem.mem).
Removed top 24 address bits (of 32) from memory init port cpu_top.$flatten\u_dmem.$meminit$\mem$../rtl/dmem.v:15$340 (u_dmem.mem).
Removed top 24 address bits (of 32) from memory init port cpu_top.$flatten\u_dmem.$meminit$\mem$../rtl/dmem.v:15$341 (u_dmem.mem).
Removed top 24 address bits (of 32) from memory init port cpu_top.$flatten\u_dmem.$meminit$\mem$../rtl/dmem.v:15$342 (u_dmem.mem).
Removed top 24 address bits (of 32) from memory init port cpu_top.$flatten\u_dmem.$meminit$\mem$../rtl/dmem.v:15$343 (u_dmem.mem).
Removed top 24 address bits (of 32) from memory init port cpu_top.$flatten\u_dmem.$meminit$\mem$../rtl/dmem.v:15$344 (u_dmem.mem).
Removed top 24 address bits (of 32) from memory init port cpu_top.$flatten\u_dmem.$meminit$\mem$../rtl/dmem.v:15$345 (u_dmem.mem).
Removed top 24 address bits (of 32) from memory init port cpu_top.$flatten\u_dmem.$meminit$\mem$../rtl/dmem.v:15$346 (u_dmem.mem).
Removed top 24 address bits (of 32) from memory init port cpu_top.$flatten\u_dmem.$meminit$\mem$../rtl/dmem.v:15$347 (u_dmem.mem).
Removed top 24 address bits (of 32) from memory init port cpu_top.$flatten\u_dmem.$meminit$\mem$../rtl/dmem.v:15$348 (u_dmem.mem).
Removed top 24 address bits (of 32) from memory init port cpu_top.$flatten\u_dmem.$meminit$\mem$../rtl/dmem.v:15$349 (u_dmem.mem).
Removed top 24 address bits (of 32) from memory init port cpu_top.$flatten\u_dmem.$meminit$\mem$../rtl/dmem.v:15$350 (u_dmem.mem).
Removed top 24 address bits (of 32) from memory init port cpu_top.$flatten\u_dmem.$meminit$\mem$../rtl/dmem.v:15$351 (u_dmem.mem).
Removed top 24 address bits (of 32) from memory init port cpu_top.$flatten\u_dmem.$meminit$\mem$../rtl/dmem.v:15$352 (u_dmem.mem).
Removed top 24 address bits (of 32) from memory init port cpu_top.$flatten\u_dmem.$meminit$\mem$../rtl/dmem.v:15$353 (u_dmem.mem).
Removed top 24 address bits (of 32) from memory init port cpu_top.$flatten\u_dmem.$meminit$\mem$../rtl/dmem.v:15$354 (u_dmem.mem).
Removed top 24 address bits (of 32) from memory init port cpu_top.$flatten\u_dmem.$meminit$\mem$../rtl/dmem.v:15$355 (u_dmem.mem).
Removed top 24 address bits (of 32) from memory init port cpu_top.$flatten\u_dmem.$meminit$\mem$../rtl/dmem.v:15$356 (u_dmem.mem).
Removed top 24 address bits (of 32) from memory init port cpu_top.$flatten\u_dmem.$meminit$\mem$../rtl/dmem.v:15$357 (u_dmem.mem).
Removed top 24 address bits (of 32) from memory init port cpu_top.$flatten\u_dmem.$meminit$\mem$../rtl/dmem.v:15$358 (u_dmem.mem).
Removed top 24 address bits (of 32) from memory init port cpu_top.$flatten\u_dmem.$meminit$\mem$../rtl/dmem.v:15$359 (u_dmem.mem).
Removed top 24 address bits (of 32) from memory init port cpu_top.$flatten\u_dmem.$meminit$\mem$../rtl/dmem.v:15$360 (u_dmem.mem).
Removed top 24 address bits (of 32) from memory init port cpu_top.$flatten\u_dmem.$meminit$\mem$../rtl/dmem.v:15$361 (u_dmem.mem).
Removed top 24 address bits (of 32) from memory init port cpu_top.$flatten\u_dmem.$meminit$\mem$../rtl/dmem.v:15$362 (u_dmem.mem).
Removed top 24 address bits (of 32) from memory init port cpu_top.$flatten\u_dmem.$meminit$\mem$../rtl/dmem.v:15$363 (u_dmem.mem).
Removed top 24 address bits (of 32) from memory init port cpu_top.$flatten\u_dmem.$meminit$\mem$../rtl/dmem.v:15$364 (u_dmem.mem).
Removed top 24 address bits (of 32) from memory init port cpu_top.$flatten\u_dmem.$meminit$\mem$../rtl/dmem.v:15$365 (u_dmem.mem).
Removed top 24 address bits (of 32) from memory init port cpu_top.$flatten\u_dmem.$meminit$\mem$../rtl/dmem.v:15$366 (u_dmem.mem).
Removed top 24 address bits (of 32) from memory init port cpu_top.$flatten\u_dmem.$meminit$\mem$../rtl/dmem.v:15$367 (u_dmem.mem).
Removed top 24 address bits (of 32) from memory init port cpu_top.$flatten\u_dmem.$meminit$\mem$../rtl/dmem.v:15$368 (u_dmem.mem).
Removed top 24 address bits (of 32) from memory init port cpu_top.$flatten\u_dmem.$meminit$\mem$../rtl/dmem.v:15$369 (u_dmem.mem).
Removed top 24 address bits (of 32) from memory init port cpu_top.$flatten\u_dmem.$meminit$\mem$../rtl/dmem.v:15$370 (u_dmem.mem).
Removed top 24 address bits (of 32) from memory init port cpu_top.$flatten\u_dmem.$meminit$\mem$../rtl/dmem.v:15$371 (u_dmem.mem).
Removed top 24 address bits (of 32) from memory init port cpu_top.$flatten\u_dmem.$meminit$\mem$../rtl/dmem.v:15$372 (u_dmem.mem).
Removed top 24 address bits (of 32) from memory init port cpu_top.$flatten\u_dmem.$meminit$\mem$../rtl/dmem.v:15$373 (u_dmem.mem).
Removed top 24 address bits (of 32) from memory init port cpu_top.$flatten\u_dmem.$meminit$\mem$../rtl/dmem.v:15$374 (u_dmem.mem).
Removed top 24 address bits (of 32) from memory init port cpu_top.$flatten\u_dmem.$meminit$\mem$../rtl/dmem.v:15$375 (u_dmem.mem).
Removed top 24 address bits (of 32) from memory init port cpu_top.$flatten\u_dmem.$meminit$\mem$../rtl/dmem.v:15$376 (u_dmem.mem).
Removed top 24 address bits (of 32) from memory init port cpu_top.$flatten\u_dmem.$meminit$\mem$../rtl/dmem.v:15$377 (u_dmem.mem).
Removed top 24 address bits (of 32) from memory init port cpu_top.$flatten\u_dmem.$meminit$\mem$../rtl/dmem.v:15$378 (u_dmem.mem).
Removed top 24 address bits (of 32) from memory init port cpu_top.$flatten\u_dmem.$meminit$\mem$../rtl/dmem.v:15$379 (u_dmem.mem).
Removed top 24 address bits (of 32) from memory init port cpu_top.$flatten\u_dmem.$meminit$\mem$../rtl/dmem.v:15$380 (u_dmem.mem).
Removed top 24 address bits (of 32) from memory init port cpu_top.$flatten\u_dmem.$meminit$\mem$../rtl/dmem.v:15$381 (u_dmem.mem).
Removed top 24 address bits (of 32) from memory init port cpu_top.$flatten\u_dmem.$meminit$\mem$../rtl/dmem.v:15$382 (u_dmem.mem).
Removed top 24 address bits (of 32) from memory init port cpu_top.$flatten\u_dmem.$meminit$\mem$../rtl/dmem.v:15$383 (u_dmem.mem).
Removed top 24 address bits (of 32) from memory init port cpu_top.$flatten\u_dmem.$meminit$\mem$../rtl/dmem.v:15$384 (u_dmem.mem).
Removed top 24 address bits (of 32) from memory init port cpu_top.$flatten\u_dmem.$meminit$\mem$../rtl/dmem.v:15$385 (u_dmem.mem).
Removed top 24 address bits (of 32) from memory init port cpu_top.$flatten\u_dmem.$meminit$\mem$../rtl/dmem.v:15$386 (u_dmem.mem).
Removed top 24 address bits (of 32) from memory init port cpu_top.$flatten\u_dmem.$meminit$\mem$../rtl/dmem.v:15$387 (u_dmem.mem).
Removed top 24 address bits (of 32) from memory init port cpu_top.$flatten\u_dmem.$meminit$\mem$../rtl/dmem.v:15$388 (u_dmem.mem).
Removed top 24 address bits (of 32) from memory init port cpu_top.$flatten\u_dmem.$meminit$\mem$../rtl/dmem.v:15$389 (u_dmem.mem).
Removed top 24 address bits (of 32) from memory init port cpu_top.$flatten\u_dmem.$meminit$\mem$../rtl/dmem.v:15$390 (u_dmem.mem).
Removed top 24 address bits (of 32) from memory init port cpu_top.$flatten\u_dmem.$meminit$\mem$../rtl/dmem.v:15$391 (u_dmem.mem).
Removed top 24 address bits (of 32) from memory init port cpu_top.$flatten\u_dmem.$meminit$\mem$../rtl/dmem.v:15$392 (u_dmem.mem).
Removed top 24 address bits (of 32) from memory init port cpu_top.$flatten\u_dmem.$meminit$\mem$../rtl/dmem.v:15$393 (u_dmem.mem).
Removed top 24 address bits (of 32) from memory init port cpu_top.$flatten\u_dmem.$meminit$\mem$../rtl/dmem.v:15$394 (u_dmem.mem).
Removed top 24 address bits (of 32) from memory init port cpu_top.$flatten\u_dmem.$meminit$\mem$../rtl/dmem.v:15$395 (u_dmem.mem).
Removed top 24 address bits (of 32) from memory init port cpu_top.$flatten\u_dmem.$meminit$\mem$../rtl/dmem.v:15$396 (u_dmem.mem).
Removed top 24 address bits (of 32) from memory init port cpu_top.$flatten\u_dmem.$meminit$\mem$../rtl/dmem.v:15$397 (u_dmem.mem).
Removed top 24 address bits (of 32) from memory init port cpu_top.$flatten\u_dmem.$meminit$\mem$../rtl/dmem.v:15$398 (u_dmem.mem).
Removed top 24 address bits (of 32) from memory init port cpu_top.$flatten\u_dmem.$meminit$\mem$../rtl/dmem.v:15$399 (u_dmem.mem).
Removed top 24 address bits (of 32) from memory init port cpu_top.$flatten\u_dmem.$meminit$\mem$../rtl/dmem.v:15$400 (u_dmem.mem).
Removed top 24 address bits (of 32) from memory init port cpu_top.$flatten\u_dmem.$meminit$\mem$../rtl/dmem.v:15$401 (u_dmem.mem).
Removed top 24 address bits (of 32) from memory init port cpu_top.$flatten\u_dmem.$meminit$\mem$../rtl/dmem.v:15$402 (u_dmem.mem).
Removed top 24 address bits (of 32) from memory init port cpu_top.$flatten\u_dmem.$meminit$\mem$../rtl/dmem.v:15$403 (u_dmem.mem).
Removed top 24 address bits (of 32) from memory init port cpu_top.$flatten\u_dmem.$meminit$\mem$../rtl/dmem.v:15$404 (u_dmem.mem).
Removed top 24 address bits (of 32) from memory init port cpu_top.$flatten\u_dmem.$meminit$\mem$../rtl/dmem.v:15$405 (u_dmem.mem).
Removed top 24 address bits (of 32) from memory init port cpu_top.$flatten\u_dmem.$meminit$\mem$../rtl/dmem.v:15$406 (u_dmem.mem).
Removed top 24 address bits (of 32) from memory init port cpu_top.$flatten\u_dmem.$meminit$\mem$../rtl/dmem.v:15$407 (u_dmem.mem).
Removed top 24 address bits (of 32) from memory init port cpu_top.$flatten\u_dmem.$meminit$\mem$../rtl/dmem.v:15$408 (u_dmem.mem).
Removed top 24 address bits (of 32) from memory init port cpu_top.$flatten\u_dmem.$meminit$\mem$../rtl/dmem.v:15$409 (u_dmem.mem).
Removed top 24 address bits (of 32) from memory init port cpu_top.$flatten\u_dmem.$meminit$\mem$../rtl/dmem.v:15$410 (u_dmem.mem).
Removed top 24 address bits (of 32) from memory init port cpu_top.$flatten\u_dmem.$meminit$\mem$../rtl/dmem.v:15$411 (u_dmem.mem).
Removed top 24 address bits (of 32) from memory init port cpu_top.$flatten\u_dmem.$meminit$\mem$../rtl/dmem.v:15$412 (u_dmem.mem).
Removed top 24 address bits (of 32) from memory init port cpu_top.$flatten\u_dmem.$meminit$\mem$../rtl/dmem.v:15$413 (u_dmem.mem).
Removed top 24 address bits (of 32) from memory init port cpu_top.$flatten\u_dmem.$meminit$\mem$../rtl/dmem.v:15$414 (u_dmem.mem).
Removed top 24 address bits (of 32) from memory init port cpu_top.$flatten\u_dmem.$meminit$\mem$../rtl/dmem.v:15$415 (u_dmem.mem).
Removed top 24 address bits (of 32) from memory init port cpu_top.$flatten\u_dmem.$meminit$\mem$../rtl/dmem.v:15$416 (u_dmem.mem).
Removed top 24 address bits (of 32) from memory init port cpu_top.$flatten\u_dmem.$meminit$\mem$../rtl/dmem.v:15$417 (u_dmem.mem).
Removed top 24 address bits (of 32) from memory init port cpu_top.$flatten\u_dmem.$meminit$\mem$../rtl/dmem.v:15$418 (u_dmem.mem).
Removed top 24 address bits (of 32) from memory init port cpu_top.$flatten\u_dmem.$meminit$\mem$../rtl/dmem.v:15$419 (u_dmem.mem).
Removed top 24 address bits (of 32) from memory init port cpu_top.$flatten\u_dmem.$meminit$\mem$../rtl/dmem.v:15$420 (u_dmem.mem).
Removed top 24 address bits (of 32) from memory init port cpu_top.$flatten\u_dmem.$meminit$\mem$../rtl/dmem.v:15$421 (u_dmem.mem).
Removed top 24 address bits (of 32) from memory init port cpu_top.$flatten\u_dmem.$meminit$\mem$../rtl/dmem.v:15$422 (u_dmem.mem).
Removed top 24 address bits (of 32) from memory init port cpu_top.$flatten\u_dmem.$meminit$\mem$../rtl/dmem.v:15$423 (u_dmem.mem).
Removed top 24 address bits (of 32) from memory init port cpu_top.$flatten\u_dmem.$meminit$\mem$../rtl/dmem.v:15$424 (u_dmem.mem).
Removed top 24 address bits (of 32) from memory init port cpu_top.$flatten\u_dmem.$meminit$\mem$../rtl/dmem.v:15$425 (u_dmem.mem).
Removed top 24 address bits (of 32) from memory init port cpu_top.$flatten\u_dmem.$meminit$\mem$../rtl/dmem.v:15$426 (u_dmem.mem).
Removed top 24 address bits (of 32) from memory init port cpu_top.$flatten\u_dmem.$meminit$\mem$../rtl/dmem.v:15$427 (u_dmem.mem).
Removed top 24 address bits (of 32) from memory init port cpu_top.$flatten\u_dmem.$meminit$\mem$../rtl/dmem.v:15$428 (u_dmem.mem).
Removed top 24 address bits (of 32) from memory init port cpu_top.$flatten\u_dmem.$meminit$\mem$../rtl/dmem.v:15$429 (u_dmem.mem).
Removed top 24 address bits (of 32) from memory init port cpu_top.$flatten\u_dmem.$meminit$\mem$../rtl/dmem.v:15$430 (u_dmem.mem).
Removed top 24 address bits (of 32) from memory init port cpu_top.$flatten\u_dmem.$meminit$\mem$../rtl/dmem.v:15$431 (u_dmem.mem).
Removed top 24 address bits (of 32) from memory init port cpu_top.$flatten\u_dmem.$meminit$\mem$../rtl/dmem.v:15$432 (u_dmem.mem).
Removed top 24 address bits (of 32) from memory init port cpu_top.$flatten\u_dmem.$meminit$\mem$../rtl/dmem.v:15$433 (u_dmem.mem).
Removed top 24 address bits (of 32) from memory init port cpu_top.$flatten\u_dmem.$meminit$\mem$../rtl/dmem.v:15$434 (u_dmem.mem).
Removed top 24 address bits (of 32) from memory init port cpu_top.$flatten\u_dmem.$meminit$\mem$../rtl/dmem.v:15$435 (u_dmem.mem).
Removed top 24 address bits (of 32) from memory init port cpu_top.$flatten\u_dmem.$meminit$\mem$../rtl/dmem.v:15$436 (u_dmem.mem).
Removed top 24 address bits (of 32) from memory init port cpu_top.$flatten\u_dmem.$meminit$\mem$../rtl/dmem.v:15$437 (u_dmem.mem).
Removed top 24 address bits (of 32) from memory init port cpu_top.$flatten\u_dmem.$meminit$\mem$../rtl/dmem.v:15$438 (u_dmem.mem).
Removed top 24 address bits (of 32) from memory init port cpu_top.$flatten\u_dmem.$meminit$\mem$../rtl/dmem.v:15$439 (u_dmem.mem).
Removed top 24 address bits (of 32) from memory init port cpu_top.$flatten\u_dmem.$meminit$\mem$../rtl/dmem.v:15$440 (u_dmem.mem).
Removed top 24 address bits (of 32) from memory init port cpu_top.$flatten\u_dmem.$meminit$\mem$../rtl/dmem.v:15$441 (u_dmem.mem).
Removed top 24 address bits (of 32) from memory init port cpu_top.$flatten\u_dmem.$meminit$\mem$../rtl/dmem.v:15$442 (u_dmem.mem).
Removed top 24 address bits (of 32) from memory init port cpu_top.$flatten\u_dmem.$meminit$\mem$../rtl/dmem.v:15$443 (u_dmem.mem).
Removed top 24 address bits (of 32) from memory init port cpu_top.$flatten\u_dmem.$meminit$\mem$../rtl/dmem.v:15$444 (u_dmem.mem).
Removed top 24 address bits (of 32) from memory init port cpu_top.$flatten\u_dmem.$meminit$\mem$../rtl/dmem.v:15$445 (u_dmem.mem).
Removed top 24 address bits (of 32) from memory init port cpu_top.$flatten\u_dmem.$meminit$\mem$../rtl/dmem.v:15$446 (u_dmem.mem).
Removed top 24 address bits (of 32) from memory init port cpu_top.$flatten\u_dmem.$meminit$\mem$../rtl/dmem.v:15$447 (u_dmem.mem).
Removed top 24 address bits (of 32) from memory init port cpu_top.$flatten\u_dmem.$meminit$\mem$../rtl/dmem.v:15$448 (u_dmem.mem).
Removed top 24 address bits (of 32) from memory init port cpu_top.$flatten\u_dmem.$meminit$\mem$../rtl/dmem.v:15$449 (u_dmem.mem).
Removed top 24 address bits (of 32) from memory init port cpu_top.$flatten\u_dmem.$meminit$\mem$../rtl/dmem.v:15$450 (u_dmem.mem).
Removed top 24 address bits (of 32) from memory init port cpu_top.$flatten\u_dmem.$meminit$\mem$../rtl/dmem.v:15$451 (u_dmem.mem).
Removed top 24 address bits (of 32) from memory init port cpu_top.$flatten\u_dmem.$meminit$\mem$../rtl/dmem.v:15$452 (u_dmem.mem).
Removed top 24 address bits (of 32) from memory init port cpu_top.$flatten\u_dmem.$meminit$\mem$../rtl/dmem.v:15$453 (u_dmem.mem).
Removed top 24 address bits (of 32) from memory init port cpu_top.$flatten\u_dmem.$meminit$\mem$../rtl/dmem.v:15$454 (u_dmem.mem).
Removed top 24 address bits (of 32) from memory init port cpu_top.$flatten\u_dmem.$meminit$\mem$../rtl/dmem.v:15$455 (u_dmem.mem).
Removed top 24 address bits (of 32) from memory init port cpu_top.$flatten\u_dmem.$meminit$\mem$../rtl/dmem.v:15$456 (u_dmem.mem).
Removed top 24 address bits (of 32) from memory init port cpu_top.$flatten\u_dmem.$meminit$\mem$../rtl/dmem.v:15$457 (u_dmem.mem).
Removed top 24 address bits (of 32) from memory init port cpu_top.$flatten\u_dmem.$meminit$\mem$../rtl/dmem.v:15$458 (u_dmem.mem).
Removed top 24 address bits (of 32) from memory init port cpu_top.$flatten\u_dmem.$meminit$\mem$../rtl/dmem.v:15$459 (u_dmem.mem).
Removed top 24 address bits (of 32) from memory init port cpu_top.$flatten\u_dmem.$meminit$\mem$../rtl/dmem.v:15$460 (u_dmem.mem).
Removed top 24 address bits (of 32) from memory init port cpu_top.$flatten\u_dmem.$meminit$\mem$../rtl/dmem.v:15$461 (u_dmem.mem).
Removed top 24 address bits (of 32) from memory init port cpu_top.$flatten\u_dmem.$meminit$\mem$../rtl/dmem.v:15$462 (u_dmem.mem).
Removed top 24 address bits (of 32) from memory init port cpu_top.$flatten\u_dmem.$meminit$\mem$../rtl/dmem.v:15$463 (u_dmem.mem).
Removed top 24 address bits (of 32) from memory init port cpu_top.$flatten\u_dmem.$meminit$\mem$../rtl/dmem.v:15$464 (u_dmem.mem).
Removed top 24 address bits (of 32) from memory init port cpu_top.$flatten\u_dmem.$meminit$\mem$../rtl/dmem.v:15$465 (u_dmem.mem).
Removed top 24 address bits (of 32) from memory init port cpu_top.$flatten\u_dmem.$meminit$\mem$../rtl/dmem.v:15$466 (u_dmem.mem).
Removed top 24 address bits (of 32) from memory init port cpu_top.$flatten\u_dmem.$meminit$\mem$../rtl/dmem.v:15$467 (u_dmem.mem).
Removed top 24 address bits (of 32) from memory init port cpu_top.$flatten\u_dmem.$meminit$\mem$../rtl/dmem.v:15$468 (u_dmem.mem).
Removed top 24 address bits (of 32) from memory init port cpu_top.$flatten\u_dmem.$meminit$\mem$../rtl/dmem.v:15$469 (u_dmem.mem).
Removed top 24 address bits (of 32) from memory init port cpu_top.$flatten\u_dmem.$meminit$\mem$../rtl/dmem.v:15$470 (u_dmem.mem).
Removed top 24 address bits (of 32) from memory init port cpu_top.$flatten\u_dmem.$meminit$\mem$../rtl/dmem.v:15$471 (u_dmem.mem).
Removed top 24 address bits (of 32) from memory init port cpu_top.$flatten\u_dmem.$meminit$\mem$../rtl/dmem.v:15$472 (u_dmem.mem).
Removed top 24 address bits (of 32) from memory init port cpu_top.$flatten\u_dmem.$meminit$\mem$../rtl/dmem.v:15$473 (u_dmem.mem).
Removed top 24 address bits (of 32) from memory init port cpu_top.$flatten\u_dmem.$meminit$\mem$../rtl/dmem.v:15$474 (u_dmem.mem).
Removed top 24 address bits (of 32) from memory init port cpu_top.$flatten\u_dmem.$meminit$\mem$../rtl/dmem.v:15$475 (u_dmem.mem).
Removed top 24 address bits (of 32) from memory init port cpu_top.$flatten\u_dmem.$meminit$\mem$../rtl/dmem.v:15$476 (u_dmem.mem).
Removed top 24 address bits (of 32) from memory init port cpu_top.$flatten\u_dmem.$meminit$\mem$../rtl/dmem.v:15$477 (u_dmem.mem).
Removed top 24 address bits (of 32) from memory init port cpu_top.$flatten\u_dmem.$meminit$\mem$../rtl/dmem.v:15$478 (u_dmem.mem).
Removed top 24 address bits (of 32) from memory init port cpu_top.$flatten\u_dmem.$meminit$\mem$../rtl/dmem.v:15$479 (u_dmem.mem).
Removed top 24 address bits (of 32) from memory init port cpu_top.$flatten\u_dmem.$meminit$\mem$../rtl/dmem.v:15$480 (u_dmem.mem).
Removed top 24 address bits (of 32) from memory init port cpu_top.$flatten\u_dmem.$meminit$\mem$../rtl/dmem.v:15$481 (u_dmem.mem).
Removed top 24 address bits (of 32) from memory init port cpu_top.$flatten\u_dmem.$meminit$\mem$../rtl/dmem.v:15$482 (u_dmem.mem).
Removed top 24 address bits (of 32) from memory init port cpu_top.$flatten\u_dmem.$meminit$\mem$../rtl/dmem.v:15$483 (u_dmem.mem).
Removed top 24 address bits (of 32) from memory init port cpu_top.$flatten\u_dmem.$meminit$\mem$../rtl/dmem.v:15$484 (u_dmem.mem).
Removed top 24 address bits (of 32) from memory init port cpu_top.$flatten\u_dmem.$meminit$\mem$../rtl/dmem.v:15$485 (u_dmem.mem).
Removed top 24 address bits (of 32) from memory init port cpu_top.$flatten\u_dmem.$meminit$\mem$../rtl/dmem.v:15$486 (u_dmem.mem).
Removed top 24 address bits (of 32) from memory init port cpu_top.$flatten\u_dmem.$meminit$\mem$../rtl/dmem.v:15$487 (u_dmem.mem).
Removed top 24 address bits (of 32) from memory init port cpu_top.$flatten\u_dmem.$meminit$\mem$../rtl/dmem.v:15$488 (u_dmem.mem).
Removed top 24 address bits (of 32) from memory init port cpu_top.$flatten\u_dmem.$meminit$\mem$../rtl/dmem.v:15$489 (u_dmem.mem).
Removed top 24 address bits (of 32) from memory init port cpu_top.$flatten\u_dmem.$meminit$\mem$../rtl/dmem.v:15$490 (u_dmem.mem).
Removed top 24 address bits (of 32) from memory init port cpu_top.$flatten\u_dmem.$meminit$\mem$../rtl/dmem.v:15$491 (u_dmem.mem).
Removed top 24 address bits (of 32) from memory init port cpu_top.$flatten\u_dmem.$meminit$\mem$../rtl/dmem.v:15$492 (u_dmem.mem).
Removed top 24 address bits (of 32) from memory init port cpu_top.$flatten\u_dmem.$meminit$\mem$../rtl/dmem.v:15$493 (u_dmem.mem).
Removed top 24 address bits (of 32) from memory init port cpu_top.$flatten\u_dmem.$meminit$\mem$../rtl/dmem.v:15$494 (u_dmem.mem).
Removed top 24 address bits (of 32) from memory init port cpu_top.$flatten\u_dmem.$meminit$\mem$../rtl/dmem.v:15$495 (u_dmem.mem).
Removed top 24 address bits (of 32) from memory init port cpu_top.$flatten\u_dmem.$meminit$\mem$../rtl/dmem.v:15$496 (u_dmem.mem).
Removed top 24 address bits (of 32) from memory init port cpu_top.$flatten\u_dmem.$meminit$\mem$../rtl/dmem.v:15$497 (u_dmem.mem).
Removed top 24 address bits (of 32) from memory init port cpu_top.$flatten\u_dmem.$meminit$\mem$../rtl/dmem.v:15$498 (u_dmem.mem).
Removed top 24 address bits (of 32) from memory init port cpu_top.$flatten\u_dmem.$meminit$\mem$../rtl/dmem.v:15$499 (u_dmem.mem).
Removed top 24 address bits (of 32) from memory init port cpu_top.$flatten\u_dmem.$meminit$\mem$../rtl/dmem.v:15$500 (u_dmem.mem).
Removed top 24 address bits (of 32) from memory init port cpu_top.$flatten\u_dmem.$meminit$\mem$../rtl/dmem.v:15$501 (u_dmem.mem).
Removed top 24 address bits (of 32) from memory init port cpu_top.$flatten\u_dmem.$meminit$\mem$../rtl/dmem.v:15$502 (u_dmem.mem).
Removed top 24 address bits (of 32) from memory init port cpu_top.$flatten\u_dmem.$meminit$\mem$../rtl/dmem.v:15$503 (u_dmem.mem).
Removed top 24 address bits (of 32) from memory init port cpu_top.$flatten\u_dmem.$meminit$\mem$../rtl/dmem.v:15$504 (u_dmem.mem).
Removed top 24 address bits (of 32) from memory init port cpu_top.$flatten\u_dmem.$meminit$\mem$../rtl/dmem.v:15$505 (u_dmem.mem).
Removed top 24 address bits (of 32) from memory init port cpu_top.$flatten\u_dmem.$meminit$\mem$../rtl/dmem.v:15$506 (u_dmem.mem).
Removed top 24 address bits (of 32) from memory init port cpu_top.$flatten\u_dmem.$meminit$\mem$../rtl/dmem.v:15$507 (u_dmem.mem).
Removed top 24 address bits (of 32) from memory init port cpu_top.$flatten\u_dmem.$meminit$\mem$../rtl/dmem.v:15$508 (u_dmem.mem).
Removed top 24 address bits (of 32) from memory init port cpu_top.$flatten\u_dmem.$meminit$\mem$../rtl/dmem.v:15$509 (u_dmem.mem).
Removed top 24 address bits (of 32) from memory init port cpu_top.$flatten\u_dmem.$meminit$\mem$../rtl/dmem.v:15$510 (u_dmem.mem).
Removed top 24 address bits (of 32) from memory init port cpu_top.$flatten\u_dmem.$meminit$\mem$../rtl/dmem.v:15$511 (u_dmem.mem).
Removed top 24 address bits (of 32) from memory init port cpu_top.$flatten\u_dmem.$meminit$\mem$../rtl/dmem.v:15$512 (u_dmem.mem).
Removed top 24 address bits (of 32) from memory init port cpu_top.$flatten\u_dmem.$meminit$\mem$../rtl/dmem.v:15$513 (u_dmem.mem).
Removed top 24 address bits (of 32) from memory init port cpu_top.$flatten\u_dmem.$meminit$\mem$../rtl/dmem.v:15$514 (u_dmem.mem).
Removed top 24 address bits (of 32) from memory init port cpu_top.$flatten\u_dmem.$meminit$\mem$../rtl/dmem.v:15$515 (u_dmem.mem).
Removed top 24 address bits (of 32) from memory init port cpu_top.$flatten\u_dmem.$meminit$\mem$../rtl/dmem.v:15$516 (u_dmem.mem).
Removed top 24 address bits (of 32) from memory init port cpu_top.$flatten\u_dmem.$meminit$\mem$../rtl/dmem.v:15$517 (u_dmem.mem).
Removed top 24 address bits (of 32) from memory init port cpu_top.$flatten\u_dmem.$meminit$\mem$../rtl/dmem.v:15$518 (u_dmem.mem).
Removed top 24 address bits (of 32) from memory init port cpu_top.$flatten\u_dmem.$meminit$\mem$../rtl/dmem.v:15$519 (u_dmem.mem).
Removed top 24 address bits (of 32) from memory init port cpu_top.$flatten\u_dmem.$meminit$\mem$../rtl/dmem.v:15$520 (u_dmem.mem).
Removed top 24 address bits (of 32) from memory init port cpu_top.$flatten\u_dmem.$meminit$\mem$../rtl/dmem.v:15$521 (u_dmem.mem).
Removed top 24 address bits (of 32) from memory init port cpu_top.$flatten\u_dmem.$meminit$\mem$../rtl/dmem.v:15$522 (u_dmem.mem).
Removed top 24 address bits (of 32) from memory init port cpu_top.$flatten\u_dmem.$meminit$\mem$../rtl/dmem.v:15$523 (u_dmem.mem).
Removed top 24 address bits (of 32) from memory init port cpu_top.$flatten\u_dmem.$meminit$\mem$../rtl/dmem.v:15$524 (u_dmem.mem).
Removed top 24 address bits (of 32) from memory init port cpu_top.$flatten\u_dmem.$meminit$\mem$../rtl/dmem.v:15$525 (u_dmem.mem).
Removed top 24 address bits (of 32) from memory init port cpu_top.$flatten\u_dmem.$meminit$\mem$../rtl/dmem.v:15$526 (u_dmem.mem).
Removed top 24 address bits (of 32) from memory init port cpu_top.$flatten\u_dmem.$meminit$\mem$../rtl/dmem.v:15$527 (u_dmem.mem).
Removed top 24 address bits (of 32) from memory init port cpu_top.$flatten\u_dmem.$meminit$\mem$../rtl/dmem.v:15$528 (u_dmem.mem).
Removed top 24 address bits (of 32) from memory init port cpu_top.$flatten\u_dmem.$meminit$\mem$../rtl/dmem.v:15$529 (u_dmem.mem).
Removed top 24 address bits (of 32) from memory init port cpu_top.$flatten\u_dmem.$meminit$\mem$../rtl/dmem.v:15$530 (u_dmem.mem).
Removed top 24 address bits (of 32) from memory init port cpu_top.$flatten\u_dmem.$meminit$\mem$../rtl/dmem.v:15$531 (u_dmem.mem).
Removed top 24 address bits (of 32) from memory init port cpu_top.$flatten\u_dmem.$meminit$\mem$../rtl/dmem.v:15$532 (u_dmem.mem).
Removed top 24 address bits (of 32) from memory init port cpu_top.$flatten\u_dmem.$meminit$\mem$../rtl/dmem.v:15$533 (u_dmem.mem).
Removed top 24 address bits (of 32) from memory init port cpu_top.$flatten\u_dmem.$meminit$\mem$../rtl/dmem.v:15$534 (u_dmem.mem).
Removed top 24 address bits (of 32) from memory init port cpu_top.$flatten\u_dmem.$meminit$\mem$../rtl/dmem.v:15$535 (u_dmem.mem).
Removed top 24 address bits (of 32) from memory init port cpu_top.$flatten\u_dmem.$meminit$\mem$../rtl/dmem.v:15$536 (u_dmem.mem).
Removed top 24 address bits (of 32) from memory init port cpu_top.$flatten\u_dmem.$meminit$\mem$../rtl/dmem.v:15$537 (u_dmem.mem).
Removed top 24 address bits (of 32) from memory init port cpu_top.$flatten\u_dmem.$meminit$\mem$../rtl/dmem.v:15$538 (u_dmem.mem).
Removed top 24 address bits (of 32) from memory init port cpu_top.$flatten\u_dmem.$meminit$\mem$../rtl/dmem.v:15$539 (u_dmem.mem).
Removed top 24 address bits (of 32) from memory init port cpu_top.$flatten\u_dmem.$meminit$\mem$../rtl/dmem.v:15$540 (u_dmem.mem).
Removed top 24 address bits (of 32) from memory init port cpu_top.$flatten\u_dmem.$meminit$\mem$../rtl/dmem.v:15$541 (u_dmem.mem).
Removed top 24 address bits (of 32) from memory init port cpu_top.$flatten\u_dmem.$meminit$\mem$../rtl/dmem.v:15$542 (u_dmem.mem).
Removed top 24 address bits (of 32) from memory init port cpu_top.$flatten\u_dmem.$meminit$\mem$../rtl/dmem.v:15$543 (u_dmem.mem).
Removed top 24 address bits (of 32) from memory init port cpu_top.$flatten\u_dmem.$meminit$\mem$../rtl/dmem.v:15$544 (u_dmem.mem).
Removed top 24 address bits (of 32) from memory init port cpu_top.$flatten\u_dmem.$meminit$\mem$../rtl/dmem.v:15$545 (u_dmem.mem).
Removed top 24 address bits (of 32) from memory init port cpu_top.$flatten\u_dmem.$meminit$\mem$../rtl/dmem.v:15$546 (u_dmem.mem).
Removed top 24 address bits (of 32) from memory init port cpu_top.$flatten\u_dmem.$meminit$\mem$../rtl/dmem.v:15$547 (u_dmem.mem).
Removed top 24 address bits (of 32) from memory init port cpu_top.$flatten\u_dmem.$meminit$\mem$../rtl/dmem.v:15$548 (u_dmem.mem).
Removed top 24 address bits (of 32) from memory init port cpu_top.$flatten\u_dmem.$meminit$\mem$../rtl/dmem.v:15$549 (u_dmem.mem).
Removed top 24 address bits (of 32) from memory init port cpu_top.$flatten\u_dmem.$meminit$\mem$../rtl/dmem.v:15$550 (u_dmem.mem).
Removed top 24 address bits (of 32) from memory init port cpu_top.$flatten\u_dmem.$meminit$\mem$../rtl/dmem.v:15$551 (u_dmem.mem).
Removed top 24 address bits (of 32) from memory init port cpu_top.$flatten\u_dmem.$meminit$\mem$../rtl/dmem.v:15$552 (u_dmem.mem).
Removed top 24 address bits (of 32) from memory init port cpu_top.$flatten\u_dmem.$meminit$\mem$../rtl/dmem.v:15$553 (u_dmem.mem).
Removed top 24 address bits (of 32) from memory init port cpu_top.$flatten\u_dmem.$meminit$\mem$../rtl/dmem.v:15$554 (u_dmem.mem).
Removed top 24 address bits (of 32) from memory init port cpu_top.$flatten\u_dmem.$meminit$\mem$../rtl/dmem.v:15$555 (u_dmem.mem).
Removed top 24 address bits (of 32) from memory init port cpu_top.$flatten\u_dmem.$meminit$\mem$../rtl/dmem.v:15$556 (u_dmem.mem).
Removed top 24 address bits (of 32) from memory init port cpu_top.$flatten\u_dmem.$meminit$\mem$../rtl/dmem.v:15$557 (u_dmem.mem).
Removed top 24 address bits (of 32) from memory init port cpu_top.$flatten\u_dmem.$meminit$\mem$../rtl/dmem.v:15$558 (u_dmem.mem).
Removed top 24 address bits (of 32) from memory init port cpu_top.$flatten\u_dmem.$meminit$\mem$../rtl/dmem.v:15$559 (u_dmem.mem).
Removed top 24 address bits (of 32) from memory init port cpu_top.$flatten\u_dmem.$meminit$\mem$../rtl/dmem.v:15$560 (u_dmem.mem).
Removed top 24 address bits (of 32) from memory init port cpu_top.$flatten\u_dmem.$meminit$\mem$../rtl/dmem.v:15$561 (u_dmem.mem).
Removed top 24 address bits (of 32) from memory init port cpu_top.$flatten\u_dmem.$meminit$\mem$../rtl/dmem.v:15$562 (u_dmem.mem).
Removed top 24 address bits (of 32) from memory init port cpu_top.$flatten\u_dmem.$meminit$\mem$../rtl/dmem.v:15$563 (u_dmem.mem).
Removed top 24 address bits (of 32) from memory init port cpu_top.$flatten\u_imem.$meminit$\mem$../rtl/imem.v:0$1935 (u_imem.mem).
Removed top 24 address bits (of 32) from memory init port cpu_top.$flatten\u_imem.$meminit$\mem$../rtl/imem.v:16$1936 (u_imem.mem).
Removed top 24 address bits (of 32) from memory init port cpu_top.$flatten\u_imem.$meminit$\mem$../rtl/imem.v:16$1937 (u_imem.mem).
Removed top 24 address bits (of 32) from memory init port cpu_top.$flatten\u_imem.$meminit$\mem$../rtl/imem.v:16$1938 (u_imem.mem).
Removed top 24 address bits (of 32) from memory init port cpu_top.$flatten\u_imem.$meminit$\mem$../rtl/imem.v:16$1939 (u_imem.mem).
Removed top 24 address bits (of 32) from memory init port cpu_top.$flatten\u_imem.$meminit$\mem$../rtl/imem.v:16$1940 (u_imem.mem).
Removed top 24 address bits (of 32) from memory init port cpu_top.$flatten\u_imem.$meminit$\mem$../rtl/imem.v:16$1941 (u_imem.mem).
Removed top 24 address bits (of 32) from memory init port cpu_top.$flatten\u_imem.$meminit$\mem$../rtl/imem.v:16$1942 (u_imem.mem).
Removed top 24 address bits (of 32) from memory init port cpu_top.$flatten\u_imem.$meminit$\mem$../rtl/imem.v:16$1943 (u_imem.mem).
Removed top 24 address bits (of 32) from memory init port cpu_top.$flatten\u_imem.$meminit$\mem$../rtl/imem.v:16$1944 (u_imem.mem).
Removed top 24 address bits (of 32) from memory init port cpu_top.$flatten\u_imem.$meminit$\mem$../rtl/imem.v:16$1945 (u_imem.mem).
Removed top 24 address bits (of 32) from memory init port cpu_top.$flatten\u_imem.$meminit$\mem$../rtl/imem.v:16$1946 (u_imem.mem).
Removed top 24 address bits (of 32) from memory init port cpu_top.$flatten\u_imem.$meminit$\mem$../rtl/imem.v:16$1947 (u_imem.mem).
Removed top 24 address bits (of 32) from memory init port cpu_top.$flatten\u_imem.$meminit$\mem$../rtl/imem.v:16$1948 (u_imem.mem).
Removed top 24 address bits (of 32) from memory init port cpu_top.$flatten\u_imem.$meminit$\mem$../rtl/imem.v:16$1949 (u_imem.mem).
Removed top 24 address bits (of 32) from memory init port cpu_top.$flatten\u_imem.$meminit$\mem$../rtl/imem.v:16$1950 (u_imem.mem).
Removed top 24 address bits (of 32) from memory init port cpu_top.$flatten\u_imem.$meminit$\mem$../rtl/imem.v:16$1951 (u_imem.mem).
Removed top 24 address bits (of 32) from memory init port cpu_top.$flatten\u_imem.$meminit$\mem$../rtl/imem.v:16$1952 (u_imem.mem).
Removed top 24 address bits (of 32) from memory init port cpu_top.$flatten\u_imem.$meminit$\mem$../rtl/imem.v:16$1953 (u_imem.mem).
Removed top 24 address bits (of 32) from memory init port cpu_top.$flatten\u_imem.$meminit$\mem$../rtl/imem.v:16$1954 (u_imem.mem).
Removed top 24 address bits (of 32) from memory init port cpu_top.$flatten\u_imem.$meminit$\mem$../rtl/imem.v:16$1955 (u_imem.mem).
Removed top 24 address bits (of 32) from memory init port cpu_top.$flatten\u_imem.$meminit$\mem$../rtl/imem.v:16$1956 (u_imem.mem).
Removed top 24 address bits (of 32) from memory init port cpu_top.$flatten\u_imem.$meminit$\mem$../rtl/imem.v:16$1957 (u_imem.mem).
Removed top 24 address bits (of 32) from memory init port cpu_top.$flatten\u_imem.$meminit$\mem$../rtl/imem.v:16$1958 (u_imem.mem).
Removed top 24 address bits (of 32) from memory init port cpu_top.$flatten\u_imem.$meminit$\mem$../rtl/imem.v:16$1959 (u_imem.mem).
Removed top 24 address bits (of 32) from memory init port cpu_top.$flatten\u_imem.$meminit$\mem$../rtl/imem.v:16$1960 (u_imem.mem).
Removed top 24 address bits (of 32) from memory init port cpu_top.$flatten\u_imem.$meminit$\mem$../rtl/imem.v:16$1961 (u_imem.mem).
Removed top 24 address bits (of 32) from memory init port cpu_top.$flatten\u_imem.$meminit$\mem$../rtl/imem.v:16$1962 (u_imem.mem).
Removed top 24 address bits (of 32) from memory init port cpu_top.$flatten\u_imem.$meminit$\mem$../rtl/imem.v:16$1963 (u_imem.mem).
Removed top 24 address bits (of 32) from memory init port cpu_top.$flatten\u_imem.$meminit$\mem$../rtl/imem.v:16$1964 (u_imem.mem).
Removed top 24 address bits (of 32) from memory init port cpu_top.$flatten\u_imem.$meminit$\mem$../rtl/imem.v:16$1965 (u_imem.mem).
Removed top 24 address bits (of 32) from memory init port cpu_top.$flatten\u_imem.$meminit$\mem$../rtl/imem.v:16$1966 (u_imem.mem).
Removed top 24 address bits (of 32) from memory init port cpu_top.$flatten\u_imem.$meminit$\mem$../rtl/imem.v:16$1967 (u_imem.mem).
Removed top 24 address bits (of 32) from memory init port cpu_top.$flatten\u_imem.$meminit$\mem$../rtl/imem.v:16$1968 (u_imem.mem).
Removed top 24 address bits (of 32) from memory init port cpu_top.$flatten\u_imem.$meminit$\mem$../rtl/imem.v:16$1969 (u_imem.mem).
Removed top 24 address bits (of 32) from memory init port cpu_top.$flatten\u_imem.$meminit$\mem$../rtl/imem.v:16$1970 (u_imem.mem).
Removed top 24 address bits (of 32) from memory init port cpu_top.$flatten\u_imem.$meminit$\mem$../rtl/imem.v:16$1971 (u_imem.mem).
Removed top 24 address bits (of 32) from memory init port cpu_top.$flatten\u_imem.$meminit$\mem$../rtl/imem.v:16$1972 (u_imem.mem).
Removed top 24 address bits (of 32) from memory init port cpu_top.$flatten\u_imem.$meminit$\mem$../rtl/imem.v:16$1973 (u_imem.mem).
Removed top 24 address bits (of 32) from memory init port cpu_top.$flatten\u_imem.$meminit$\mem$../rtl/imem.v:16$1974 (u_imem.mem).
Removed top 24 address bits (of 32) from memory init port cpu_top.$flatten\u_imem.$meminit$\mem$../rtl/imem.v:16$1975 (u_imem.mem).
Removed top 24 address bits (of 32) from memory init port cpu_top.$flatten\u_imem.$meminit$\mem$../rtl/imem.v:16$1976 (u_imem.mem).
Removed top 24 address bits (of 32) from memory init port cpu_top.$flatten\u_imem.$meminit$\mem$../rtl/imem.v:16$1977 (u_imem.mem).
Removed top 24 address bits (of 32) from memory init port cpu_top.$flatten\u_imem.$meminit$\mem$../rtl/imem.v:16$1978 (u_imem.mem).
Removed top 24 address bits (of 32) from memory init port cpu_top.$flatten\u_imem.$meminit$\mem$../rtl/imem.v:16$1979 (u_imem.mem).
Removed top 24 address bits (of 32) from memory init port cpu_top.$flatten\u_imem.$meminit$\mem$../rtl/imem.v:16$1980 (u_imem.mem).
Removed top 24 address bits (of 32) from memory init port cpu_top.$flatten\u_imem.$meminit$\mem$../rtl/imem.v:16$1981 (u_imem.mem).
Removed top 24 address bits (of 32) from memory init port cpu_top.$flatten\u_imem.$meminit$\mem$../rtl/imem.v:16$1982 (u_imem.mem).
Removed top 24 address bits (of 32) from memory init port cpu_top.$flatten\u_imem.$meminit$\mem$../rtl/imem.v:16$1983 (u_imem.mem).
Removed top 24 address bits (of 32) from memory init port cpu_top.$flatten\u_imem.$meminit$\mem$../rtl/imem.v:16$1984 (u_imem.mem).
Removed top 24 address bits (of 32) from memory init port cpu_top.$flatten\u_imem.$meminit$\mem$../rtl/imem.v:16$1985 (u_imem.mem).
Removed top 24 address bits (of 32) from memory init port cpu_top.$flatten\u_imem.$meminit$\mem$../rtl/imem.v:16$1986 (u_imem.mem).
Removed top 24 address bits (of 32) from memory init port cpu_top.$flatten\u_imem.$meminit$\mem$../rtl/imem.v:16$1987 (u_imem.mem).
Removed top 24 address bits (of 32) from memory init port cpu_top.$flatten\u_imem.$meminit$\mem$../rtl/imem.v:16$1988 (u_imem.mem).
Removed top 24 address bits (of 32) from memory init port cpu_top.$flatten\u_imem.$meminit$\mem$../rtl/imem.v:16$1989 (u_imem.mem).
Removed top 24 address bits (of 32) from memory init port cpu_top.$flatten\u_imem.$meminit$\mem$../rtl/imem.v:16$1990 (u_imem.mem).
Removed top 24 address bits (of 32) from memory init port cpu_top.$flatten\u_imem.$meminit$\mem$../rtl/imem.v:16$1991 (u_imem.mem).
Removed top 24 address bits (of 32) from memory init port cpu_top.$flatten\u_imem.$meminit$\mem$../rtl/imem.v:16$1992 (u_imem.mem).
Removed top 24 address bits (of 32) from memory init port cpu_top.$flatten\u_imem.$meminit$\mem$../rtl/imem.v:16$1993 (u_imem.mem).
Removed top 24 address bits (of 32) from memory init port cpu_top.$flatten\u_imem.$meminit$\mem$../rtl/imem.v:16$1994 (u_imem.mem).
Removed top 24 address bits (of 32) from memory init port cpu_top.$flatten\u_imem.$meminit$\mem$../rtl/imem.v:16$1995 (u_imem.mem).
Removed top 24 address bits (of 32) from memory init port cpu_top.$flatten\u_imem.$meminit$\mem$../rtl/imem.v:16$1996 (u_imem.mem).
Removed top 24 address bits (of 32) from memory init port cpu_top.$flatten\u_imem.$meminit$\mem$../rtl/imem.v:16$1997 (u_imem.mem).
Removed top 24 address bits (of 32) from memory init port cpu_top.$flatten\u_imem.$meminit$\mem$../rtl/imem.v:16$1998 (u_imem.mem).
Removed top 24 address bits (of 32) from memory init port cpu_top.$flatten\u_imem.$meminit$\mem$../rtl/imem.v:16$1999 (u_imem.mem).
Removed top 24 address bits (of 32) from memory init port cpu_top.$flatten\u_imem.$meminit$\mem$../rtl/imem.v:16$2000 (u_imem.mem).
Removed top 24 address bits (of 32) from memory init port cpu_top.$flatten\u_imem.$meminit$\mem$../rtl/imem.v:16$2001 (u_imem.mem).
Removed top 24 address bits (of 32) from memory init port cpu_top.$flatten\u_imem.$meminit$\mem$../rtl/imem.v:16$2002 (u_imem.mem).
Removed top 24 address bits (of 32) from memory init port cpu_top.$flatten\u_imem.$meminit$\mem$../rtl/imem.v:16$2003 (u_imem.mem).
Removed top 24 address bits (of 32) from memory init port cpu_top.$flatten\u_imem.$meminit$\mem$../rtl/imem.v:16$2004 (u_imem.mem).
Removed top 24 address bits (of 32) from memory init port cpu_top.$flatten\u_imem.$meminit$\mem$../rtl/imem.v:16$2005 (u_imem.mem).
Removed top 24 address bits (of 32) from memory init port cpu_top.$flatten\u_imem.$meminit$\mem$../rtl/imem.v:16$2006 (u_imem.mem).
Removed top 24 address bits (of 32) from memory init port cpu_top.$flatten\u_imem.$meminit$\mem$../rtl/imem.v:16$2007 (u_imem.mem).
Removed top 24 address bits (of 32) from memory init port cpu_top.$flatten\u_imem.$meminit$\mem$../rtl/imem.v:16$2008 (u_imem.mem).
Removed top 24 address bits (of 32) from memory init port cpu_top.$flatten\u_imem.$meminit$\mem$../rtl/imem.v:16$2009 (u_imem.mem).
Removed top 24 address bits (of 32) from memory init port cpu_top.$flatten\u_imem.$meminit$\mem$../rtl/imem.v:16$2010 (u_imem.mem).
Removed top 24 address bits (of 32) from memory init port cpu_top.$flatten\u_imem.$meminit$\mem$../rtl/imem.v:16$2011 (u_imem.mem).
Removed top 24 address bits (of 32) from memory init port cpu_top.$flatten\u_imem.$meminit$\mem$../rtl/imem.v:16$2012 (u_imem.mem).
Removed top 24 address bits (of 32) from memory init port cpu_top.$flatten\u_imem.$meminit$\mem$../rtl/imem.v:16$2013 (u_imem.mem).
Removed top 24 address bits (of 32) from memory init port cpu_top.$flatten\u_imem.$meminit$\mem$../rtl/imem.v:16$2014 (u_imem.mem).
Removed top 24 address bits (of 32) from memory init port cpu_top.$flatten\u_imem.$meminit$\mem$../rtl/imem.v:16$2015 (u_imem.mem).
Removed top 24 address bits (of 32) from memory init port cpu_top.$flatten\u_imem.$meminit$\mem$../rtl/imem.v:16$2016 (u_imem.mem).
Removed top 24 address bits (of 32) from memory init port cpu_top.$flatten\u_imem.$meminit$\mem$../rtl/imem.v:16$2017 (u_imem.mem).
Removed top 24 address bits (of 32) from memory init port cpu_top.$flatten\u_imem.$meminit$\mem$../rtl/imem.v:16$2018 (u_imem.mem).
Removed top 24 address bits (of 32) from memory init port cpu_top.$flatten\u_imem.$meminit$\mem$../rtl/imem.v:16$2019 (u_imem.mem).
Removed top 24 address bits (of 32) from memory init port cpu_top.$flatten\u_imem.$meminit$\mem$../rtl/imem.v:16$2020 (u_imem.mem).
Removed top 24 address bits (of 32) from memory init port cpu_top.$flatten\u_imem.$meminit$\mem$../rtl/imem.v:16$2021 (u_imem.mem).
Removed top 24 address bits (of 32) from memory init port cpu_top.$flatten\u_imem.$meminit$\mem$../rtl/imem.v:16$2022 (u_imem.mem).
Removed top 24 address bits (of 32) from memory init port cpu_top.$flatten\u_imem.$meminit$\mem$../rtl/imem.v:16$2023 (u_imem.mem).
Removed top 24 address bits (of 32) from memory init port cpu_top.$flatten\u_imem.$meminit$\mem$../rtl/imem.v:16$2024 (u_imem.mem).
Removed top 24 address bits (of 32) from memory init port cpu_top.$flatten\u_imem.$meminit$\mem$../rtl/imem.v:16$2025 (u_imem.mem).
Removed top 24 address bits (of 32) from memory init port cpu_top.$flatten\u_imem.$meminit$\mem$../rtl/imem.v:16$2026 (u_imem.mem).
Removed top 24 address bits (of 32) from memory init port cpu_top.$flatten\u_imem.$meminit$\mem$../rtl/imem.v:16$2027 (u_imem.mem).
Removed top 24 address bits (of 32) from memory init port cpu_top.$flatten\u_imem.$meminit$\mem$../rtl/imem.v:16$2028 (u_imem.mem).
Removed top 24 address bits (of 32) from memory init port cpu_top.$flatten\u_imem.$meminit$\mem$../rtl/imem.v:16$2029 (u_imem.mem).
Removed top 24 address bits (of 32) from memory init port cpu_top.$flatten\u_imem.$meminit$\mem$../rtl/imem.v:16$2030 (u_imem.mem).
Removed top 24 address bits (of 32) from memory init port cpu_top.$flatten\u_imem.$meminit$\mem$../rtl/imem.v:16$2031 (u_imem.mem).
Removed top 24 address bits (of 32) from memory init port cpu_top.$flatten\u_imem.$meminit$\mem$../rtl/imem.v:16$2032 (u_imem.mem).
Removed top 24 address bits (of 32) from memory init port cpu_top.$flatten\u_imem.$meminit$\mem$../rtl/imem.v:16$2033 (u_imem.mem).
Removed top 24 address bits (of 32) from memory init port cpu_top.$flatten\u_imem.$meminit$\mem$../rtl/imem.v:16$2034 (u_imem.mem).
Removed top 24 address bits (of 32) from memory init port cpu_top.$flatten\u_imem.$meminit$\mem$../rtl/imem.v:16$2035 (u_imem.mem).
Removed top 24 address bits (of 32) from memory init port cpu_top.$flatten\u_imem.$meminit$\mem$../rtl/imem.v:16$2036 (u_imem.mem).
Removed top 24 address bits (of 32) from memory init port cpu_top.$flatten\u_imem.$meminit$\mem$../rtl/imem.v:16$2037 (u_imem.mem).
Removed top 24 address bits (of 32) from memory init port cpu_top.$flatten\u_imem.$meminit$\mem$../rtl/imem.v:16$2038 (u_imem.mem).
Removed top 24 address bits (of 32) from memory init port cpu_top.$flatten\u_imem.$meminit$\mem$../rtl/imem.v:16$2039 (u_imem.mem).
Removed top 24 address bits (of 32) from memory init port cpu_top.$flatten\u_imem.$meminit$\mem$../rtl/imem.v:16$2040 (u_imem.mem).
Removed top 24 address bits (of 32) from memory init port cpu_top.$flatten\u_imem.$meminit$\mem$../rtl/imem.v:16$2041 (u_imem.mem).
Removed top 24 address bits (of 32) from memory init port cpu_top.$flatten\u_imem.$meminit$\mem$../rtl/imem.v:16$2042 (u_imem.mem).
Removed top 24 address bits (of 32) from memory init port cpu_top.$flatten\u_imem.$meminit$\mem$../rtl/imem.v:16$2043 (u_imem.mem).
Removed top 24 address bits (of 32) from memory init port cpu_top.$flatten\u_imem.$meminit$\mem$../rtl/imem.v:16$2044 (u_imem.mem).
Removed top 24 address bits (of 32) from memory init port cpu_top.$flatten\u_imem.$meminit$\mem$../rtl/imem.v:16$2045 (u_imem.mem).
Removed top 24 address bits (of 32) from memory init port cpu_top.$flatten\u_imem.$meminit$\mem$../rtl/imem.v:16$2046 (u_imem.mem).
Removed top 24 address bits (of 32) from memory init port cpu_top.$flatten\u_imem.$meminit$\mem$../rtl/imem.v:16$2047 (u_imem.mem).
Removed top 24 address bits (of 32) from memory init port cpu_top.$flatten\u_imem.$meminit$\mem$../rtl/imem.v:16$2048 (u_imem.mem).
Removed top 24 address bits (of 32) from memory init port cpu_top.$flatten\u_imem.$meminit$\mem$../rtl/imem.v:16$2049 (u_imem.mem).
Removed top 24 address bits (of 32) from memory init port cpu_top.$flatten\u_imem.$meminit$\mem$../rtl/imem.v:16$2050 (u_imem.mem).
Removed top 24 address bits (of 32) from memory init port cpu_top.$flatten\u_imem.$meminit$\mem$../rtl/imem.v:16$2051 (u_imem.mem).
Removed top 24 address bits (of 32) from memory init port cpu_top.$flatten\u_imem.$meminit$\mem$../rtl/imem.v:16$2052 (u_imem.mem).
Removed top 24 address bits (of 32) from memory init port cpu_top.$flatten\u_imem.$meminit$\mem$../rtl/imem.v:16$2053 (u_imem.mem).
Removed top 24 address bits (of 32) from memory init port cpu_top.$flatten\u_imem.$meminit$\mem$../rtl/imem.v:16$2054 (u_imem.mem).
Removed top 24 address bits (of 32) from memory init port cpu_top.$flatten\u_imem.$meminit$\mem$../rtl/imem.v:16$2055 (u_imem.mem).
Removed top 24 address bits (of 32) from memory init port cpu_top.$flatten\u_imem.$meminit$\mem$../rtl/imem.v:16$2056 (u_imem.mem).
Removed top 24 address bits (of 32) from memory init port cpu_top.$flatten\u_imem.$meminit$\mem$../rtl/imem.v:16$2057 (u_imem.mem).
Removed top 24 address bits (of 32) from memory init port cpu_top.$flatten\u_imem.$meminit$\mem$../rtl/imem.v:16$2058 (u_imem.mem).
Removed top 24 address bits (of 32) from memory init port cpu_top.$flatten\u_imem.$meminit$\mem$../rtl/imem.v:16$2059 (u_imem.mem).
Removed top 24 address bits (of 32) from memory init port cpu_top.$flatten\u_imem.$meminit$\mem$../rtl/imem.v:16$2060 (u_imem.mem).
Removed top 24 address bits (of 32) from memory init port cpu_top.$flatten\u_imem.$meminit$\mem$../rtl/imem.v:16$2061 (u_imem.mem).
Removed top 24 address bits (of 32) from memory init port cpu_top.$flatten\u_imem.$meminit$\mem$../rtl/imem.v:16$2062 (u_imem.mem).
Removed top 24 address bits (of 32) from memory init port cpu_top.$flatten\u_imem.$meminit$\mem$../rtl/imem.v:16$2063 (u_imem.mem).
Removed top 24 address bits (of 32) from memory init port cpu_top.$flatten\u_imem.$meminit$\mem$../rtl/imem.v:16$2064 (u_imem.mem).
Removed top 24 address bits (of 32) from memory init port cpu_top.$flatten\u_imem.$meminit$\mem$../rtl/imem.v:16$2065 (u_imem.mem).
Removed top 24 address bits (of 32) from memory init port cpu_top.$flatten\u_imem.$meminit$\mem$../rtl/imem.v:16$2066 (u_imem.mem).
Removed top 24 address bits (of 32) from memory init port cpu_top.$flatten\u_imem.$meminit$\mem$../rtl/imem.v:16$2067 (u_imem.mem).
Removed top 24 address bits (of 32) from memory init port cpu_top.$flatten\u_imem.$meminit$\mem$../rtl/imem.v:16$2068 (u_imem.mem).
Removed top 24 address bits (of 32) from memory init port cpu_top.$flatten\u_imem.$meminit$\mem$../rtl/imem.v:16$2069 (u_imem.mem).
Removed top 24 address bits (of 32) from memory init port cpu_top.$flatten\u_imem.$meminit$\mem$../rtl/imem.v:16$2070 (u_imem.mem).
Removed top 24 address bits (of 32) from memory init port cpu_top.$flatten\u_imem.$meminit$\mem$../rtl/imem.v:16$2071 (u_imem.mem).
Removed top 24 address bits (of 32) from memory init port cpu_top.$flatten\u_imem.$meminit$\mem$../rtl/imem.v:16$2072 (u_imem.mem).
Removed top 24 address bits (of 32) from memory init port cpu_top.$flatten\u_imem.$meminit$\mem$../rtl/imem.v:16$2073 (u_imem.mem).
Removed top 24 address bits (of 32) from memory init port cpu_top.$flatten\u_imem.$meminit$\mem$../rtl/imem.v:16$2074 (u_imem.mem).
Removed top 24 address bits (of 32) from memory init port cpu_top.$flatten\u_imem.$meminit$\mem$../rtl/imem.v:16$2075 (u_imem.mem).
Removed top 24 address bits (of 32) from memory init port cpu_top.$flatten\u_imem.$meminit$\mem$../rtl/imem.v:16$2076 (u_imem.mem).
Removed top 24 address bits (of 32) from memory init port cpu_top.$flatten\u_imem.$meminit$\mem$../rtl/imem.v:16$2077 (u_imem.mem).
Removed top 24 address bits (of 32) from memory init port cpu_top.$flatten\u_imem.$meminit$\mem$../rtl/imem.v:16$2078 (u_imem.mem).
Removed top 24 address bits (of 32) from memory init port cpu_top.$flatten\u_imem.$meminit$\mem$../rtl/imem.v:16$2079 (u_imem.mem).
Removed top 24 address bits (of 32) from memory init port cpu_top.$flatten\u_imem.$meminit$\mem$../rtl/imem.v:16$2080 (u_imem.mem).
Removed top 24 address bits (of 32) from memory init port cpu_top.$flatten\u_imem.$meminit$\mem$../rtl/imem.v:16$2081 (u_imem.mem).
Removed top 24 address bits (of 32) from memory init port cpu_top.$flatten\u_imem.$meminit$\mem$../rtl/imem.v:16$2082 (u_imem.mem).
Removed top 24 address bits (of 32) from memory init port cpu_top.$flatten\u_imem.$meminit$\mem$../rtl/imem.v:16$2083 (u_imem.mem).
Removed top 24 address bits (of 32) from memory init port cpu_top.$flatten\u_imem.$meminit$\mem$../rtl/imem.v:16$2084 (u_imem.mem).
Removed top 24 address bits (of 32) from memory init port cpu_top.$flatten\u_imem.$meminit$\mem$../rtl/imem.v:16$2085 (u_imem.mem).
Removed top 24 address bits (of 32) from memory init port cpu_top.$flatten\u_imem.$meminit$\mem$../rtl/imem.v:16$2086 (u_imem.mem).
Removed top 24 address bits (of 32) from memory init port cpu_top.$flatten\u_imem.$meminit$\mem$../rtl/imem.v:16$2087 (u_imem.mem).
Removed top 24 address bits (of 32) from memory init port cpu_top.$flatten\u_imem.$meminit$\mem$../rtl/imem.v:16$2088 (u_imem.mem).
Removed top 24 address bits (of 32) from memory init port cpu_top.$flatten\u_imem.$meminit$\mem$../rtl/imem.v:16$2089 (u_imem.mem).
Removed top 24 address bits (of 32) from memory init port cpu_top.$flatten\u_imem.$meminit$\mem$../rtl/imem.v:16$2090 (u_imem.mem).
Removed top 24 address bits (of 32) from memory init port cpu_top.$flatten\u_imem.$meminit$\mem$../rtl/imem.v:16$2091 (u_imem.mem).
Removed top 24 address bits (of 32) from memory init port cpu_top.$flatten\u_imem.$meminit$\mem$../rtl/imem.v:16$2092 (u_imem.mem).
Removed top 24 address bits (of 32) from memory init port cpu_top.$flatten\u_imem.$meminit$\mem$../rtl/imem.v:16$2093 (u_imem.mem).
Removed top 24 address bits (of 32) from memory init port cpu_top.$flatten\u_imem.$meminit$\mem$../rtl/imem.v:16$2094 (u_imem.mem).
Removed top 24 address bits (of 32) from memory init port cpu_top.$flatten\u_imem.$meminit$\mem$../rtl/imem.v:16$2095 (u_imem.mem).
Removed top 24 address bits (of 32) from memory init port cpu_top.$flatten\u_imem.$meminit$\mem$../rtl/imem.v:16$2096 (u_imem.mem).
Removed top 24 address bits (of 32) from memory init port cpu_top.$flatten\u_imem.$meminit$\mem$../rtl/imem.v:16$2097 (u_imem.mem).
Removed top 24 address bits (of 32) from memory init port cpu_top.$flatten\u_imem.$meminit$\mem$../rtl/imem.v:16$2098 (u_imem.mem).
Removed top 24 address bits (of 32) from memory init port cpu_top.$flatten\u_imem.$meminit$\mem$../rtl/imem.v:16$2099 (u_imem.mem).
Removed top 24 address bits (of 32) from memory init port cpu_top.$flatten\u_imem.$meminit$\mem$../rtl/imem.v:16$2100 (u_imem.mem).
Removed top 24 address bits (of 32) from memory init port cpu_top.$flatten\u_imem.$meminit$\mem$../rtl/imem.v:16$2101 (u_imem.mem).
Removed top 24 address bits (of 32) from memory init port cpu_top.$flatten\u_imem.$meminit$\mem$../rtl/imem.v:16$2102 (u_imem.mem).
Removed top 24 address bits (of 32) from memory init port cpu_top.$flatten\u_imem.$meminit$\mem$../rtl/imem.v:16$2103 (u_imem.mem).
Removed top 24 address bits (of 32) from memory init port cpu_top.$flatten\u_imem.$meminit$\mem$../rtl/imem.v:16$2104 (u_imem.mem).
Removed top 24 address bits (of 32) from memory init port cpu_top.$flatten\u_imem.$meminit$\mem$../rtl/imem.v:16$2105 (u_imem.mem).
Removed top 24 address bits (of 32) from memory init port cpu_top.$flatten\u_imem.$meminit$\mem$../rtl/imem.v:16$2106 (u_imem.mem).
Removed top 24 address bits (of 32) from memory init port cpu_top.$flatten\u_imem.$meminit$\mem$../rtl/imem.v:16$2107 (u_imem.mem).
Removed top 24 address bits (of 32) from memory init port cpu_top.$flatten\u_imem.$meminit$\mem$../rtl/imem.v:16$2108 (u_imem.mem).
Removed top 24 address bits (of 32) from memory init port cpu_top.$flatten\u_imem.$meminit$\mem$../rtl/imem.v:16$2109 (u_imem.mem).
Removed top 24 address bits (of 32) from memory init port cpu_top.$flatten\u_imem.$meminit$\mem$../rtl/imem.v:16$2110 (u_imem.mem).
Removed top 24 address bits (of 32) from memory init port cpu_top.$flatten\u_imem.$meminit$\mem$../rtl/imem.v:16$2111 (u_imem.mem).
Removed top 24 address bits (of 32) from memory init port cpu_top.$flatten\u_imem.$meminit$\mem$../rtl/imem.v:16$2112 (u_imem.mem).
Removed top 24 address bits (of 32) from memory init port cpu_top.$flatten\u_imem.$meminit$\mem$../rtl/imem.v:16$2113 (u_imem.mem).
Removed top 24 address bits (of 32) from memory init port cpu_top.$flatten\u_imem.$meminit$\mem$../rtl/imem.v:16$2114 (u_imem.mem).
Removed top 24 address bits (of 32) from memory init port cpu_top.$flatten\u_imem.$meminit$\mem$../rtl/imem.v:16$2115 (u_imem.mem).
Removed top 24 address bits (of 32) from memory init port cpu_top.$flatten\u_imem.$meminit$\mem$../rtl/imem.v:16$2116 (u_imem.mem).
Removed top 24 address bits (of 32) from memory init port cpu_top.$flatten\u_imem.$meminit$\mem$../rtl/imem.v:16$2117 (u_imem.mem).
Removed top 24 address bits (of 32) from memory init port cpu_top.$flatten\u_imem.$meminit$\mem$../rtl/imem.v:16$2118 (u_imem.mem).
Removed top 24 address bits (of 32) from memory init port cpu_top.$flatten\u_imem.$meminit$\mem$../rtl/imem.v:16$2119 (u_imem.mem).
Removed top 24 address bits (of 32) from memory init port cpu_top.$flatten\u_imem.$meminit$\mem$../rtl/imem.v:16$2120 (u_imem.mem).
Removed top 24 address bits (of 32) from memory init port cpu_top.$flatten\u_imem.$meminit$\mem$../rtl/imem.v:16$2121 (u_imem.mem).
Removed top 24 address bits (of 32) from memory init port cpu_top.$flatten\u_imem.$meminit$\mem$../rtl/imem.v:16$2122 (u_imem.mem).
Removed top 24 address bits (of 32) from memory init port cpu_top.$flatten\u_imem.$meminit$\mem$../rtl/imem.v:16$2123 (u_imem.mem).
Removed top 24 address bits (of 32) from memory init port cpu_top.$flatten\u_imem.$meminit$\mem$../rtl/imem.v:16$2124 (u_imem.mem).
Removed top 24 address bits (of 32) from memory init port cpu_top.$flatten\u_imem.$meminit$\mem$../rtl/imem.v:16$2125 (u_imem.mem).
Removed top 24 address bits (of 32) from memory init port cpu_top.$flatten\u_imem.$meminit$\mem$../rtl/imem.v:16$2126 (u_imem.mem).
Removed top 24 address bits (of 32) from memory init port cpu_top.$flatten\u_imem.$meminit$\mem$../rtl/imem.v:16$2127 (u_imem.mem).
Removed top 24 address bits (of 32) from memory init port cpu_top.$flatten\u_imem.$meminit$\mem$../rtl/imem.v:16$2128 (u_imem.mem).
Removed top 24 address bits (of 32) from memory init port cpu_top.$flatten\u_imem.$meminit$\mem$../rtl/imem.v:16$2129 (u_imem.mem).
Removed top 24 address bits (of 32) from memory init port cpu_top.$flatten\u_imem.$meminit$\mem$../rtl/imem.v:16$2130 (u_imem.mem).
Removed top 24 address bits (of 32) from memory init port cpu_top.$flatten\u_imem.$meminit$\mem$../rtl/imem.v:16$2131 (u_imem.mem).
Removed top 24 address bits (of 32) from memory init port cpu_top.$flatten\u_imem.$meminit$\mem$../rtl/imem.v:16$2132 (u_imem.mem).
Removed top 24 address bits (of 32) from memory init port cpu_top.$flatten\u_imem.$meminit$\mem$../rtl/imem.v:16$2133 (u_imem.mem).
Removed top 24 address bits (of 32) from memory init port cpu_top.$flatten\u_imem.$meminit$\mem$../rtl/imem.v:16$2134 (u_imem.mem).
Removed top 24 address bits (of 32) from memory init port cpu_top.$flatten\u_imem.$meminit$\mem$../rtl/imem.v:16$2135 (u_imem.mem).
Removed top 24 address bits (of 32) from memory init port cpu_top.$flatten\u_imem.$meminit$\mem$../rtl/imem.v:16$2136 (u_imem.mem).
Removed top 24 address bits (of 32) from memory init port cpu_top.$flatten\u_imem.$meminit$\mem$../rtl/imem.v:16$2137 (u_imem.mem).
Removed top 24 address bits (of 32) from memory init port cpu_top.$flatten\u_imem.$meminit$\mem$../rtl/imem.v:16$2138 (u_imem.mem).
Removed top 24 address bits (of 32) from memory init port cpu_top.$flatten\u_imem.$meminit$\mem$../rtl/imem.v:16$2139 (u_imem.mem).
Removed top 24 address bits (of 32) from memory init port cpu_top.$flatten\u_imem.$meminit$\mem$../rtl/imem.v:16$2140 (u_imem.mem).
Removed top 24 address bits (of 32) from memory init port cpu_top.$flatten\u_imem.$meminit$\mem$../rtl/imem.v:16$2141 (u_imem.mem).
Removed top 24 address bits (of 32) from memory init port cpu_top.$flatten\u_imem.$meminit$\mem$../rtl/imem.v:16$2142 (u_imem.mem).
Removed top 24 address bits (of 32) from memory init port cpu_top.$flatten\u_imem.$meminit$\mem$../rtl/imem.v:16$2143 (u_imem.mem).
Removed top 24 address bits (of 32) from memory init port cpu_top.$flatten\u_imem.$meminit$\mem$../rtl/imem.v:16$2144 (u_imem.mem).
Removed top 24 address bits (of 32) from memory init port cpu_top.$flatten\u_imem.$meminit$\mem$../rtl/imem.v:16$2145 (u_imem.mem).
Removed top 24 address bits (of 32) from memory init port cpu_top.$flatten\u_imem.$meminit$\mem$../rtl/imem.v:16$2146 (u_imem.mem).
Removed top 24 address bits (of 32) from memory init port cpu_top.$flatten\u_imem.$meminit$\mem$../rtl/imem.v:16$2147 (u_imem.mem).
Removed top 24 address bits (of 32) from memory init port cpu_top.$flatten\u_imem.$meminit$\mem$../rtl/imem.v:16$2148 (u_imem.mem).
Removed top 24 address bits (of 32) from memory init port cpu_top.$flatten\u_imem.$meminit$\mem$../rtl/imem.v:16$2149 (u_imem.mem).
Removed top 24 address bits (of 32) from memory init port cpu_top.$flatten\u_imem.$meminit$\mem$../rtl/imem.v:16$2150 (u_imem.mem).
Removed top 24 address bits (of 32) from memory init port cpu_top.$flatten\u_imem.$meminit$\mem$../rtl/imem.v:16$2151 (u_imem.mem).
Removed top 24 address bits (of 32) from memory init port cpu_top.$flatten\u_imem.$meminit$\mem$../rtl/imem.v:16$2152 (u_imem.mem).
Removed top 24 address bits (of 32) from memory init port cpu_top.$flatten\u_imem.$meminit$\mem$../rtl/imem.v:16$2153 (u_imem.mem).
Removed top 24 address bits (of 32) from memory init port cpu_top.$flatten\u_imem.$meminit$\mem$../rtl/imem.v:16$2154 (u_imem.mem).
Removed top 24 address bits (of 32) from memory init port cpu_top.$flatten\u_imem.$meminit$\mem$../rtl/imem.v:16$2155 (u_imem.mem).
Removed top 24 address bits (of 32) from memory init port cpu_top.$flatten\u_imem.$meminit$\mem$../rtl/imem.v:16$2156 (u_imem.mem).
Removed top 24 address bits (of 32) from memory init port cpu_top.$flatten\u_imem.$meminit$\mem$../rtl/imem.v:16$2157 (u_imem.mem).
Removed top 24 address bits (of 32) from memory init port cpu_top.$flatten\u_imem.$meminit$\mem$../rtl/imem.v:16$2158 (u_imem.mem).
Removed top 24 address bits (of 32) from memory init port cpu_top.$flatten\u_imem.$meminit$\mem$../rtl/imem.v:16$2159 (u_imem.mem).
Removed top 24 address bits (of 32) from memory init port cpu_top.$flatten\u_imem.$meminit$\mem$../rtl/imem.v:16$2160 (u_imem.mem).
Removed top 24 address bits (of 32) from memory init port cpu_top.$flatten\u_imem.$meminit$\mem$../rtl/imem.v:16$2161 (u_imem.mem).
Removed top 24 address bits (of 32) from memory init port cpu_top.$flatten\u_imem.$meminit$\mem$../rtl/imem.v:16$2162 (u_imem.mem).
Removed top 24 address bits (of 32) from memory init port cpu_top.$flatten\u_imem.$meminit$\mem$../rtl/imem.v:16$2163 (u_imem.mem).
Removed top 24 address bits (of 32) from memory init port cpu_top.$flatten\u_imem.$meminit$\mem$../rtl/imem.v:16$2164 (u_imem.mem).
Removed top 24 address bits (of 32) from memory init port cpu_top.$flatten\u_imem.$meminit$\mem$../rtl/imem.v:16$2165 (u_imem.mem).
Removed top 24 address bits (of 32) from memory init port cpu_top.$flatten\u_imem.$meminit$\mem$../rtl/imem.v:16$2166 (u_imem.mem).
Removed top 24 address bits (of 32) from memory init port cpu_top.$flatten\u_imem.$meminit$\mem$../rtl/imem.v:16$2167 (u_imem.mem).
Removed top 24 address bits (of 32) from memory init port cpu_top.$flatten\u_imem.$meminit$\mem$../rtl/imem.v:16$2168 (u_imem.mem).
Removed top 24 address bits (of 32) from memory init port cpu_top.$flatten\u_imem.$meminit$\mem$../rtl/imem.v:16$2169 (u_imem.mem).
Removed top 24 address bits (of 32) from memory init port cpu_top.$flatten\u_imem.$meminit$\mem$../rtl/imem.v:16$2170 (u_imem.mem).
Removed top 24 address bits (of 32) from memory init port cpu_top.$flatten\u_imem.$meminit$\mem$../rtl/imem.v:16$2171 (u_imem.mem).
Removed top 24 address bits (of 32) from memory init port cpu_top.$flatten\u_imem.$meminit$\mem$../rtl/imem.v:16$2172 (u_imem.mem).
Removed top 24 address bits (of 32) from memory init port cpu_top.$flatten\u_imem.$meminit$\mem$../rtl/imem.v:16$2173 (u_imem.mem).
Removed top 24 address bits (of 32) from memory init port cpu_top.$flatten\u_imem.$meminit$\mem$../rtl/imem.v:16$2174 (u_imem.mem).
Removed top 24 address bits (of 32) from memory init port cpu_top.$flatten\u_imem.$meminit$\mem$../rtl/imem.v:16$2175 (u_imem.mem).
Removed top 24 address bits (of 32) from memory init port cpu_top.$flatten\u_imem.$meminit$\mem$../rtl/imem.v:16$2176 (u_imem.mem).
Removed top 24 address bits (of 32) from memory init port cpu_top.$flatten\u_imem.$meminit$\mem$../rtl/imem.v:16$2177 (u_imem.mem).
Removed top 24 address bits (of 32) from memory init port cpu_top.$flatten\u_imem.$meminit$\mem$../rtl/imem.v:16$2178 (u_imem.mem).
Removed top 24 address bits (of 32) from memory init port cpu_top.$flatten\u_imem.$meminit$\mem$../rtl/imem.v:16$2179 (u_imem.mem).
Removed top 24 address bits (of 32) from memory init port cpu_top.$flatten\u_imem.$meminit$\mem$../rtl/imem.v:16$2180 (u_imem.mem).
Removed top 24 address bits (of 32) from memory init port cpu_top.$flatten\u_imem.$meminit$\mem$../rtl/imem.v:16$2181 (u_imem.mem).
Removed top 24 address bits (of 32) from memory init port cpu_top.$flatten\u_imem.$meminit$\mem$../rtl/imem.v:16$2182 (u_imem.mem).
Removed top 24 address bits (of 32) from memory init port cpu_top.$flatten\u_imem.$meminit$\mem$../rtl/imem.v:16$2183 (u_imem.mem).
Removed top 24 address bits (of 32) from memory init port cpu_top.$flatten\u_imem.$meminit$\mem$../rtl/imem.v:16$2184 (u_imem.mem).
Removed top 24 address bits (of 32) from memory init port cpu_top.$flatten\u_imem.$meminit$\mem$../rtl/imem.v:16$2185 (u_imem.mem).
Removed top 24 address bits (of 32) from memory init port cpu_top.$flatten\u_imem.$meminit$\mem$../rtl/imem.v:16$2186 (u_imem.mem).
Removed top 24 address bits (of 32) from memory init port cpu_top.$flatten\u_imem.$meminit$\mem$../rtl/imem.v:16$2187 (u_imem.mem).
Removed top 24 address bits (of 32) from memory init port cpu_top.$flatten\u_imem.$meminit$\mem$../rtl/imem.v:16$2188 (u_imem.mem).
Removed top 24 address bits (of 32) from memory init port cpu_top.$flatten\u_imem.$meminit$\mem$../rtl/imem.v:16$2189 (u_imem.mem).
Removed top 24 address bits (of 32) from memory init port cpu_top.$flatten\u_imem.$meminit$\mem$../rtl/imem.v:16$2190 (u_imem.mem).
Removed top 24 address bits (of 32) from memory init port cpu_top.$flatten\u_imem.$meminit$\mem$../rtl/imem.v:16$2191 (u_imem.mem).
Removed top 28 address bits (of 32) from memory init port cpu_top.$flatten\u_rf.$auto$proc_memwr.cc:45:proc_memwr$2771 (u_rf.r).
Removed top 28 address bits (of 32) from memory init port cpu_top.$flatten\u_rf.$auto$proc_memwr.cc:45:proc_memwr$2772 (u_rf.r).
Removed top 28 address bits (of 32) from memory init port cpu_top.$flatten\u_rf.$auto$proc_memwr.cc:45:proc_memwr$2773 (u_rf.r).
Removed top 28 address bits (of 32) from memory init port cpu_top.$flatten\u_rf.$auto$proc_memwr.cc:45:proc_memwr$2774 (u_rf.r).
Removed top 28 address bits (of 32) from memory init port cpu_top.$flatten\u_rf.$auto$proc_memwr.cc:45:proc_memwr$2775 (u_rf.r).
Removed top 28 address bits (of 32) from memory init port cpu_top.$flatten\u_rf.$auto$proc_memwr.cc:45:proc_memwr$2776 (u_rf.r).
Removed top 28 address bits (of 32) from memory init port cpu_top.$flatten\u_rf.$auto$proc_memwr.cc:45:proc_memwr$2777 (u_rf.r).
Removed top 28 address bits (of 32) from memory init port cpu_top.$flatten\u_rf.$auto$proc_memwr.cc:45:proc_memwr$2778 (u_rf.r).
Removed top 28 address bits (of 32) from memory init port cpu_top.$flatten\u_rf.$auto$proc_memwr.cc:45:proc_memwr$2779 (u_rf.r).
Removed top 28 address bits (of 32) from memory init port cpu_top.$flatten\u_rf.$auto$proc_memwr.cc:45:proc_memwr$2780 (u_rf.r).
Removed top 28 address bits (of 32) from memory init port cpu_top.$flatten\u_rf.$auto$proc_memwr.cc:45:proc_memwr$2781 (u_rf.r).
Removed top 28 address bits (of 32) from memory init port cpu_top.$flatten\u_rf.$auto$proc_memwr.cc:45:proc_memwr$2782 (u_rf.r).
Removed top 28 address bits (of 32) from memory init port cpu_top.$flatten\u_rf.$auto$proc_memwr.cc:45:proc_memwr$2783 (u_rf.r).
Removed top 28 address bits (of 32) from memory init port cpu_top.$flatten\u_rf.$auto$proc_memwr.cc:45:proc_memwr$2784 (u_rf.r).
Removed top 28 address bits (of 32) from memory init port cpu_top.$flatten\u_rf.$auto$proc_memwr.cc:45:proc_memwr$2785 (u_rf.r).
Removed top 28 address bits (of 32) from memory init port cpu_top.$flatten\u_rf.$auto$proc_memwr.cc:45:proc_memwr$2786 (u_rf.r).
Removed top 31 bits (of 32) from port B of cell cpu_top.$add$../rtl/cpu_top.v:43$12 ($add).
Removed top 24 bits (of 32) from port Y of cell cpu_top.$add$../rtl/cpu_top.v:43$12 ($add).
Removed top 1 bits (of 2) from port B of cell cpu_top.$eq$../rtl/cpu_top.v:94$18 ($eq).
Removed top 1 bits (of 4) from port B of cell cpu_top.$flatten\u_ctrl.$procmux$2641_CMP0 ($eq).
Removed top 1 bits (of 4) from port B of cell cpu_top.$flatten\u_ctrl.$procmux$2633_CMP0 ($eq).
Removed top 1 bits (of 4) from port B of cell cpu_top.$flatten\u_ctrl.$procmux$2625_CMP4 ($eq).
Removed top 2 bits (of 4) from port B of cell cpu_top.$flatten\u_ctrl.$procmux$2625_CMP3 ($eq).
Removed top 2 bits (of 4) from port B of cell cpu_top.$flatten\u_ctrl.$procmux$2625_CMP2 ($eq).
Removed top 3 bits (of 4) from port B of cell cpu_top.$flatten\u_ctrl.$procmux$2625_CMP1 ($eq).
Removed top 1 bits (of 4) from port B of cell cpu_top.$flatten\u_ctrl.$procmux$2624_CMP0 ($eq).
Removed top 1 bits (of 2) from port B of cell cpu_top.$flatten\u_imm.$procmux$2530_CMP0 ($eq).
Removed top 3 bits (of 4) from port B of cell cpu_top.$flatten\u_alu.$procmux$2725_CMP0 ($eq).
Removed top 2 bits (of 4) from port B of cell cpu_top.$flatten\u_alu.$procmux$2724_CMP0 ($eq).
Removed top 2 bits (of 4) from port B of cell cpu_top.$flatten\u_alu.$procmux$2723_CMP0 ($eq).
Removed top 1 bits (of 4) from port B of cell cpu_top.$flatten\u_alu.$procmux$2722_CMP0 ($eq).
Removed top 1 bits (of 4) from port B of cell cpu_top.$flatten\u_alu.$procmux$2721_CMP0 ($eq).
Removed top 1 bits (of 4) from port B of cell cpu_top.$flatten\u_alu.$procmux$2720_CMP0 ($eq).
Removed top 1 bits (of 4) from port B of cell cpu_top.$flatten\u_alu.$procmux$2719_CMP0 ($eq).
Removed top 24 bits (of 32) from wire cpu_top.$add$../rtl/cpu_top.v:43$12_Y.

9.11. Executing PEEPOPT pass (run peephole optimizers).

9.12. Executing OPT_CLEAN pass (remove unused cells and wires).
Finding unused cells or wires in module \cpu_top..
Removed 0 unused cells and 1 unused wires.
<suppressed ~1 debug messages>

9.13. Executing ALUMACC pass (create $alu and $macc cells).
Extracting $alu and $macc cells in module cpu_top:
  creating $macc model for $add$../rtl/cpu_top.v:182$39 ($add).
  creating $macc model for $add$../rtl/cpu_top.v:43$12 ($add).
  creating $macc model for $flatten\u_alu.$add$../rtl/alu.v:12$2 ($add).
  creating $macc model for $flatten\u_alu.$sub$../rtl/alu.v:13$3 ($sub).
  creating $alu model for $macc $flatten\u_alu.$sub$../rtl/alu.v:13$3.
  creating $alu model for $macc $flatten\u_alu.$add$../rtl/alu.v:12$2.
  creating $alu model for $macc $add$../rtl/cpu_top.v:43$12.
  creating $alu model for $macc $add$../rtl/cpu_top.v:182$39.
  creating $alu cell for $add$../rtl/cpu_top.v:182$39: $auto$alumacc.cc:495:replace_alu$2825
  creating $alu cell for $add$../rtl/cpu_top.v:43$12: $auto$alumacc.cc:495:replace_alu$2828
  creating $alu cell for $flatten\u_alu.$add$../rtl/alu.v:12$2: $auto$alumacc.cc:495:replace_alu$2831
  creating $alu cell for $flatten\u_alu.$sub$../rtl/alu.v:13$3: $auto$alumacc.cc:495:replace_alu$2834
  created 4 $alu and 0 $macc cells.

9.14. Executing SHARE pass (SAT-based resource sharing).
Found 5 cells in module cpu_top that may be considered for resource sharing.
  Analyzing resource sharing options for $flatten\u_rf.$memrd$\r$../rtl/regfile.v:29$1668 ($memrd):
    Found 1 activation_patterns using ctrl signal { $flatten\u_rf.$eq$../rtl/regfile.v:29$1667_Y \fwd_b }.
    Found 1 candidates: $flatten\u_rf.$memrd$\r$../rtl/regfile.v:28$1665
    Analyzing resource sharing with $flatten\u_rf.$memrd$\r$../rtl/regfile.v:28$1665 ($memrd):
      Found 1 activation_patterns using ctrl signal { $flatten\u_rf.$eq$../rtl/regfile.v:28$1664_Y \fwd_a }.
      Activation pattern for cell $flatten\u_rf.$memrd$\r$../rtl/regfile.v:29$1668: { $flatten\u_rf.$eq$../rtl/regfile.v:29$1667_Y \fwd_b } = 2'00
      Activation pattern for cell $flatten\u_rf.$memrd$\r$../rtl/regfile.v:28$1665: { $flatten\u_rf.$eq$../rtl/regfile.v:28$1664_Y \fwd_a } = 2'00
      Size of SAT problem: 19 cells, 259 variables, 670 clauses
      According to the SAT solver this pair of cells can not be shared.
      Model from SAT solver: { $flatten\u_rf.$eq$../rtl/regfile.v:28$1664_Y $flatten\u_rf.$eq$../rtl/regfile.v:29$1667_Y \fwd_b \fwd_a } = 4'0000
  Analyzing resource sharing options for $flatten\u_rf.$memrd$\r$../rtl/regfile.v:28$1665 ($memrd):
    Found 1 activation_patterns using ctrl signal { $flatten\u_rf.$eq$../rtl/regfile.v:28$1664_Y \fwd_a }.
    No candidates found.
  Analyzing resource sharing options for $flatten\u_dmem.$memrd$\mem$../rtl/dmem.v:22$307 ($memrd):
    Found 1 activation_patterns using ctrl signal \ex_mem_to_reg.
    No candidates found.
  Analyzing resource sharing options for $flatten\u_alu.$shr$../rtl/alu.v:18$8 ($shr):
    Found 1 activation_patterns using ctrl signal $flatten\u_alu.$procmux$2720_CMP.
    No candidates found.
  Analyzing resource sharing options for $flatten\u_alu.$shl$../rtl/alu.v:17$7 ($shl):
    Found 1 activation_patterns using ctrl signal $flatten\u_alu.$procmux$2721_CMP.
    No candidates found.

9.15. Executing OPT pass (performing simple optimizations).

9.15.1. Executing OPT_EXPR pass (perform const folding).
Optimizing module cpu_top.

9.15.2. Executing OPT_MERGE pass (detect identical cells).
Finding identical cells in module `\cpu_top'.
Removed a total of 0 cells.

9.15.3. Executing OPT_MUXTREE pass (detect dead branches in mux trees).
Running muxtree optimizer on module \cpu_top..
  Creating internal representation of mux trees.
  Evaluating internal representation of mux trees.
  Analyzing evaluation results.
Removed 0 multiplexer ports.
<suppressed ~30 debug messages>

9.15.4. Executing OPT_REDUCE pass (consolidate $*mux and $reduce_* inputs).
  Optimizing cells in module \cpu_top.
Performed a total of 0 changes.

9.15.5. Executing OPT_MERGE pass (detect identical cells).
Finding identical cells in module `\cpu_top'.
Removed a total of 0 cells.

9.15.6. Executing OPT_DFF pass (perform DFF optimizations).

9.15.7. Executing OPT_CLEAN pass (remove unused cells and wires).
Finding unused cells or wires in module \cpu_top..

9.15.8. Executing OPT_EXPR pass (perform const folding).
Optimizing module cpu_top.

9.15.9. Finished OPT passes. (There is nothing left to do.)

9.16. Executing MEMORY pass.

9.16.1. Executing OPT_MEM pass (optimize memories).
Performed a total of 0 transformations.

9.16.2. Executing OPT_MEM_PRIORITY pass (removing unnecessary memory write priority relations).
Performed a total of 120 transformations.

9.16.3. Executing OPT_MEM_FEEDBACK pass (finding memory read-to-write feedback paths).
  Analyzing cpu_top.u_dmem.mem write port 0.
  Analyzing cpu_top.u_imem.mem write port 0.
  Analyzing cpu_top.u_rf.r write port 0.
  Analyzing cpu_top.u_rf.r write port 1.
  Analyzing cpu_top.u_rf.r write port 2.
  Analyzing cpu_top.u_rf.r write port 3.
  Analyzing cpu_top.u_rf.r write port 4.
  Analyzing cpu_top.u_rf.r write port 5.
  Analyzing cpu_top.u_rf.r write port 6.
  Analyzing cpu_top.u_rf.r write port 7.
  Analyzing cpu_top.u_rf.r write port 8.
  Analyzing cpu_top.u_rf.r write port 9.
  Analyzing cpu_top.u_rf.r write port 10.
  Analyzing cpu_top.u_rf.r write port 11.
  Analyzing cpu_top.u_rf.r write port 12.
  Analyzing cpu_top.u_rf.r write port 13.
  Analyzing cpu_top.u_rf.r write port 14.
  Analyzing cpu_top.u_rf.r write port 15.
  Analyzing cpu_top.u_rf.r write port 16.

9.16.4. Executing MEMORY_BMUX2ROM pass (converting muxes to ROMs).

9.16.5. Executing MEMORY_DFF pass (merging $dff cells to $memrd).
Checking read port `\u_dmem.mem'[0] in module `\cpu_top': no output FF found.
Checking read port `\u_imem.mem'[0] in module `\cpu_top': merging output FF to cell.
    Write port 0: non-transparent.
Checking read port `\u_rf.r'[0] in module `\cpu_top': FF found, but with a mux select that doesn't seem to correspond to transparency logic.
Checking read port `\u_rf.r'[1] in module `\cpu_top': FF found, but with a mux select that doesn't seem to correspond to transparency logic.
Checking read port address `\u_dmem.mem'[0] in module `\cpu_top': no address FF found.
Checking read port address `\u_rf.r'[0] in module `\cpu_top': no address FF found.
Checking read port address `\u_rf.r'[1] in module `\cpu_top': no address FF found.

9.16.6. Executing OPT_CLEAN pass (remove unused cells and wires).
Finding unused cells or wires in module \cpu_top..
Removed 1 unused cells and 18 unused wires.
<suppressed ~4 debug messages>

9.16.7. Executing MEMORY_SHARE pass (consolidating $memrd/$memwr cells).
Consolidating read ports of memory cpu_top.u_rf.r by address:
Consolidating write ports of memory cpu_top.u_rf.r by address:
  Merging ports 0, 1 (address 4'0000).
  Merging ports 0, 2 (address 4'0000).
  Merging ports 0, 3 (address 4'0000).
  Merging ports 0, 4 (address 4'0000).
  Merging ports 0, 5 (address 4'0000).
  Merging ports 0, 6 (address 4'0000).
  Merging ports 0, 7 (address 4'0000).
  Merging ports 0, 8 (address 4'0000).
  Merging ports 10, 11 (address 4'1010).
  Merging ports 12, 13 (address 4'1100).
  Merging ports 12, 14 (address 4'1100).
  Merging ports 12, 15 (address 4'1100).
Consolidating write ports of memory cpu_top.u_rf.r by address:
  Merging ports 1, 2 (address 4'1001).
  Merging ports 1, 3 (address 4'1000).
Consolidating write ports of memory cpu_top.u_rf.r by address:
Consolidating write ports of memory cpu_top.u_rf.r using sat-based resource sharing:

9.16.8. Executing OPT_MEM_WIDEN pass (optimize memories where all ports are wide).
Performed a total of 0 transformations.

9.16.9. Executing OPT_CLEAN pass (remove unused cells and wires).
Finding unused cells or wires in module \cpu_top..

9.16.10. Executing MEMORY_COLLECT pass (generating $mem cells).

9.17. Executing OPT_CLEAN pass (remove unused cells and wires).
Finding unused cells or wires in module \cpu_top..

9.18. Executing OPT pass (performing simple optimizations).

9.18.1. Executing OPT_EXPR pass (perform const folding).
Optimizing module cpu_top.
<suppressed ~21 debug messages>

9.18.2. Executing OPT_MERGE pass (detect identical cells).
Finding identical cells in module `\cpu_top'.
Removed a total of 0 cells.

9.18.3. Executing OPT_DFF pass (perform DFF optimizations).

9.18.4. Executing OPT_CLEAN pass (remove unused cells and wires).
Finding unused cells or wires in module \cpu_top..
Removed 1 unused cells and 21 unused wires.
<suppressed ~2 debug messages>

9.18.5. Finished fast OPT passes.

9.19. Executing MEMORY_MAP pass (converting memories to logic and flip-flops).
Mapping memory \u_dmem.mem in module \cpu_top:
  created 256 $dff cells and 0 static cells of width 16.
  read interface: 0 $dff and 255 $mux cells.
  write interface: 256 write mux blocks.
Mapping memory \u_imem.mem in module \cpu_top:
  created 256 $dff cells and 0 static cells of width 16.
Extracted data FF from read port 0 of cpu_top.u_imem.mem: $\u_imem.mem$rdreg[0]
  read interface: 1 $dff and 255 $mux cells.
  write interface: 256 write mux blocks.
Mapping memory \u_rf.r in module \cpu_top:
  created 16 $dff cells and 0 static cells of width 16.
  read interface: 0 $dff and 30 $mux cells.
  write interface: 48 write mux blocks.

9.20. Executing OPT pass (performing simple optimizations).

9.20.1. Executing OPT_EXPR pass (perform const folding).
Optimizing module cpu_top.
<suppressed ~91 debug messages>

9.20.2. Executing OPT_MERGE pass (detect identical cells).
Finding identical cells in module `\cpu_top'.
Removed a total of 0 cells.

9.20.3. Executing OPT_MUXTREE pass (detect dead branches in mux trees).
Running muxtree optimizer on module \cpu_top..
  Creating internal representation of mux trees.
  Evaluating internal representation of mux trees.
  Analyzing evaluation results.
Removed 0 multiplexer ports.
<suppressed ~542 debug messages>

9.20.4. Executing OPT_REDUCE pass (consolidate $*mux and $reduce_* inputs).
  Optimizing cells in module \cpu_top.
    Consolidated identical input bits for $pmux cell $flatten\u_imm.$procmux$2527:
      Old ports: A={ \id_instr [3] \id_instr [3] \id_instr [3] \id_instr [3] \id_instr [3] \id_instr [3] \id_instr [3] \id_instr [3] \id_instr [3] \id_instr [3] \id_instr [3] \id_instr [3] \id_instr [3:0] }, B={ 12'000000000000 \id_instr [3:0] 8'00000000 \id_instr [7:0] \id_instr [11] \id_instr [11] \id_instr [11] \id_instr [11] \id_instr [11:0] }, Y=\id_imm
      New ports: A={ \id_instr [3] \id_instr [3] \id_instr [3] \id_instr [3] \id_instr [3] \id_instr [3] \id_instr [3] \id_instr [3] }, B={ 12'000000000000 \id_instr [7:4] \id_instr [11:4] }, Y=\id_imm [11:4]
      New connections: { \id_imm [15:12] \id_imm [3:0] } = { \id_imm [11] \id_imm [11] \id_imm [11] \id_imm [11] \id_instr [3:0] }
  Optimizing cells in module \cpu_top.
Performed a total of 1 changes.

9.20.5. Executing OPT_MERGE pass (detect identical cells).
Finding identical cells in module `\cpu_top'.
Removed a total of 0 cells.

9.20.6. Executing OPT_SHARE pass.
    Found cells that share an operand and can be merged by moving the $pmux $flatten\u_alu.$procmux$2717 in front of them:
        $auto$alumacc.cc:495:replace_alu$2834
        $auto$alumacc.cc:495:replace_alu$2831

9.20.7. Executing OPT_DFF pass (perform DFF optimizations).

9.20.8. Executing OPT_CLEAN pass (remove unused cells and wires).
Finding unused cells or wires in module \cpu_top..
Removed 0 unused cells and 1149 unused wires.
<suppressed ~1 debug messages>

9.20.9. Executing OPT_EXPR pass (perform const folding).
Optimizing module cpu_top.
<suppressed ~1 debug messages>

9.20.10. Rerunning OPT passes. (Maybe there is more to do..)

9.20.11. Executing OPT_MUXTREE pass (detect dead branches in mux trees).
Running muxtree optimizer on module \cpu_top..
  Creating internal representation of mux trees.
  Evaluating internal representation of mux trees.
  Analyzing evaluation results.
Removed 0 multiplexer ports.
<suppressed ~543 debug messages>

9.20.12. Executing OPT_REDUCE pass (consolidate $*mux and $reduce_* inputs).
  Optimizing cells in module \cpu_top.
    New ctrl vector for $pmux cell $flatten\u_alu.$procmux$2717: { $auto$opt_reduce.cc:137:opt_pmux$9134 $flatten\u_alu.$procmux$2724_CMP $flatten\u_alu.$procmux$2723_CMP $flatten\u_alu.$procmux$2722_CMP $flatten\u_alu.$procmux$2721_CMP $flatten\u_alu.$procmux$2720_CMP $flatten\u_alu.$procmux$2719_CMP $flatten\u_alu.$procmux$2718_CMP }
  Optimizing cells in module \cpu_top.
Performed a total of 1 changes.

9.20.13. Executing OPT_MERGE pass (detect identical cells).
Finding identical cells in module `\cpu_top'.
Removed a total of 0 cells.

9.20.14. Executing OPT_SHARE pass.

9.20.15. Executing OPT_DFF pass (perform DFF optimizations).
Adding EN signal on $memory\u_rf.r[9]$8760 ($dff) from module cpu_top (D = $memory\u_rf.r$wrmux[9][2][0]$y$9039, Q = \u_rf.r[9]).
Adding EN signal on $memory\u_rf.r[8]$8758 ($dff) from module cpu_top (D = $memory\u_rf.r$wrmux[8][2][0]$y$9025, Q = \u_rf.r[8]).
Adding EN signal on $memory\u_rf.r[7]$8756 ($dff) from module cpu_top (D = $memory\u_rf.r$wrmux[7][2][0]$y$9005, Q = \u_rf.r[7]).
Adding EN signal on $memory\u_rf.r[6]$8754 ($dff) from module cpu_top (D = $memory\u_rf.r$wrmux[6][2][0]$y$8991, Q = \u_rf.r[6]).
Adding EN signal on $memory\u_rf.r[5]$8752 ($dff) from module cpu_top (D = $memory\u_rf.r$wrmux[5][2][0]$y$8977, Q = \u_rf.r[5]).
Adding EN signal on $memory\u_rf.r[4]$8750 ($dff) from module cpu_top (D = $memory\u_rf.r$wrmux[4][2][0]$y$8963, Q = \u_rf.r[4]).
Adding EN signal on $memory\u_rf.r[3]$8748 ($dff) from module cpu_top (D = $memory\u_rf.r$wrmux[3][2][0]$y$8945, Q = \u_rf.r[3]).
Adding EN signal on $memory\u_rf.r[2]$8746 ($dff) from module cpu_top (D = $memory\u_rf.r$wrmux[2][2][0]$y$8929, Q = \u_rf.r[2]).
Adding EN signal on $memory\u_rf.r[1]$8744 ($dff) from module cpu_top (D = $memory\u_rf.r$wrmux[1][2][0]$y$8911, Q = \u_rf.r[1]).
Adding EN signal on $memory\u_rf.r[15]$8772 ($dff) from module cpu_top (D = $memory\u_rf.r$wrmux[15][2][0]$y$9125, Q = \u_rf.r[15]).
Adding EN signal on $memory\u_rf.r[14]$8770 ($dff) from module cpu_top (D = $memory\u_rf.r$wrmux[14][2][0]$y$9111, Q = \u_rf.r[14]).
Adding EN signal on $memory\u_rf.r[13]$8768 ($dff) from module cpu_top (D = $memory\u_rf.r$wrmux[13][2][0]$y$9097, Q = \u_rf.r[13]).
Adding EN signal on $memory\u_rf.r[12]$8766 ($dff) from module cpu_top (D = $memory\u_rf.r$wrmux[12][2][0]$y$9083, Q = \u_rf.r[12]).
Adding EN signal on $memory\u_rf.r[11]$8764 ($dff) from module cpu_top (D = $memory\u_rf.r$wrmux[11][2][0]$y$9067, Q = \u_rf.r[11]).
Adding EN signal on $memory\u_rf.r[10]$8762 ($dff) from module cpu_top (D = $memory\u_rf.r$wrmux[10][2][0]$y$9053, Q = \u_rf.r[10]).
Adding EN signal on $memory\u_rf.r[0]$8742 ($dff) from module cpu_top (D = $memory\u_rf.r$wrmux[0][2][0]$y$8893, Q = \u_rf.r[0]).
Adding EN signal on $memory\u_imem.mem[9]$5819 ($dff) from module cpu_top (D = \prog_data, Q = \u_imem.mem[9]).
Adding EN signal on $memory\u_imem.mem[99]$5999 ($dff) from module cpu_top (D = \prog_data, Q = \u_imem.mem[99]).
Adding EN signal on $memory\u_imem.mem[98]$5997 ($dff) from module cpu_top (D = \prog_data, Q = \u_imem.mem[98]).
Adding EN signal on $memory\u_imem.mem[97]$5995 ($dff) from module cpu_top (D = \prog_data, Q = \u_imem.mem[97]).
Adding EN signal on $memory\u_imem.mem[96]$5993 ($dff) from module cpu_top (D = \prog_data, Q = \u_imem.mem[96]).
Adding EN signal on $memory\u_imem.mem[95]$5991 ($dff) from module cpu_top (D = \prog_data, Q = \u_imem.mem[95]).
Adding EN signal on $memory\u_imem.mem[94]$5989 ($dff) from module cpu_top (D = \prog_data, Q = \u_imem.mem[94]).
Adding EN signal on $memory\u_imem.mem[93]$5987 ($dff) from module cpu_top (D = \prog_data, Q = \u_imem.mem[93]).
Adding EN signal on $memory\u_imem.mem[92]$5985 ($dff) from module cpu_top (D = \prog_data, Q = \u_imem.mem[92]).
Adding EN signal on $memory\u_imem.mem[91]$5983 ($dff) from module cpu_top (D = \prog_data, Q = \u_imem.mem[91]).
Adding EN signal on $memory\u_imem.mem[90]$5981 ($dff) from module cpu_top (D = \prog_data, Q = \u_imem.mem[90]).
Adding EN signal on $memory\u_imem.mem[8]$5817 ($dff) from module cpu_top (D = \prog_data, Q = \u_imem.mem[8]).
Adding EN signal on $memory\u_imem.mem[89]$5979 ($dff) from module cpu_top (D = \prog_data, Q = \u_imem.mem[89]).
Adding EN signal on $memory\u_imem.mem[88]$5977 ($dff) from module cpu_top (D = \prog_data, Q = \u_imem.mem[88]).
Adding EN signal on $memory\u_imem.mem[87]$5975 ($dff) from module cpu_top (D = \prog_data, Q = \u_imem.mem[87]).
Adding EN signal on $memory\u_imem.mem[86]$5973 ($dff) from module cpu_top (D = \prog_data, Q = \u_imem.mem[86]).
Adding EN signal on $memory\u_imem.mem[85]$5971 ($dff) from module cpu_top (D = \prog_data, Q = \u_imem.mem[85]).
Adding EN signal on $memory\u_imem.mem[84]$5969 ($dff) from module cpu_top (D = \prog_data, Q = \u_imem.mem[84]).
Adding EN signal on $memory\u_imem.mem[83]$5967 ($dff) from module cpu_top (D = \prog_data, Q = \u_imem.mem[83]).
Adding EN signal on $memory\u_imem.mem[82]$5965 ($dff) from module cpu_top (D = \prog_data, Q = \u_imem.mem[82]).
Adding EN signal on $memory\u_imem.mem[81]$5963 ($dff) from module cpu_top (D = \prog_data, Q = \u_imem.mem[81]).
Adding EN signal on $memory\u_imem.mem[80]$5961 ($dff) from module cpu_top (D = \prog_data, Q = \u_imem.mem[80]).
Adding EN signal on $memory\u_imem.mem[7]$5815 ($dff) from module cpu_top (D = \prog_data, Q = \u_imem.mem[7]).
Adding EN signal on $memory\u_imem.mem[79]$5959 ($dff) from module cpu_top (D = \prog_data, Q = \u_imem.mem[79]).
Adding EN signal on $memory\u_imem.mem[78]$5957 ($dff) from module cpu_top (D = \prog_data, Q = \u_imem.mem[78]).
Adding EN signal on $memory\u_imem.mem[77]$5955 ($dff) from module cpu_top (D = \prog_data, Q = \u_imem.mem[77]).
Adding EN signal on $memory\u_imem.mem[76]$5953 ($dff) from module cpu_top (D = \prog_data, Q = \u_imem.mem[76]).
Adding EN signal on $memory\u_imem.mem[75]$5951 ($dff) from module cpu_top (D = \prog_data, Q = \u_imem.mem[75]).
Adding EN signal on $memory\u_imem.mem[74]$5949 ($dff) from module cpu_top (D = \prog_data, Q = \u_imem.mem[74]).
Adding EN signal on $memory\u_imem.mem[73]$5947 ($dff) from module cpu_top (D = \prog_data, Q = \u_imem.mem[73]).
Adding EN signal on $memory\u_imem.mem[72]$5945 ($dff) from module cpu_top (D = \prog_data, Q = \u_imem.mem[72]).
Adding EN signal on $memory\u_imem.mem[71]$5943 ($dff) from module cpu_top (D = \prog_data, Q = \u_imem.mem[71]).
Adding EN signal on $memory\u_imem.mem[70]$5941 ($dff) from module cpu_top (D = \prog_data, Q = \u_imem.mem[70]).
Adding EN signal on $memory\u_imem.mem[6]$5813 ($dff) from module cpu_top (D = \prog_data, Q = \u_imem.mem[6]).
Adding EN signal on $memory\u_imem.mem[69]$5939 ($dff) from module cpu_top (D = \prog_data, Q = \u_imem.mem[69]).
Adding EN signal on $memory\u_imem.mem[68]$5937 ($dff) from module cpu_top (D = \prog_data, Q = \u_imem.mem[68]).
Adding EN signal on $memory\u_imem.mem[67]$5935 ($dff) from module cpu_top (D = \prog_data, Q = \u_imem.mem[67]).
Adding EN signal on $memory\u_imem.mem[66]$5933 ($dff) from module cpu_top (D = \prog_data, Q = \u_imem.mem[66]).
Adding EN signal on $memory\u_imem.mem[65]$5931 ($dff) from module cpu_top (D = \prog_data, Q = \u_imem.mem[65]).
Adding EN signal on $memory\u_imem.mem[64]$5929 ($dff) from module cpu_top (D = \prog_data, Q = \u_imem.mem[64]).
Adding EN signal on $memory\u_imem.mem[63]$5927 ($dff) from module cpu_top (D = \prog_data, Q = \u_imem.mem[63]).
Adding EN signal on $memory\u_imem.mem[62]$5925 ($dff) from module cpu_top (D = \prog_data, Q = \u_imem.mem[62]).
Adding EN signal on $memory\u_imem.mem[61]$5923 ($dff) from module cpu_top (D = \prog_data, Q = \u_imem.mem[61]).
Adding EN signal on $memory\u_imem.mem[60]$5921 ($dff) from module cpu_top (D = \prog_data, Q = \u_imem.mem[60]).
Adding EN signal on $memory\u_imem.mem[5]$5811 ($dff) from module cpu_top (D = \prog_data, Q = \u_imem.mem[5]).
Adding EN signal on $memory\u_imem.mem[59]$5919 ($dff) from module cpu_top (D = \prog_data, Q = \u_imem.mem[59]).
Adding EN signal on $memory\u_imem.mem[58]$5917 ($dff) from module cpu_top (D = \prog_data, Q = \u_imem.mem[58]).
Adding EN signal on $memory\u_imem.mem[57]$5915 ($dff) from module cpu_top (D = \prog_data, Q = \u_imem.mem[57]).
Adding EN signal on $memory\u_imem.mem[56]$5913 ($dff) from module cpu_top (D = \prog_data, Q = \u_imem.mem[56]).
Adding EN signal on $memory\u_imem.mem[55]$5911 ($dff) from module cpu_top (D = \prog_data, Q = \u_imem.mem[55]).
Adding EN signal on $memory\u_imem.mem[54]$5909 ($dff) from module cpu_top (D = \prog_data, Q = \u_imem.mem[54]).
Adding EN signal on $memory\u_imem.mem[53]$5907 ($dff) from module cpu_top (D = \prog_data, Q = \u_imem.mem[53]).
Adding EN signal on $memory\u_imem.mem[52]$5905 ($dff) from module cpu_top (D = \prog_data, Q = \u_imem.mem[52]).
Adding EN signal on $memory\u_imem.mem[51]$5903 ($dff) from module cpu_top (D = \prog_data, Q = \u_imem.mem[51]).
Adding EN signal on $memory\u_imem.mem[50]$5901 ($dff) from module cpu_top (D = \prog_data, Q = \u_imem.mem[50]).
Adding EN signal on $memory\u_imem.mem[4]$5809 ($dff) from module cpu_top (D = \prog_data, Q = \u_imem.mem[4]).
Adding EN signal on $memory\u_imem.mem[49]$5899 ($dff) from module cpu_top (D = \prog_data, Q = \u_imem.mem[49]).
Adding EN signal on $memory\u_imem.mem[48]$5897 ($dff) from module cpu_top (D = \prog_data, Q = \u_imem.mem[48]).
Adding EN signal on $memory\u_imem.mem[47]$5895 ($dff) from module cpu_top (D = \prog_data, Q = \u_imem.mem[47]).
Adding EN signal on $memory\u_imem.mem[46]$5893 ($dff) from module cpu_top (D = \prog_data, Q = \u_imem.mem[46]).
Adding EN signal on $memory\u_imem.mem[45]$5891 ($dff) from module cpu_top (D = \prog_data, Q = \u_imem.mem[45]).
Adding EN signal on $memory\u_imem.mem[44]$5889 ($dff) from module cpu_top (D = \prog_data, Q = \u_imem.mem[44]).
Adding EN signal on $memory\u_imem.mem[43]$5887 ($dff) from module cpu_top (D = \prog_data, Q = \u_imem.mem[43]).
Adding EN signal on $memory\u_imem.mem[42]$5885 ($dff) from module cpu_top (D = \prog_data, Q = \u_imem.mem[42]).
Adding EN signal on $memory\u_imem.mem[41]$5883 ($dff) from module cpu_top (D = \prog_data, Q = \u_imem.mem[41]).
Adding EN signal on $memory\u_imem.mem[40]$5881 ($dff) from module cpu_top (D = \prog_data, Q = \u_imem.mem[40]).
Adding EN signal on $memory\u_imem.mem[3]$5807 ($dff) from module cpu_top (D = \prog_data, Q = \u_imem.mem[3]).
Adding EN signal on $memory\u_imem.mem[39]$5879 ($dff) from module cpu_top (D = \prog_data, Q = \u_imem.mem[39]).
Adding EN signal on $memory\u_imem.mem[38]$5877 ($dff) from module cpu_top (D = \prog_data, Q = \u_imem.mem[38]).
Adding EN signal on $memory\u_imem.mem[37]$5875 ($dff) from module cpu_top (D = \prog_data, Q = \u_imem.mem[37]).
Adding EN signal on $memory\u_imem.mem[36]$5873 ($dff) from module cpu_top (D = \prog_data, Q = \u_imem.mem[36]).
Adding EN signal on $memory\u_imem.mem[35]$5871 ($dff) from module cpu_top (D = \prog_data, Q = \u_imem.mem[35]).
Adding EN signal on $memory\u_imem.mem[34]$5869 ($dff) from module cpu_top (D = \prog_data, Q = \u_imem.mem[34]).
Adding EN signal on $memory\u_imem.mem[33]$5867 ($dff) from module cpu_top (D = \prog_data, Q = \u_imem.mem[33]).
Adding EN signal on $memory\u_imem.mem[32]$5865 ($dff) from module cpu_top (D = \prog_data, Q = \u_imem.mem[32]).
Adding EN signal on $memory\u_imem.mem[31]$5863 ($dff) from module cpu_top (D = \prog_data, Q = \u_imem.mem[31]).
Adding EN signal on $memory\u_imem.mem[30]$5861 ($dff) from module cpu_top (D = \prog_data, Q = \u_imem.mem[30]).
Adding EN signal on $memory\u_imem.mem[2]$5805 ($dff) from module cpu_top (D = \prog_data, Q = \u_imem.mem[2]).
Adding EN signal on $memory\u_imem.mem[29]$5859 ($dff) from module cpu_top (D = \prog_data, Q = \u_imem.mem[29]).
Adding EN signal on $memory\u_imem.mem[28]$5857 ($dff) from module cpu_top (D = \prog_data, Q = \u_imem.mem[28]).
Adding EN signal on $memory\u_imem.mem[27]$5855 ($dff) from module cpu_top (D = \prog_data, Q = \u_imem.mem[27]).
Adding EN signal on $memory\u_imem.mem[26]$5853 ($dff) from module cpu_top (D = \prog_data, Q = \u_imem.mem[26]).
Adding EN signal on $memory\u_imem.mem[25]$5851 ($dff) from module cpu_top (D = \prog_data, Q = \u_imem.mem[25]).
Adding EN signal on $memory\u_imem.mem[255]$6311 ($dff) from module cpu_top (D = \prog_data, Q = \u_imem.mem[255]).
Adding EN signal on $memory\u_imem.mem[254]$6309 ($dff) from module cpu_top (D = \prog_data, Q = \u_imem.mem[254]).
Adding EN signal on $memory\u_imem.mem[253]$6307 ($dff) from module cpu_top (D = \prog_data, Q = \u_imem.mem[253]).
Adding EN signal on $memory\u_imem.mem[252]$6305 ($dff) from module cpu_top (D = \prog_data, Q = \u_imem.mem[252]).
Adding EN signal on $memory\u_imem.mem[251]$6303 ($dff) from module cpu_top (D = \prog_data, Q = \u_imem.mem[251]).
Adding EN signal on $memory\u_imem.mem[250]$6301 ($dff) from module cpu_top (D = \prog_data, Q = \u_imem.mem[250]).
Adding EN signal on $memory\u_imem.mem[24]$5849 ($dff) from module cpu_top (D = \prog_data, Q = \u_imem.mem[24]).
Adding EN signal on $memory\u_imem.mem[249]$6299 ($dff) from module cpu_top (D = \prog_data, Q = \u_imem.mem[249]).
Adding EN signal on $memory\u_imem.mem[248]$6297 ($dff) from module cpu_top (D = \prog_data, Q = \u_imem.mem[248]).
Adding EN signal on $memory\u_imem.mem[247]$6295 ($dff) from module cpu_top (D = \prog_data, Q = \u_imem.mem[247]).
Adding EN signal on $memory\u_imem.mem[246]$6293 ($dff) from module cpu_top (D = \prog_data, Q = \u_imem.mem[246]).
Adding EN signal on $memory\u_imem.mem[245]$6291 ($dff) from module cpu_top (D = \prog_data, Q = \u_imem.mem[245]).
Adding EN signal on $memory\u_imem.mem[244]$6289 ($dff) from module cpu_top (D = \prog_data, Q = \u_imem.mem[244]).
Adding EN signal on $memory\u_imem.mem[243]$6287 ($dff) from module cpu_top (D = \prog_data, Q = \u_imem.mem[243]).
Adding EN signal on $memory\u_imem.mem[242]$6285 ($dff) from module cpu_top (D = \prog_data, Q = \u_imem.mem[242]).
Adding EN signal on $memory\u_imem.mem[241]$6283 ($dff) from module cpu_top (D = \prog_data, Q = \u_imem.mem[241]).
Adding EN signal on $memory\u_imem.mem[240]$6281 ($dff) from module cpu_top (D = \prog_data, Q = \u_imem.mem[240]).
Adding EN signal on $memory\u_imem.mem[23]$5847 ($dff) from module cpu_top (D = \prog_data, Q = \u_imem.mem[23]).
Adding EN signal on $memory\u_imem.mem[239]$6279 ($dff) from module cpu_top (D = \prog_data, Q = \u_imem.mem[239]).
Adding EN signal on $memory\u_imem.mem[238]$6277 ($dff) from module cpu_top (D = \prog_data, Q = \u_imem.mem[238]).
Adding EN signal on $memory\u_imem.mem[237]$6275 ($dff) from module cpu_top (D = \prog_data, Q = \u_imem.mem[237]).
Adding EN signal on $memory\u_imem.mem[236]$6273 ($dff) from module cpu_top (D = \prog_data, Q = \u_imem.mem[236]).
Adding EN signal on $memory\u_imem.mem[235]$6271 ($dff) from module cpu_top (D = \prog_data, Q = \u_imem.mem[235]).
Adding EN signal on $memory\u_imem.mem[234]$6269 ($dff) from module cpu_top (D = \prog_data, Q = \u_imem.mem[234]).
Adding EN signal on $memory\u_imem.mem[233]$6267 ($dff) from module cpu_top (D = \prog_data, Q = \u_imem.mem[233]).
Adding EN signal on $memory\u_imem.mem[232]$6265 ($dff) from module cpu_top (D = \prog_data, Q = \u_imem.mem[232]).
Adding EN signal on $memory\u_imem.mem[231]$6263 ($dff) from module cpu_top (D = \prog_data, Q = \u_imem.mem[231]).
Adding EN signal on $memory\u_imem.mem[230]$6261 ($dff) from module cpu_top (D = \prog_data, Q = \u_imem.mem[230]).
Adding EN signal on $memory\u_imem.mem[22]$5845 ($dff) from module cpu_top (D = \prog_data, Q = \u_imem.mem[22]).
Adding EN signal on $memory\u_imem.mem[229]$6259 ($dff) from module cpu_top (D = \prog_data, Q = \u_imem.mem[229]).
Adding EN signal on $memory\u_imem.mem[228]$6257 ($dff) from module cpu_top (D = \prog_data, Q = \u_imem.mem[228]).
Adding EN signal on $memory\u_imem.mem[227]$6255 ($dff) from module cpu_top (D = \prog_data, Q = \u_imem.mem[227]).
Adding EN signal on $memory\u_imem.mem[226]$6253 ($dff) from module cpu_top (D = \prog_data, Q = \u_imem.mem[226]).
Adding EN signal on $memory\u_imem.mem[225]$6251 ($dff) from module cpu_top (D = \prog_data, Q = \u_imem.mem[225]).
Adding EN signal on $memory\u_imem.mem[224]$6249 ($dff) from module cpu_top (D = \prog_data, Q = \u_imem.mem[224]).
Adding EN signal on $memory\u_imem.mem[223]$6247 ($dff) from module cpu_top (D = \prog_data, Q = \u_imem.mem[223]).
Adding EN signal on $memory\u_imem.mem[222]$6245 ($dff) from module cpu_top (D = \prog_data, Q = \u_imem.mem[222]).
Adding EN signal on $memory\u_imem.mem[221]$6243 ($dff) from module cpu_top (D = \prog_data, Q = \u_imem.mem[221]).
Adding EN signal on $memory\u_imem.mem[220]$6241 ($dff) from module cpu_top (D = \prog_data, Q = \u_imem.mem[220]).
Adding EN signal on $memory\u_imem.mem[21]$5843 ($dff) from module cpu_top (D = \prog_data, Q = \u_imem.mem[21]).
Adding EN signal on $memory\u_imem.mem[219]$6239 ($dff) from module cpu_top (D = \prog_data, Q = \u_imem.mem[219]).
Adding EN signal on $memory\u_imem.mem[218]$6237 ($dff) from module cpu_top (D = \prog_data, Q = \u_imem.mem[218]).
Adding EN signal on $memory\u_imem.mem[217]$6235 ($dff) from module cpu_top (D = \prog_data, Q = \u_imem.mem[217]).
Adding EN signal on $memory\u_imem.mem[216]$6233 ($dff) from module cpu_top (D = \prog_data, Q = \u_imem.mem[216]).
Adding EN signal on $memory\u_imem.mem[215]$6231 ($dff) from module cpu_top (D = \prog_data, Q = \u_imem.mem[215]).
Adding EN signal on $memory\u_imem.mem[214]$6229 ($dff) from module cpu_top (D = \prog_data, Q = \u_imem.mem[214]).
Adding EN signal on $memory\u_imem.mem[213]$6227 ($dff) from module cpu_top (D = \prog_data, Q = \u_imem.mem[213]).
Adding EN signal on $memory\u_imem.mem[212]$6225 ($dff) from module cpu_top (D = \prog_data, Q = \u_imem.mem[212]).
Adding EN signal on $memory\u_imem.mem[211]$6223 ($dff) from module cpu_top (D = \prog_data, Q = \u_imem.mem[211]).
Adding EN signal on $memory\u_imem.mem[210]$6221 ($dff) from module cpu_top (D = \prog_data, Q = \u_imem.mem[210]).
Adding EN signal on $memory\u_imem.mem[20]$5841 ($dff) from module cpu_top (D = \prog_data, Q = \u_imem.mem[20]).
Adding EN signal on $memory\u_imem.mem[209]$6219 ($dff) from module cpu_top (D = \prog_data, Q = \u_imem.mem[209]).
Adding EN signal on $memory\u_imem.mem[208]$6217 ($dff) from module cpu_top (D = \prog_data, Q = \u_imem.mem[208]).
Adding EN signal on $memory\u_imem.mem[207]$6215 ($dff) from module cpu_top (D = \prog_data, Q = \u_imem.mem[207]).
Adding EN signal on $memory\u_imem.mem[206]$6213 ($dff) from module cpu_top (D = \prog_data, Q = \u_imem.mem[206]).
Adding EN signal on $memory\u_imem.mem[205]$6211 ($dff) from module cpu_top (D = \prog_data, Q = \u_imem.mem[205]).
Adding EN signal on $memory\u_imem.mem[204]$6209 ($dff) from module cpu_top (D = \prog_data, Q = \u_imem.mem[204]).
Adding EN signal on $memory\u_imem.mem[203]$6207 ($dff) from module cpu_top (D = \prog_data, Q = \u_imem.mem[203]).
Adding EN signal on $memory\u_imem.mem[202]$6205 ($dff) from module cpu_top (D = \prog_data, Q = \u_imem.mem[202]).
Adding EN signal on $memory\u_imem.mem[201]$6203 ($dff) from module cpu_top (D = \prog_data, Q = \u_imem.mem[201]).
Adding EN signal on $memory\u_imem.mem[200]$6201 ($dff) from module cpu_top (D = \prog_data, Q = \u_imem.mem[200]).
Adding EN signal on $memory\u_imem.mem[1]$5803 ($dff) from module cpu_top (D = \prog_data, Q = \u_imem.mem[1]).
Adding EN signal on $memory\u_imem.mem[19]$5839 ($dff) from module cpu_top (D = \prog_data, Q = \u_imem.mem[19]).
Adding EN signal on $memory\u_imem.mem[199]$6199 ($dff) from module cpu_top (D = \prog_data, Q = \u_imem.mem[199]).
Adding EN signal on $memory\u_imem.mem[198]$6197 ($dff) from module cpu_top (D = \prog_data, Q = \u_imem.mem[198]).
Adding EN signal on $memory\u_imem.mem[197]$6195 ($dff) from module cpu_top (D = \prog_data, Q = \u_imem.mem[197]).
Adding EN signal on $memory\u_imem.mem[196]$6193 ($dff) from module cpu_top (D = \prog_data, Q = \u_imem.mem[196]).
Adding EN signal on $memory\u_imem.mem[195]$6191 ($dff) from module cpu_top (D = \prog_data, Q = \u_imem.mem[195]).
Adding EN signal on $memory\u_imem.mem[194]$6189 ($dff) from module cpu_top (D = \prog_data, Q = \u_imem.mem[194]).
Adding EN signal on $memory\u_imem.mem[193]$6187 ($dff) from module cpu_top (D = \prog_data, Q = \u_imem.mem[193]).
Adding EN signal on $memory\u_imem.mem[192]$6185 ($dff) from module cpu_top (D = \prog_data, Q = \u_imem.mem[192]).
Adding EN signal on $memory\u_imem.mem[191]$6183 ($dff) from module cpu_top (D = \prog_data, Q = \u_imem.mem[191]).
Adding EN signal on $memory\u_imem.mem[190]$6181 ($dff) from module cpu_top (D = \prog_data, Q = \u_imem.mem[190]).
Adding EN signal on $memory\u_imem.mem[18]$5837 ($dff) from module cpu_top (D = \prog_data, Q = \u_imem.mem[18]).
Adding EN signal on $memory\u_imem.mem[189]$6179 ($dff) from module cpu_top (D = \prog_data, Q = \u_imem.mem[189]).
Adding EN signal on $memory\u_imem.mem[188]$6177 ($dff) from module cpu_top (D = \prog_data, Q = \u_imem.mem[188]).
Adding EN signal on $memory\u_imem.mem[187]$6175 ($dff) from module cpu_top (D = \prog_data, Q = \u_imem.mem[187]).
Adding EN signal on $memory\u_imem.mem[186]$6173 ($dff) from module cpu_top (D = \prog_data, Q = \u_imem.mem[186]).
Adding EN signal on $memory\u_imem.mem[185]$6171 ($dff) from module cpu_top (D = \prog_data, Q = \u_imem.mem[185]).
Adding EN signal on $memory\u_imem.mem[184]$6169 ($dff) from module cpu_top (D = \prog_data, Q = \u_imem.mem[184]).
Adding EN signal on $memory\u_imem.mem[183]$6167 ($dff) from module cpu_top (D = \prog_data, Q = \u_imem.mem[183]).
Adding EN signal on $memory\u_imem.mem[182]$6165 ($dff) from module cpu_top (D = \prog_data, Q = \u_imem.mem[182]).
Adding EN signal on $memory\u_imem.mem[181]$6163 ($dff) from module cpu_top (D = \prog_data, Q = \u_imem.mem[181]).
Adding EN signal on $memory\u_imem.mem[180]$6161 ($dff) from module cpu_top (D = \prog_data, Q = \u_imem.mem[180]).
Adding EN signal on $memory\u_imem.mem[17]$5835 ($dff) from module cpu_top (D = \prog_data, Q = \u_imem.mem[17]).
Adding EN signal on $memory\u_imem.mem[179]$6159 ($dff) from module cpu_top (D = \prog_data, Q = \u_imem.mem[179]).
Adding EN signal on $memory\u_imem.mem[178]$6157 ($dff) from module cpu_top (D = \prog_data, Q = \u_imem.mem[178]).
Adding EN signal on $memory\u_imem.mem[177]$6155 ($dff) from module cpu_top (D = \prog_data, Q = \u_imem.mem[177]).
Adding EN signal on $memory\u_imem.mem[176]$6153 ($dff) from module cpu_top (D = \prog_data, Q = \u_imem.mem[176]).
Adding EN signal on $memory\u_imem.mem[175]$6151 ($dff) from module cpu_top (D = \prog_data, Q = \u_imem.mem[175]).
Adding EN signal on $memory\u_imem.mem[174]$6149 ($dff) from module cpu_top (D = \prog_data, Q = \u_imem.mem[174]).
Adding EN signal on $memory\u_imem.mem[173]$6147 ($dff) from module cpu_top (D = \prog_data, Q = \u_imem.mem[173]).
Adding EN signal on $memory\u_imem.mem[172]$6145 ($dff) from module cpu_top (D = \prog_data, Q = \u_imem.mem[172]).
Adding EN signal on $memory\u_imem.mem[171]$6143 ($dff) from module cpu_top (D = \prog_data, Q = \u_imem.mem[171]).
Adding EN signal on $memory\u_imem.mem[170]$6141 ($dff) from module cpu_top (D = \prog_data, Q = \u_imem.mem[170]).
Adding EN signal on $memory\u_imem.mem[16]$5833 ($dff) from module cpu_top (D = \prog_data, Q = \u_imem.mem[16]).
Adding EN signal on $memory\u_imem.mem[169]$6139 ($dff) from module cpu_top (D = \prog_data, Q = \u_imem.mem[169]).
Adding EN signal on $memory\u_imem.mem[168]$6137 ($dff) from module cpu_top (D = \prog_data, Q = \u_imem.mem[168]).
Adding EN signal on $memory\u_imem.mem[167]$6135 ($dff) from module cpu_top (D = \prog_data, Q = \u_imem.mem[167]).
Adding EN signal on $memory\u_imem.mem[166]$6133 ($dff) from module cpu_top (D = \prog_data, Q = \u_imem.mem[166]).
Adding EN signal on $memory\u_imem.mem[165]$6131 ($dff) from module cpu_top (D = \prog_data, Q = \u_imem.mem[165]).
Adding EN signal on $memory\u_imem.mem[164]$6129 ($dff) from module cpu_top (D = \prog_data, Q = \u_imem.mem[164]).
Adding EN signal on $memory\u_imem.mem[163]$6127 ($dff) from module cpu_top (D = \prog_data, Q = \u_imem.mem[163]).
Adding EN signal on $memory\u_imem.mem[162]$6125 ($dff) from module cpu_top (D = \prog_data, Q = \u_imem.mem[162]).
Adding EN signal on $memory\u_imem.mem[161]$6123 ($dff) from module cpu_top (D = \prog_data, Q = \u_imem.mem[161]).
Adding EN signal on $memory\u_imem.mem[160]$6121 ($dff) from module cpu_top (D = \prog_data, Q = \u_imem.mem[160]).
Adding EN signal on $memory\u_imem.mem[15]$5831 ($dff) from module cpu_top (D = \prog_data, Q = \u_imem.mem[15]).
Adding EN signal on $memory\u_imem.mem[159]$6119 ($dff) from module cpu_top (D = \prog_data, Q = \u_imem.mem[159]).
Adding EN signal on $memory\u_imem.mem[158]$6117 ($dff) from module cpu_top (D = \prog_data, Q = \u_imem.mem[158]).
Adding EN signal on $memory\u_imem.mem[157]$6115 ($dff) from module cpu_top (D = \prog_data, Q = \u_imem.mem[157]).
Adding EN signal on $memory\u_imem.mem[156]$6113 ($dff) from module cpu_top (D = \prog_data, Q = \u_imem.mem[156]).
Adding EN signal on $memory\u_imem.mem[155]$6111 ($dff) from module cpu_top (D = \prog_data, Q = \u_imem.mem[155]).
Adding EN signal on $memory\u_imem.mem[154]$6109 ($dff) from module cpu_top (D = \prog_data, Q = \u_imem.mem[154]).
Adding EN signal on $memory\u_imem.mem[153]$6107 ($dff) from module cpu_top (D = \prog_data, Q = \u_imem.mem[153]).
Adding EN signal on $memory\u_imem.mem[152]$6105 ($dff) from module cpu_top (D = \prog_data, Q = \u_imem.mem[152]).
Adding EN signal on $memory\u_imem.mem[151]$6103 ($dff) from module cpu_top (D = \prog_data, Q = \u_imem.mem[151]).
Adding EN signal on $memory\u_imem.mem[150]$6101 ($dff) from module cpu_top (D = \prog_data, Q = \u_imem.mem[150]).
Adding EN signal on $memory\u_imem.mem[14]$5829 ($dff) from module cpu_top (D = \prog_data, Q = \u_imem.mem[14]).
Adding EN signal on $memory\u_imem.mem[149]$6099 ($dff) from module cpu_top (D = \prog_data, Q = \u_imem.mem[149]).
Adding EN signal on $memory\u_imem.mem[148]$6097 ($dff) from module cpu_top (D = \prog_data, Q = \u_imem.mem[148]).
Adding EN signal on $memory\u_imem.mem[147]$6095 ($dff) from module cpu_top (D = \prog_data, Q = \u_imem.mem[147]).
Adding EN signal on $memory\u_imem.mem[146]$6093 ($dff) from module cpu_top (D = \prog_data, Q = \u_imem.mem[146]).
Adding EN signal on $memory\u_imem.mem[145]$6091 ($dff) from module cpu_top (D = \prog_data, Q = \u_imem.mem[145]).
Adding EN signal on $memory\u_imem.mem[144]$6089 ($dff) from module cpu_top (D = \prog_data, Q = \u_imem.mem[144]).
Adding EN signal on $memory\u_imem.mem[143]$6087 ($dff) from module cpu_top (D = \prog_data, Q = \u_imem.mem[143]).
Adding EN signal on $memory\u_imem.mem[142]$6085 ($dff) from module cpu_top (D = \prog_data, Q = \u_imem.mem[142]).
Adding EN signal on $memory\u_imem.mem[141]$6083 ($dff) from module cpu_top (D = \prog_data, Q = \u_imem.mem[141]).
Adding EN signal on $memory\u_imem.mem[140]$6081 ($dff) from module cpu_top (D = \prog_data, Q = \u_imem.mem[140]).
Adding EN signal on $memory\u_imem.mem[13]$5827 ($dff) from module cpu_top (D = \prog_data, Q = \u_imem.mem[13]).
Adding EN signal on $memory\u_imem.mem[139]$6079 ($dff) from module cpu_top (D = \prog_data, Q = \u_imem.mem[139]).
Adding EN signal on $memory\u_imem.mem[138]$6077 ($dff) from module cpu_top (D = \prog_data, Q = \u_imem.mem[138]).
Adding EN signal on $memory\u_imem.mem[137]$6075 ($dff) from module cpu_top (D = \prog_data, Q = \u_imem.mem[137]).
Adding EN signal on $memory\u_imem.mem[136]$6073 ($dff) from module cpu_top (D = \prog_data, Q = \u_imem.mem[136]).
Adding EN signal on $memory\u_imem.mem[135]$6071 ($dff) from module cpu_top (D = \prog_data, Q = \u_imem.mem[135]).
Adding EN signal on $memory\u_imem.mem[134]$6069 ($dff) from module cpu_top (D = \prog_data, Q = \u_imem.mem[134]).
Adding EN signal on $memory\u_imem.mem[133]$6067 ($dff) from module cpu_top (D = \prog_data, Q = \u_imem.mem[133]).
Adding EN signal on $memory\u_imem.mem[132]$6065 ($dff) from module cpu_top (D = \prog_data, Q = \u_imem.mem[132]).
Adding EN signal on $memory\u_imem.mem[131]$6063 ($dff) from module cpu_top (D = \prog_data, Q = \u_imem.mem[131]).
Adding EN signal on $memory\u_imem.mem[130]$6061 ($dff) from module cpu_top (D = \prog_data, Q = \u_imem.mem[130]).
Adding EN signal on $memory\u_imem.mem[12]$5825 ($dff) from module cpu_top (D = \prog_data, Q = \u_imem.mem[12]).
Adding EN signal on $memory\u_imem.mem[129]$6059 ($dff) from module cpu_top (D = \prog_data, Q = \u_imem.mem[129]).
Adding EN signal on $memory\u_imem.mem[128]$6057 ($dff) from module cpu_top (D = \prog_data, Q = \u_imem.mem[128]).
Adding EN signal on $memory\u_imem.mem[127]$6055 ($dff) from module cpu_top (D = \prog_data, Q = \u_imem.mem[127]).
Adding EN signal on $memory\u_imem.mem[126]$6053 ($dff) from module cpu_top (D = \prog_data, Q = \u_imem.mem[126]).
Adding EN signal on $memory\u_imem.mem[125]$6051 ($dff) from module cpu_top (D = \prog_data, Q = \u_imem.mem[125]).
Adding EN signal on $memory\u_imem.mem[124]$6049 ($dff) from module cpu_top (D = \prog_data, Q = \u_imem.mem[124]).
Adding EN signal on $memory\u_imem.mem[123]$6047 ($dff) from module cpu_top (D = \prog_data, Q = \u_imem.mem[123]).
Adding EN signal on $memory\u_imem.mem[122]$6045 ($dff) from module cpu_top (D = \prog_data, Q = \u_imem.mem[122]).
Adding EN signal on $memory\u_imem.mem[121]$6043 ($dff) from module cpu_top (D = \prog_data, Q = \u_imem.mem[121]).
Adding EN signal on $memory\u_imem.mem[120]$6041 ($dff) from module cpu_top (D = \prog_data, Q = \u_imem.mem[120]).
Adding EN signal on $memory\u_imem.mem[11]$5823 ($dff) from module cpu_top (D = \prog_data, Q = \u_imem.mem[11]).
Adding EN signal on $memory\u_imem.mem[119]$6039 ($dff) from module cpu_top (D = \prog_data, Q = \u_imem.mem[119]).
Adding EN signal on $memory\u_imem.mem[118]$6037 ($dff) from module cpu_top (D = \prog_data, Q = \u_imem.mem[118]).
Adding EN signal on $memory\u_imem.mem[117]$6035 ($dff) from module cpu_top (D = \prog_data, Q = \u_imem.mem[117]).
Adding EN signal on $memory\u_imem.mem[116]$6033 ($dff) from module cpu_top (D = \prog_data, Q = \u_imem.mem[116]).
Adding EN signal on $memory\u_imem.mem[115]$6031 ($dff) from module cpu_top (D = \prog_data, Q = \u_imem.mem[115]).
Adding EN signal on $memory\u_imem.mem[114]$6029 ($dff) from module cpu_top (D = \prog_data, Q = \u_imem.mem[114]).
Adding EN signal on $memory\u_imem.mem[113]$6027 ($dff) from module cpu_top (D = \prog_data, Q = \u_imem.mem[113]).
Adding EN signal on $memory\u_imem.mem[112]$6025 ($dff) from module cpu_top (D = \prog_data, Q = \u_imem.mem[112]).
Adding EN signal on $memory\u_imem.mem[111]$6023 ($dff) from module cpu_top (D = \prog_data, Q = \u_imem.mem[111]).
Adding EN signal on $memory\u_imem.mem[110]$6021 ($dff) from module cpu_top (D = \prog_data, Q = \u_imem.mem[110]).
Adding EN signal on $memory\u_imem.mem[10]$5821 ($dff) from module cpu_top (D = \prog_data, Q = \u_imem.mem[10]).
Adding EN signal on $memory\u_imem.mem[109]$6019 ($dff) from module cpu_top (D = \prog_data, Q = \u_imem.mem[109]).
Adding EN signal on $memory\u_imem.mem[108]$6017 ($dff) from module cpu_top (D = \prog_data, Q = \u_imem.mem[108]).
Adding EN signal on $memory\u_imem.mem[107]$6015 ($dff) from module cpu_top (D = \prog_data, Q = \u_imem.mem[107]).
Adding EN signal on $memory\u_imem.mem[106]$6013 ($dff) from module cpu_top (D = \prog_data, Q = \u_imem.mem[106]).
Adding EN signal on $memory\u_imem.mem[105]$6011 ($dff) from module cpu_top (D = \prog_data, Q = \u_imem.mem[105]).
Adding EN signal on $memory\u_imem.mem[104]$6009 ($dff) from module cpu_top (D = \prog_data, Q = \u_imem.mem[104]).
Adding EN signal on $memory\u_imem.mem[103]$6007 ($dff) from module cpu_top (D = \prog_data, Q = \u_imem.mem[103]).
Adding EN signal on $memory\u_imem.mem[102]$6005 ($dff) from module cpu_top (D = \prog_data, Q = \u_imem.mem[102]).
Adding EN signal on $memory\u_imem.mem[101]$6003 ($dff) from module cpu_top (D = \prog_data, Q = \u_imem.mem[101]).
Adding EN signal on $memory\u_imem.mem[100]$6001 ($dff) from module cpu_top (D = \prog_data, Q = \u_imem.mem[100]).
Adding EN signal on $memory\u_imem.mem[0]$5801 ($dff) from module cpu_top (D = \prog_data, Q = \u_imem.mem[0]).
Adding EN signal on $memory\u_dmem.mem[9]$2878 ($dff) from module cpu_top (D = \ex_opb, Q = \u_dmem.mem[9]).
Adding EN signal on $memory\u_dmem.mem[99]$3058 ($dff) from module cpu_top (D = \ex_opb, Q = \u_dmem.mem[99]).
Adding EN signal on $memory\u_dmem.mem[98]$3056 ($dff) from module cpu_top (D = \ex_opb, Q = \u_dmem.mem[98]).
Adding EN signal on $memory\u_dmem.mem[97]$3054 ($dff) from module cpu_top (D = \ex_opb, Q = \u_dmem.mem[97]).
Adding EN signal on $memory\u_dmem.mem[96]$3052 ($dff) from module cpu_top (D = \ex_opb, Q = \u_dmem.mem[96]).
Adding EN signal on $memory\u_dmem.mem[95]$3050 ($dff) from module cpu_top (D = \ex_opb, Q = \u_dmem.mem[95]).
Adding EN signal on $memory\u_dmem.mem[94]$3048 ($dff) from module cpu_top (D = \ex_opb, Q = \u_dmem.mem[94]).
Adding EN signal on $memory\u_dmem.mem[93]$3046 ($dff) from module cpu_top (D = \ex_opb, Q = \u_dmem.mem[93]).
Adding EN signal on $memory\u_dmem.mem[92]$3044 ($dff) from module cpu_top (D = \ex_opb, Q = \u_dmem.mem[92]).
Adding EN signal on $memory\u_dmem.mem[91]$3042 ($dff) from module cpu_top (D = \ex_opb, Q = \u_dmem.mem[91]).
Adding EN signal on $memory\u_dmem.mem[90]$3040 ($dff) from module cpu_top (D = \ex_opb, Q = \u_dmem.mem[90]).
Adding EN signal on $memory\u_dmem.mem[8]$2876 ($dff) from module cpu_top (D = \ex_opb, Q = \u_dmem.mem[8]).
Adding EN signal on $memory\u_dmem.mem[89]$3038 ($dff) from module cpu_top (D = \ex_opb, Q = \u_dmem.mem[89]).
Adding EN signal on $memory\u_dmem.mem[88]$3036 ($dff) from module cpu_top (D = \ex_opb, Q = \u_dmem.mem[88]).
Adding EN signal on $memory\u_dmem.mem[87]$3034 ($dff) from module cpu_top (D = \ex_opb, Q = \u_dmem.mem[87]).
Adding EN signal on $memory\u_dmem.mem[86]$3032 ($dff) from module cpu_top (D = \ex_opb, Q = \u_dmem.mem[86]).
Adding EN signal on $memory\u_dmem.mem[85]$3030 ($dff) from module cpu_top (D = \ex_opb, Q = \u_dmem.mem[85]).
Adding EN signal on $memory\u_dmem.mem[84]$3028 ($dff) from module cpu_top (D = \ex_opb, Q = \u_dmem.mem[84]).
Adding EN signal on $memory\u_dmem.mem[83]$3026 ($dff) from module cpu_top (D = \ex_opb, Q = \u_dmem.mem[83]).
Adding EN signal on $memory\u_dmem.mem[82]$3024 ($dff) from module cpu_top (D = \ex_opb, Q = \u_dmem.mem[82]).
Adding EN signal on $memory\u_dmem.mem[81]$3022 ($dff) from module cpu_top (D = \ex_opb, Q = \u_dmem.mem[81]).
Adding EN signal on $memory\u_dmem.mem[80]$3020 ($dff) from module cpu_top (D = \ex_opb, Q = \u_dmem.mem[80]).
Adding EN signal on $memory\u_dmem.mem[7]$2874 ($dff) from module cpu_top (D = \ex_opb, Q = \u_dmem.mem[7]).
Adding EN signal on $memory\u_dmem.mem[79]$3018 ($dff) from module cpu_top (D = \ex_opb, Q = \u_dmem.mem[79]).
Adding EN signal on $memory\u_dmem.mem[78]$3016 ($dff) from module cpu_top (D = \ex_opb, Q = \u_dmem.mem[78]).
Adding EN signal on $memory\u_dmem.mem[77]$3014 ($dff) from module cpu_top (D = \ex_opb, Q = \u_dmem.mem[77]).
Adding EN signal on $memory\u_dmem.mem[76]$3012 ($dff) from module cpu_top (D = \ex_opb, Q = \u_dmem.mem[76]).
Adding EN signal on $memory\u_dmem.mem[75]$3010 ($dff) from module cpu_top (D = \ex_opb, Q = \u_dmem.mem[75]).
Adding EN signal on $memory\u_dmem.mem[74]$3008 ($dff) from module cpu_top (D = \ex_opb, Q = \u_dmem.mem[74]).
Adding EN signal on $memory\u_dmem.mem[73]$3006 ($dff) from module cpu_top (D = \ex_opb, Q = \u_dmem.mem[73]).
Adding EN signal on $memory\u_dmem.mem[72]$3004 ($dff) from module cpu_top (D = \ex_opb, Q = \u_dmem.mem[72]).
Adding EN signal on $memory\u_dmem.mem[71]$3002 ($dff) from module cpu_top (D = \ex_opb, Q = \u_dmem.mem[71]).
Adding EN signal on $memory\u_dmem.mem[70]$3000 ($dff) from module cpu_top (D = \ex_opb, Q = \u_dmem.mem[70]).
Adding EN signal on $memory\u_dmem.mem[6]$2872 ($dff) from module cpu_top (D = \ex_opb, Q = \u_dmem.mem[6]).
Adding EN signal on $memory\u_dmem.mem[69]$2998 ($dff) from module cpu_top (D = \ex_opb, Q = \u_dmem.mem[69]).
Adding EN signal on $memory\u_dmem.mem[68]$2996 ($dff) from module cpu_top (D = \ex_opb, Q = \u_dmem.mem[68]).
Adding EN signal on $memory\u_dmem.mem[67]$2994 ($dff) from module cpu_top (D = \ex_opb, Q = \u_dmem.mem[67]).
Adding EN signal on $memory\u_dmem.mem[66]$2992 ($dff) from module cpu_top (D = \ex_opb, Q = \u_dmem.mem[66]).
Adding EN signal on $memory\u_dmem.mem[65]$2990 ($dff) from module cpu_top (D = \ex_opb, Q = \u_dmem.mem[65]).
Adding EN signal on $memory\u_dmem.mem[64]$2988 ($dff) from module cpu_top (D = \ex_opb, Q = \u_dmem.mem[64]).
Adding EN signal on $memory\u_dmem.mem[63]$2986 ($dff) from module cpu_top (D = \ex_opb, Q = \u_dmem.mem[63]).
Adding EN signal on $memory\u_dmem.mem[62]$2984 ($dff) from module cpu_top (D = \ex_opb, Q = \u_dmem.mem[62]).
Adding EN signal on $memory\u_dmem.mem[61]$2982 ($dff) from module cpu_top (D = \ex_opb, Q = \u_dmem.mem[61]).
Adding EN signal on $memory\u_dmem.mem[60]$2980 ($dff) from module cpu_top (D = \ex_opb, Q = \u_dmem.mem[60]).
Adding EN signal on $memory\u_dmem.mem[5]$2870 ($dff) from module cpu_top (D = \ex_opb, Q = \u_dmem.mem[5]).
Adding EN signal on $memory\u_dmem.mem[59]$2978 ($dff) from module cpu_top (D = \ex_opb, Q = \u_dmem.mem[59]).
Adding EN signal on $memory\u_dmem.mem[58]$2976 ($dff) from module cpu_top (D = \ex_opb, Q = \u_dmem.mem[58]).
Adding EN signal on $memory\u_dmem.mem[57]$2974 ($dff) from module cpu_top (D = \ex_opb, Q = \u_dmem.mem[57]).
Adding EN signal on $memory\u_dmem.mem[56]$2972 ($dff) from module cpu_top (D = \ex_opb, Q = \u_dmem.mem[56]).
Adding EN signal on $memory\u_dmem.mem[55]$2970 ($dff) from module cpu_top (D = \ex_opb, Q = \u_dmem.mem[55]).
Adding EN signal on $memory\u_dmem.mem[54]$2968 ($dff) from module cpu_top (D = \ex_opb, Q = \u_dmem.mem[54]).
Adding EN signal on $memory\u_dmem.mem[53]$2966 ($dff) from module cpu_top (D = \ex_opb, Q = \u_dmem.mem[53]).
Adding EN signal on $memory\u_dmem.mem[52]$2964 ($dff) from module cpu_top (D = \ex_opb, Q = \u_dmem.mem[52]).
Adding EN signal on $memory\u_dmem.mem[51]$2962 ($dff) from module cpu_top (D = \ex_opb, Q = \u_dmem.mem[51]).
Adding EN signal on $memory\u_dmem.mem[50]$2960 ($dff) from module cpu_top (D = \ex_opb, Q = \u_dmem.mem[50]).
Adding EN signal on $memory\u_dmem.mem[4]$2868 ($dff) from module cpu_top (D = \ex_opb, Q = \u_dmem.mem[4]).
Adding EN signal on $memory\u_dmem.mem[49]$2958 ($dff) from module cpu_top (D = \ex_opb, Q = \u_dmem.mem[49]).
Adding EN signal on $memory\u_dmem.mem[48]$2956 ($dff) from module cpu_top (D = \ex_opb, Q = \u_dmem.mem[48]).
Adding EN signal on $memory\u_dmem.mem[47]$2954 ($dff) from module cpu_top (D = \ex_opb, Q = \u_dmem.mem[47]).
Adding EN signal on $memory\u_dmem.mem[46]$2952 ($dff) from module cpu_top (D = \ex_opb, Q = \u_dmem.mem[46]).
Adding EN signal on $memory\u_dmem.mem[45]$2950 ($dff) from module cpu_top (D = \ex_opb, Q = \u_dmem.mem[45]).
Adding EN signal on $memory\u_dmem.mem[44]$2948 ($dff) from module cpu_top (D = \ex_opb, Q = \u_dmem.mem[44]).
Adding EN signal on $memory\u_dmem.mem[43]$2946 ($dff) from module cpu_top (D = \ex_opb, Q = \u_dmem.mem[43]).
Adding EN signal on $memory\u_dmem.mem[42]$2944 ($dff) from module cpu_top (D = \ex_opb, Q = \u_dmem.mem[42]).
Adding EN signal on $memory\u_dmem.mem[41]$2942 ($dff) from module cpu_top (D = \ex_opb, Q = \u_dmem.mem[41]).
Adding EN signal on $memory\u_dmem.mem[40]$2940 ($dff) from module cpu_top (D = \ex_opb, Q = \u_dmem.mem[40]).
Adding EN signal on $memory\u_dmem.mem[3]$2866 ($dff) from module cpu_top (D = \ex_opb, Q = \u_dmem.mem[3]).
Adding EN signal on $memory\u_dmem.mem[39]$2938 ($dff) from module cpu_top (D = \ex_opb, Q = \u_dmem.mem[39]).
Adding EN signal on $memory\u_dmem.mem[38]$2936 ($dff) from module cpu_top (D = \ex_opb, Q = \u_dmem.mem[38]).
Adding EN signal on $memory\u_dmem.mem[37]$2934 ($dff) from module cpu_top (D = \ex_opb, Q = \u_dmem.mem[37]).
Adding EN signal on $memory\u_dmem.mem[36]$2932 ($dff) from module cpu_top (D = \ex_opb, Q = \u_dmem.mem[36]).
Adding EN signal on $memory\u_dmem.mem[35]$2930 ($dff) from module cpu_top (D = \ex_opb, Q = \u_dmem.mem[35]).
Adding EN signal on $memory\u_dmem.mem[34]$2928 ($dff) from module cpu_top (D = \ex_opb, Q = \u_dmem.mem[34]).
Adding EN signal on $memory\u_dmem.mem[33]$2926 ($dff) from module cpu_top (D = \ex_opb, Q = \u_dmem.mem[33]).
Adding EN signal on $memory\u_dmem.mem[32]$2924 ($dff) from module cpu_top (D = \ex_opb, Q = \u_dmem.mem[32]).
Adding EN signal on $memory\u_dmem.mem[31]$2922 ($dff) from module cpu_top (D = \ex_opb, Q = \u_dmem.mem[31]).
Adding EN signal on $memory\u_dmem.mem[30]$2920 ($dff) from module cpu_top (D = \ex_opb, Q = \u_dmem.mem[30]).
Adding EN signal on $memory\u_dmem.mem[2]$2864 ($dff) from module cpu_top (D = \ex_opb, Q = \u_dmem.mem[2]).
Adding EN signal on $memory\u_dmem.mem[29]$2918 ($dff) from module cpu_top (D = \ex_opb, Q = \u_dmem.mem[29]).
Adding EN signal on $memory\u_dmem.mem[28]$2916 ($dff) from module cpu_top (D = \ex_opb, Q = \u_dmem.mem[28]).
Adding EN signal on $memory\u_dmem.mem[27]$2914 ($dff) from module cpu_top (D = \ex_opb, Q = \u_dmem.mem[27]).
Adding EN signal on $memory\u_dmem.mem[26]$2912 ($dff) from module cpu_top (D = \ex_opb, Q = \u_dmem.mem[26]).
Adding EN signal on $memory\u_dmem.mem[25]$2910 ($dff) from module cpu_top (D = \ex_opb, Q = \u_dmem.mem[25]).
Adding EN signal on $memory\u_dmem.mem[255]$3370 ($dff) from module cpu_top (D = \ex_opb, Q = \u_dmem.mem[255]).
Adding EN signal on $memory\u_dmem.mem[254]$3368 ($dff) from module cpu_top (D = \ex_opb, Q = \u_dmem.mem[254]).
Adding EN signal on $memory\u_dmem.mem[253]$3366 ($dff) from module cpu_top (D = \ex_opb, Q = \u_dmem.mem[253]).
Adding EN signal on $memory\u_dmem.mem[252]$3364 ($dff) from module cpu_top (D = \ex_opb, Q = \u_dmem.mem[252]).
Adding EN signal on $memory\u_dmem.mem[251]$3362 ($dff) from module cpu_top (D = \ex_opb, Q = \u_dmem.mem[251]).
Adding EN signal on $memory\u_dmem.mem[250]$3360 ($dff) from module cpu_top (D = \ex_opb, Q = \u_dmem.mem[250]).
Adding EN signal on $memory\u_dmem.mem[24]$2908 ($dff) from module cpu_top (D = \ex_opb, Q = \u_dmem.mem[24]).
Adding EN signal on $memory\u_dmem.mem[249]$3358 ($dff) from module cpu_top (D = \ex_opb, Q = \u_dmem.mem[249]).
Adding EN signal on $memory\u_dmem.mem[248]$3356 ($dff) from module cpu_top (D = \ex_opb, Q = \u_dmem.mem[248]).
Adding EN signal on $memory\u_dmem.mem[247]$3354 ($dff) from module cpu_top (D = \ex_opb, Q = \u_dmem.mem[247]).
Adding EN signal on $memory\u_dmem.mem[246]$3352 ($dff) from module cpu_top (D = \ex_opb, Q = \u_dmem.mem[246]).
Adding EN signal on $memory\u_dmem.mem[245]$3350 ($dff) from module cpu_top (D = \ex_opb, Q = \u_dmem.mem[245]).
Adding EN signal on $memory\u_dmem.mem[244]$3348 ($dff) from module cpu_top (D = \ex_opb, Q = \u_dmem.mem[244]).
Adding EN signal on $memory\u_dmem.mem[243]$3346 ($dff) from module cpu_top (D = \ex_opb, Q = \u_dmem.mem[243]).
Adding EN signal on $memory\u_dmem.mem[242]$3344 ($dff) from module cpu_top (D = \ex_opb, Q = \u_dmem.mem[242]).
Adding EN signal on $memory\u_dmem.mem[241]$3342 ($dff) from module cpu_top (D = \ex_opb, Q = \u_dmem.mem[241]).
Adding EN signal on $memory\u_dmem.mem[240]$3340 ($dff) from module cpu_top (D = \ex_opb, Q = \u_dmem.mem[240]).
Adding EN signal on $memory\u_dmem.mem[23]$2906 ($dff) from module cpu_top (D = \ex_opb, Q = \u_dmem.mem[23]).
Adding EN signal on $memory\u_dmem.mem[239]$3338 ($dff) from module cpu_top (D = \ex_opb, Q = \u_dmem.mem[239]).
Adding EN signal on $memory\u_dmem.mem[238]$3336 ($dff) from module cpu_top (D = \ex_opb, Q = \u_dmem.mem[238]).
Adding EN signal on $memory\u_dmem.mem[237]$3334 ($dff) from module cpu_top (D = \ex_opb, Q = \u_dmem.mem[237]).
Adding EN signal on $memory\u_dmem.mem[236]$3332 ($dff) from module cpu_top (D = \ex_opb, Q = \u_dmem.mem[236]).
Adding EN signal on $memory\u_dmem.mem[235]$3330 ($dff) from module cpu_top (D = \ex_opb, Q = \u_dmem.mem[235]).
Adding EN signal on $memory\u_dmem.mem[234]$3328 ($dff) from module cpu_top (D = \ex_opb, Q = \u_dmem.mem[234]).
Adding EN signal on $memory\u_dmem.mem[233]$3326 ($dff) from module cpu_top (D = \ex_opb, Q = \u_dmem.mem[233]).
Adding EN signal on $memory\u_dmem.mem[232]$3324 ($dff) from module cpu_top (D = \ex_opb, Q = \u_dmem.mem[232]).
Adding EN signal on $memory\u_dmem.mem[231]$3322 ($dff) from module cpu_top (D = \ex_opb, Q = \u_dmem.mem[231]).
Adding EN signal on $memory\u_dmem.mem[230]$3320 ($dff) from module cpu_top (D = \ex_opb, Q = \u_dmem.mem[230]).
Adding EN signal on $memory\u_dmem.mem[22]$2904 ($dff) from module cpu_top (D = \ex_opb, Q = \u_dmem.mem[22]).
Adding EN signal on $memory\u_dmem.mem[229]$3318 ($dff) from module cpu_top (D = \ex_opb, Q = \u_dmem.mem[229]).
Adding EN signal on $memory\u_dmem.mem[228]$3316 ($dff) from module cpu_top (D = \ex_opb, Q = \u_dmem.mem[228]).
Adding EN signal on $memory\u_dmem.mem[227]$3314 ($dff) from module cpu_top (D = \ex_opb, Q = \u_dmem.mem[227]).
Adding EN signal on $memory\u_dmem.mem[226]$3312 ($dff) from module cpu_top (D = \ex_opb, Q = \u_dmem.mem[226]).
Adding EN signal on $memory\u_dmem.mem[225]$3310 ($dff) from module cpu_top (D = \ex_opb, Q = \u_dmem.mem[225]).
Adding EN signal on $memory\u_dmem.mem[224]$3308 ($dff) from module cpu_top (D = \ex_opb, Q = \u_dmem.mem[224]).
Adding EN signal on $memory\u_dmem.mem[223]$3306 ($dff) from module cpu_top (D = \ex_opb, Q = \u_dmem.mem[223]).
Adding EN signal on $memory\u_dmem.mem[222]$3304 ($dff) from module cpu_top (D = \ex_opb, Q = \u_dmem.mem[222]).
Adding EN signal on $memory\u_dmem.mem[221]$3302 ($dff) from module cpu_top (D = \ex_opb, Q = \u_dmem.mem[221]).
Adding EN signal on $memory\u_dmem.mem[220]$3300 ($dff) from module cpu_top (D = \ex_opb, Q = \u_dmem.mem[220]).
Adding EN signal on $memory\u_dmem.mem[21]$2902 ($dff) from module cpu_top (D = \ex_opb, Q = \u_dmem.mem[21]).
Adding EN signal on $memory\u_dmem.mem[219]$3298 ($dff) from module cpu_top (D = \ex_opb, Q = \u_dmem.mem[219]).
Adding EN signal on $memory\u_dmem.mem[218]$3296 ($dff) from module cpu_top (D = \ex_opb, Q = \u_dmem.mem[218]).
Adding EN signal on $memory\u_dmem.mem[217]$3294 ($dff) from module cpu_top (D = \ex_opb, Q = \u_dmem.mem[217]).
Adding EN signal on $memory\u_dmem.mem[216]$3292 ($dff) from module cpu_top (D = \ex_opb, Q = \u_dmem.mem[216]).
Adding EN signal on $memory\u_dmem.mem[215]$3290 ($dff) from module cpu_top (D = \ex_opb, Q = \u_dmem.mem[215]).
Adding EN signal on $memory\u_dmem.mem[214]$3288 ($dff) from module cpu_top (D = \ex_opb, Q = \u_dmem.mem[214]).
Adding EN signal on $memory\u_dmem.mem[213]$3286 ($dff) from module cpu_top (D = \ex_opb, Q = \u_dmem.mem[213]).
Adding EN signal on $memory\u_dmem.mem[212]$3284 ($dff) from module cpu_top (D = \ex_opb, Q = \u_dmem.mem[212]).
Adding EN signal on $memory\u_dmem.mem[211]$3282 ($dff) from module cpu_top (D = \ex_opb, Q = \u_dmem.mem[211]).
Adding EN signal on $memory\u_dmem.mem[210]$3280 ($dff) from module cpu_top (D = \ex_opb, Q = \u_dmem.mem[210]).
Adding EN signal on $memory\u_dmem.mem[20]$2900 ($dff) from module cpu_top (D = \ex_opb, Q = \u_dmem.mem[20]).
Adding EN signal on $memory\u_dmem.mem[209]$3278 ($dff) from module cpu_top (D = \ex_opb, Q = \u_dmem.mem[209]).
Adding EN signal on $memory\u_dmem.mem[208]$3276 ($dff) from module cpu_top (D = \ex_opb, Q = \u_dmem.mem[208]).
Adding EN signal on $memory\u_dmem.mem[207]$3274 ($dff) from module cpu_top (D = \ex_opb, Q = \u_dmem.mem[207]).
Adding EN signal on $memory\u_dmem.mem[206]$3272 ($dff) from module cpu_top (D = \ex_opb, Q = \u_dmem.mem[206]).
Adding EN signal on $memory\u_dmem.mem[205]$3270 ($dff) from module cpu_top (D = \ex_opb, Q = \u_dmem.mem[205]).
Adding EN signal on $memory\u_dmem.mem[204]$3268 ($dff) from module cpu_top (D = \ex_opb, Q = \u_dmem.mem[204]).
Adding EN signal on $memory\u_dmem.mem[203]$3266 ($dff) from module cpu_top (D = \ex_opb, Q = \u_dmem.mem[203]).
Adding EN signal on $memory\u_dmem.mem[202]$3264 ($dff) from module cpu_top (D = \ex_opb, Q = \u_dmem.mem[202]).
Adding EN signal on $memory\u_dmem.mem[201]$3262 ($dff) from module cpu_top (D = \ex_opb, Q = \u_dmem.mem[201]).
Adding EN signal on $memory\u_dmem.mem[200]$3260 ($dff) from module cpu_top (D = \ex_opb, Q = \u_dmem.mem[200]).
Adding EN signal on $memory\u_dmem.mem[1]$2862 ($dff) from module cpu_top (D = \ex_opb, Q = \u_dmem.mem[1]).
Adding EN signal on $memory\u_dmem.mem[19]$2898 ($dff) from module cpu_top (D = \ex_opb, Q = \u_dmem.mem[19]).
Adding EN signal on $memory\u_dmem.mem[199]$3258 ($dff) from module cpu_top (D = \ex_opb, Q = \u_dmem.mem[199]).
Adding EN signal on $memory\u_dmem.mem[198]$3256 ($dff) from module cpu_top (D = \ex_opb, Q = \u_dmem.mem[198]).
Adding EN signal on $memory\u_dmem.mem[197]$3254 ($dff) from module cpu_top (D = \ex_opb, Q = \u_dmem.mem[197]).
Adding EN signal on $memory\u_dmem.mem[196]$3252 ($dff) from module cpu_top (D = \ex_opb, Q = \u_dmem.mem[196]).
Adding EN signal on $memory\u_dmem.mem[195]$3250 ($dff) from module cpu_top (D = \ex_opb, Q = \u_dmem.mem[195]).
Adding EN signal on $memory\u_dmem.mem[194]$3248 ($dff) from module cpu_top (D = \ex_opb, Q = \u_dmem.mem[194]).
Adding EN signal on $memory\u_dmem.mem[193]$3246 ($dff) from module cpu_top (D = \ex_opb, Q = \u_dmem.mem[193]).
Adding EN signal on $memory\u_dmem.mem[192]$3244 ($dff) from module cpu_top (D = \ex_opb, Q = \u_dmem.mem[192]).
Adding EN signal on $memory\u_dmem.mem[191]$3242 ($dff) from module cpu_top (D = \ex_opb, Q = \u_dmem.mem[191]).
Adding EN signal on $memory\u_dmem.mem[190]$3240 ($dff) from module cpu_top (D = \ex_opb, Q = \u_dmem.mem[190]).
Adding EN signal on $memory\u_dmem.mem[18]$2896 ($dff) from module cpu_top (D = \ex_opb, Q = \u_dmem.mem[18]).
Adding EN signal on $memory\u_dmem.mem[189]$3238 ($dff) from module cpu_top (D = \ex_opb, Q = \u_dmem.mem[189]).
Adding EN signal on $memory\u_dmem.mem[188]$3236 ($dff) from module cpu_top (D = \ex_opb, Q = \u_dmem.mem[188]).
Adding EN signal on $memory\u_dmem.mem[187]$3234 ($dff) from module cpu_top (D = \ex_opb, Q = \u_dmem.mem[187]).
Adding EN signal on $memory\u_dmem.mem[186]$3232 ($dff) from module cpu_top (D = \ex_opb, Q = \u_dmem.mem[186]).
Adding EN signal on $memory\u_dmem.mem[185]$3230 ($dff) from module cpu_top (D = \ex_opb, Q = \u_dmem.mem[185]).
Adding EN signal on $memory\u_dmem.mem[184]$3228 ($dff) from module cpu_top (D = \ex_opb, Q = \u_dmem.mem[184]).
Adding EN signal on $memory\u_dmem.mem[183]$3226 ($dff) from module cpu_top (D = \ex_opb, Q = \u_dmem.mem[183]).
Adding EN signal on $memory\u_dmem.mem[182]$3224 ($dff) from module cpu_top (D = \ex_opb, Q = \u_dmem.mem[182]).
Adding EN signal on $memory\u_dmem.mem[181]$3222 ($dff) from module cpu_top (D = \ex_opb, Q = \u_dmem.mem[181]).
Adding EN signal on $memory\u_dmem.mem[180]$3220 ($dff) from module cpu_top (D = \ex_opb, Q = \u_dmem.mem[180]).
Adding EN signal on $memory\u_dmem.mem[17]$2894 ($dff) from module cpu_top (D = \ex_opb, Q = \u_dmem.mem[17]).
Adding EN signal on $memory\u_dmem.mem[179]$3218 ($dff) from module cpu_top (D = \ex_opb, Q = \u_dmem.mem[179]).
Adding EN signal on $memory\u_dmem.mem[178]$3216 ($dff) from module cpu_top (D = \ex_opb, Q = \u_dmem.mem[178]).
Adding EN signal on $memory\u_dmem.mem[177]$3214 ($dff) from module cpu_top (D = \ex_opb, Q = \u_dmem.mem[177]).
Adding EN signal on $memory\u_dmem.mem[176]$3212 ($dff) from module cpu_top (D = \ex_opb, Q = \u_dmem.mem[176]).
Adding EN signal on $memory\u_dmem.mem[175]$3210 ($dff) from module cpu_top (D = \ex_opb, Q = \u_dmem.mem[175]).
Adding EN signal on $memory\u_dmem.mem[174]$3208 ($dff) from module cpu_top (D = \ex_opb, Q = \u_dmem.mem[174]).
Adding EN signal on $memory\u_dmem.mem[173]$3206 ($dff) from module cpu_top (D = \ex_opb, Q = \u_dmem.mem[173]).
Adding EN signal on $memory\u_dmem.mem[172]$3204 ($dff) from module cpu_top (D = \ex_opb, Q = \u_dmem.mem[172]).
Adding EN signal on $memory\u_dmem.mem[171]$3202 ($dff) from module cpu_top (D = \ex_opb, Q = \u_dmem.mem[171]).
Adding EN signal on $memory\u_dmem.mem[170]$3200 ($dff) from module cpu_top (D = \ex_opb, Q = \u_dmem.mem[170]).
Adding EN signal on $memory\u_dmem.mem[16]$2892 ($dff) from module cpu_top (D = \ex_opb, Q = \u_dmem.mem[16]).
Adding EN signal on $memory\u_dmem.mem[169]$3198 ($dff) from module cpu_top (D = \ex_opb, Q = \u_dmem.mem[169]).
Adding EN signal on $memory\u_dmem.mem[168]$3196 ($dff) from module cpu_top (D = \ex_opb, Q = \u_dmem.mem[168]).
Adding EN signal on $memory\u_dmem.mem[167]$3194 ($dff) from module cpu_top (D = \ex_opb, Q = \u_dmem.mem[167]).
Adding EN signal on $memory\u_dmem.mem[166]$3192 ($dff) from module cpu_top (D = \ex_opb, Q = \u_dmem.mem[166]).
Adding EN signal on $memory\u_dmem.mem[165]$3190 ($dff) from module cpu_top (D = \ex_opb, Q = \u_dmem.mem[165]).
Adding EN signal on $memory\u_dmem.mem[164]$3188 ($dff) from module cpu_top (D = \ex_opb, Q = \u_dmem.mem[164]).
Adding EN signal on $memory\u_dmem.mem[163]$3186 ($dff) from module cpu_top (D = \ex_opb, Q = \u_dmem.mem[163]).
Adding EN signal on $memory\u_dmem.mem[162]$3184 ($dff) from module cpu_top (D = \ex_opb, Q = \u_dmem.mem[162]).
Adding EN signal on $memory\u_dmem.mem[161]$3182 ($dff) from module cpu_top (D = \ex_opb, Q = \u_dmem.mem[161]).
Adding EN signal on $memory\u_dmem.mem[160]$3180 ($dff) from module cpu_top (D = \ex_opb, Q = \u_dmem.mem[160]).
Adding EN signal on $memory\u_dmem.mem[15]$2890 ($dff) from module cpu_top (D = \ex_opb, Q = \u_dmem.mem[15]).
Adding EN signal on $memory\u_dmem.mem[159]$3178 ($dff) from module cpu_top (D = \ex_opb, Q = \u_dmem.mem[159]).
Adding EN signal on $memory\u_dmem.mem[158]$3176 ($dff) from module cpu_top (D = \ex_opb, Q = \u_dmem.mem[158]).
Adding EN signal on $memory\u_dmem.mem[157]$3174 ($dff) from module cpu_top (D = \ex_opb, Q = \u_dmem.mem[157]).
Adding EN signal on $memory\u_dmem.mem[156]$3172 ($dff) from module cpu_top (D = \ex_opb, Q = \u_dmem.mem[156]).
Adding EN signal on $memory\u_dmem.mem[155]$3170 ($dff) from module cpu_top (D = \ex_opb, Q = \u_dmem.mem[155]).
Adding EN signal on $memory\u_dmem.mem[154]$3168 ($dff) from module cpu_top (D = \ex_opb, Q = \u_dmem.mem[154]).
Adding EN signal on $memory\u_dmem.mem[153]$3166 ($dff) from module cpu_top (D = \ex_opb, Q = \u_dmem.mem[153]).
Adding EN signal on $memory\u_dmem.mem[152]$3164 ($dff) from module cpu_top (D = \ex_opb, Q = \u_dmem.mem[152]).
Adding EN signal on $memory\u_dmem.mem[151]$3162 ($dff) from module cpu_top (D = \ex_opb, Q = \u_dmem.mem[151]).
Adding EN signal on $memory\u_dmem.mem[150]$3160 ($dff) from module cpu_top (D = \ex_opb, Q = \u_dmem.mem[150]).
Adding EN signal on $memory\u_dmem.mem[14]$2888 ($dff) from module cpu_top (D = \ex_opb, Q = \u_dmem.mem[14]).
Adding EN signal on $memory\u_dmem.mem[149]$3158 ($dff) from module cpu_top (D = \ex_opb, Q = \u_dmem.mem[149]).
Adding EN signal on $memory\u_dmem.mem[148]$3156 ($dff) from module cpu_top (D = \ex_opb, Q = \u_dmem.mem[148]).
Adding EN signal on $memory\u_dmem.mem[147]$3154 ($dff) from module cpu_top (D = \ex_opb, Q = \u_dmem.mem[147]).
Adding EN signal on $memory\u_dmem.mem[146]$3152 ($dff) from module cpu_top (D = \ex_opb, Q = \u_dmem.mem[146]).
Adding EN signal on $memory\u_dmem.mem[145]$3150 ($dff) from module cpu_top (D = \ex_opb, Q = \u_dmem.mem[145]).
Adding EN signal on $memory\u_dmem.mem[144]$3148 ($dff) from module cpu_top (D = \ex_opb, Q = \u_dmem.mem[144]).
Adding EN signal on $memory\u_dmem.mem[143]$3146 ($dff) from module cpu_top (D = \ex_opb, Q = \u_dmem.mem[143]).
Adding EN signal on $memory\u_dmem.mem[142]$3144 ($dff) from module cpu_top (D = \ex_opb, Q = \u_dmem.mem[142]).
Adding EN signal on $memory\u_dmem.mem[141]$3142 ($dff) from module cpu_top (D = \ex_opb, Q = \u_dmem.mem[141]).
Adding EN signal on $memory\u_dmem.mem[140]$3140 ($dff) from module cpu_top (D = \ex_opb, Q = \u_dmem.mem[140]).
Adding EN signal on $memory\u_dmem.mem[13]$2886 ($dff) from module cpu_top (D = \ex_opb, Q = \u_dmem.mem[13]).
Adding EN signal on $memory\u_dmem.mem[139]$3138 ($dff) from module cpu_top (D = \ex_opb, Q = \u_dmem.mem[139]).
Adding EN signal on $memory\u_dmem.mem[138]$3136 ($dff) from module cpu_top (D = \ex_opb, Q = \u_dmem.mem[138]).
Adding EN signal on $memory\u_dmem.mem[137]$3134 ($dff) from module cpu_top (D = \ex_opb, Q = \u_dmem.mem[137]).
Adding EN signal on $memory\u_dmem.mem[136]$3132 ($dff) from module cpu_top (D = \ex_opb, Q = \u_dmem.mem[136]).
Adding EN signal on $memory\u_dmem.mem[135]$3130 ($dff) from module cpu_top (D = \ex_opb, Q = \u_dmem.mem[135]).
Adding EN signal on $memory\u_dmem.mem[134]$3128 ($dff) from module cpu_top (D = \ex_opb, Q = \u_dmem.mem[134]).
Adding EN signal on $memory\u_dmem.mem[133]$3126 ($dff) from module cpu_top (D = \ex_opb, Q = \u_dmem.mem[133]).
Adding EN signal on $memory\u_dmem.mem[132]$3124 ($dff) from module cpu_top (D = \ex_opb, Q = \u_dmem.mem[132]).
Adding EN signal on $memory\u_dmem.mem[131]$3122 ($dff) from module cpu_top (D = \ex_opb, Q = \u_dmem.mem[131]).
Adding EN signal on $memory\u_dmem.mem[130]$3120 ($dff) from module cpu_top (D = \ex_opb, Q = \u_dmem.mem[130]).
Adding EN signal on $memory\u_dmem.mem[12]$2884 ($dff) from module cpu_top (D = \ex_opb, Q = \u_dmem.mem[12]).
Adding EN signal on $memory\u_dmem.mem[129]$3118 ($dff) from module cpu_top (D = \ex_opb, Q = \u_dmem.mem[129]).
Adding EN signal on $memory\u_dmem.mem[128]$3116 ($dff) from module cpu_top (D = \ex_opb, Q = \u_dmem.mem[128]).
Adding EN signal on $memory\u_dmem.mem[127]$3114 ($dff) from module cpu_top (D = \ex_opb, Q = \u_dmem.mem[127]).
Adding EN signal on $memory\u_dmem.mem[126]$3112 ($dff) from module cpu_top (D = \ex_opb, Q = \u_dmem.mem[126]).
Adding EN signal on $memory\u_dmem.mem[125]$3110 ($dff) from module cpu_top (D = \ex_opb, Q = \u_dmem.mem[125]).
Adding EN signal on $memory\u_dmem.mem[124]$3108 ($dff) from module cpu_top (D = \ex_opb, Q = \u_dmem.mem[124]).
Adding EN signal on $memory\u_dmem.mem[123]$3106 ($dff) from module cpu_top (D = \ex_opb, Q = \u_dmem.mem[123]).
Adding EN signal on $memory\u_dmem.mem[122]$3104 ($dff) from module cpu_top (D = \ex_opb, Q = \u_dmem.mem[122]).
Adding EN signal on $memory\u_dmem.mem[121]$3102 ($dff) from module cpu_top (D = \ex_opb, Q = \u_dmem.mem[121]).
Adding EN signal on $memory\u_dmem.mem[120]$3100 ($dff) from module cpu_top (D = \ex_opb, Q = \u_dmem.mem[120]).
Adding EN signal on $memory\u_dmem.mem[11]$2882 ($dff) from module cpu_top (D = \ex_opb, Q = \u_dmem.mem[11]).
Adding EN signal on $memory\u_dmem.mem[119]$3098 ($dff) from module cpu_top (D = \ex_opb, Q = \u_dmem.mem[119]).
Adding EN signal on $memory\u_dmem.mem[118]$3096 ($dff) from module cpu_top (D = \ex_opb, Q = \u_dmem.mem[118]).
Adding EN signal on $memory\u_dmem.mem[117]$3094 ($dff) from module cpu_top (D = \ex_opb, Q = \u_dmem.mem[117]).
Adding EN signal on $memory\u_dmem.mem[116]$3092 ($dff) from module cpu_top (D = \ex_opb, Q = \u_dmem.mem[116]).
Adding EN signal on $memory\u_dmem.mem[115]$3090 ($dff) from module cpu_top (D = \ex_opb, Q = \u_dmem.mem[115]).
Adding EN signal on $memory\u_dmem.mem[114]$3088 ($dff) from module cpu_top (D = \ex_opb, Q = \u_dmem.mem[114]).
Adding EN signal on $memory\u_dmem.mem[113]$3086 ($dff) from module cpu_top (D = \ex_opb, Q = \u_dmem.mem[113]).
Adding EN signal on $memory\u_dmem.mem[112]$3084 ($dff) from module cpu_top (D = \ex_opb, Q = \u_dmem.mem[112]).
Adding EN signal on $memory\u_dmem.mem[111]$3082 ($dff) from module cpu_top (D = \ex_opb, Q = \u_dmem.mem[111]).
Adding EN signal on $memory\u_dmem.mem[110]$3080 ($dff) from module cpu_top (D = \ex_opb, Q = \u_dmem.mem[110]).
Adding EN signal on $memory\u_dmem.mem[10]$2880 ($dff) from module cpu_top (D = \ex_opb, Q = \u_dmem.mem[10]).
Adding EN signal on $memory\u_dmem.mem[109]$3078 ($dff) from module cpu_top (D = \ex_opb, Q = \u_dmem.mem[109]).
Adding EN signal on $memory\u_dmem.mem[108]$3076 ($dff) from module cpu_top (D = \ex_opb, Q = \u_dmem.mem[108]).
Adding EN signal on $memory\u_dmem.mem[107]$3074 ($dff) from module cpu_top (D = \ex_opb, Q = \u_dmem.mem[107]).
Adding EN signal on $memory\u_dmem.mem[106]$3072 ($dff) from module cpu_top (D = \ex_opb, Q = \u_dmem.mem[106]).
Adding EN signal on $memory\u_dmem.mem[105]$3070 ($dff) from module cpu_top (D = \ex_opb, Q = \u_dmem.mem[105]).
Adding EN signal on $memory\u_dmem.mem[104]$3068 ($dff) from module cpu_top (D = \ex_opb, Q = \u_dmem.mem[104]).
Adding EN signal on $memory\u_dmem.mem[103]$3066 ($dff) from module cpu_top (D = \ex_opb, Q = \u_dmem.mem[103]).
Adding EN signal on $memory\u_dmem.mem[102]$3064 ($dff) from module cpu_top (D = \ex_opb, Q = \u_dmem.mem[102]).
Adding EN signal on $memory\u_dmem.mem[101]$3062 ($dff) from module cpu_top (D = \ex_opb, Q = \u_dmem.mem[101]).
Adding EN signal on $memory\u_dmem.mem[100]$3060 ($dff) from module cpu_top (D = \ex_opb, Q = \u_dmem.mem[100]).
Adding EN signal on $memory\u_dmem.mem[0]$2860 ($dff) from module cpu_top (D = \ex_opb, Q = \u_dmem.mem[0]).

9.20.16. Executing OPT_CLEAN pass (remove unused cells and wires).
Finding unused cells or wires in module \cpu_top..
Removed 512 unused cells and 512 unused wires.
<suppressed ~513 debug messages>

9.20.17. Executing OPT_EXPR pass (perform const folding).
Optimizing module cpu_top.
<suppressed ~32 debug messages>

9.20.18. Rerunning OPT passes. (Maybe there is more to do..)

9.20.19. Executing OPT_MUXTREE pass (detect dead branches in mux trees).
Running muxtree optimizer on module \cpu_top..
  Creating internal representation of mux trees.
  Evaluating internal representation of mux trees.
  Analyzing evaluation results.
Removed 0 multiplexer ports.
<suppressed ~31 debug messages>

9.20.20. Executing OPT_REDUCE pass (consolidate $*mux and $reduce_* inputs).
  Optimizing cells in module \cpu_top.
Performed a total of 0 changes.

9.20.21. Executing OPT_MERGE pass (detect identical cells).
Finding identical cells in module `\cpu_top'.
Removed a total of 0 cells.

9.20.22. Executing OPT_SHARE pass.

9.20.23. Executing OPT_DFF pass (perform DFF optimizations).
Adding SRST signal on $auto$ff.cc:266:slice$9180 ($dffe) from module cpu_top (D = \u_rf.wdata, Q = \u_rf.r[0], rval = 16'0000000000000000).
Adding SRST signal on $auto$ff.cc:266:slice$9177 ($dffe) from module cpu_top (D = \u_rf.wdata, Q = \u_rf.r[10], rval = 16'0000000000000000).
Adding SRST signal on $auto$ff.cc:266:slice$9174 ($dffe) from module cpu_top (D = \u_rf.wdata, Q = \u_rf.r[11], rval = 16'0000000000000000).
Adding SRST signal on $auto$ff.cc:266:slice$9171 ($dffe) from module cpu_top (D = \u_rf.wdata, Q = \u_rf.r[12], rval = 16'0000000000000000).
Adding SRST signal on $auto$ff.cc:266:slice$9168 ($dffe) from module cpu_top (D = \u_rf.wdata, Q = \u_rf.r[13], rval = 16'0000000000000000).
Adding SRST signal on $auto$ff.cc:266:slice$9165 ($dffe) from module cpu_top (D = \u_rf.wdata, Q = \u_rf.r[14], rval = 16'0000000000000000).
Adding SRST signal on $auto$ff.cc:266:slice$9162 ($dffe) from module cpu_top (D = \u_rf.wdata, Q = \u_rf.r[15], rval = 16'0000000000000000).
Adding SRST signal on $auto$ff.cc:266:slice$9159 ($dffe) from module cpu_top (D = \u_rf.wdata, Q = \u_rf.r[1], rval = 16'0000000000000000).
Adding SRST signal on $auto$ff.cc:266:slice$9156 ($dffe) from module cpu_top (D = \u_rf.wdata, Q = \u_rf.r[2], rval = 16'0000000000000000).
Adding SRST signal on $auto$ff.cc:266:slice$9153 ($dffe) from module cpu_top (D = \u_rf.wdata, Q = \u_rf.r[3], rval = 16'0000000000000000).
Adding SRST signal on $auto$ff.cc:266:slice$9150 ($dffe) from module cpu_top (D = \u_rf.wdata, Q = \u_rf.r[4], rval = 16'0000000000000000).
Adding SRST signal on $auto$ff.cc:266:slice$9147 ($dffe) from module cpu_top (D = \u_rf.wdata, Q = \u_rf.r[5], rval = 16'0000000000000000).
Adding SRST signal on $auto$ff.cc:266:slice$9144 ($dffe) from module cpu_top (D = \u_rf.wdata, Q = \u_rf.r[6], rval = 16'0000000000000000).
Adding SRST signal on $auto$ff.cc:266:slice$9141 ($dffe) from module cpu_top (D = \u_rf.wdata, Q = \u_rf.r[7], rval = 16'0000000000000000).
Adding SRST signal on $auto$ff.cc:266:slice$9138 ($dffe) from module cpu_top (D = \u_rf.wdata, Q = \u_rf.r[8], rval = 16'0000000000000000).
Adding SRST signal on $auto$ff.cc:266:slice$9135 ($dffe) from module cpu_top (D = \u_rf.wdata, Q = \u_rf.r[9], rval = 16'0000000000000000).

9.20.24. Executing OPT_CLEAN pass (remove unused cells and wires).
Finding unused cells or wires in module \cpu_top..
Removed 16 unused cells and 32 unused wires.
<suppressed ~17 debug messages>

9.20.25. Executing OPT_EXPR pass (perform const folding).
Optimizing module cpu_top.

9.20.26. Rerunning OPT passes. (Maybe there is more to do..)

9.20.27. Executing OPT_MUXTREE pass (detect dead branches in mux trees).
Running muxtree optimizer on module \cpu_top..
  Creating internal representation of mux trees.
  Evaluating internal representation of mux trees.
  Analyzing evaluation results.
Removed 0 multiplexer ports.
<suppressed ~15 debug messages>

9.20.28. Executing OPT_REDUCE pass (consolidate $*mux and $reduce_* inputs).
  Optimizing cells in module \cpu_top.
Performed a total of 0 changes.

9.20.29. Executing OPT_MERGE pass (detect identical cells).
Finding identical cells in module `\cpu_top'.
Removed a total of 0 cells.

9.20.30. Executing OPT_SHARE pass.

9.20.31. Executing OPT_DFF pass (perform DFF optimizations).

9.20.32. Executing OPT_CLEAN pass (remove unused cells and wires).
Finding unused cells or wires in module \cpu_top..

9.20.33. Executing OPT_EXPR pass (perform const folding).
Optimizing module cpu_top.

9.20.34. Finished OPT passes. (There is nothing left to do.)

9.21. Executing TECHMAP pass (map to technology primitives).

9.21.1. Executing Verilog-2005 frontend: /usr/bin/../share/yosys/techmap.v
Parsing Verilog input from `/usr/bin/../share/yosys/techmap.v' to AST representation.
Generating RTLIL representation for module `\_90_simplemap_bool_ops'.
Generating RTLIL representation for module `\_90_simplemap_reduce_ops'.
Generating RTLIL representation for module `\_90_simplemap_logic_ops'.
Generating RTLIL representation for module `\_90_simplemap_compare_ops'.
Generating RTLIL representation for module `\_90_simplemap_various'.
Generating RTLIL representation for module `\_90_simplemap_registers'.
Generating RTLIL representation for module `\_90_shift_ops_shr_shl_sshl_sshr'.
Generating RTLIL representation for module `\_90_shift_shiftx'.
Generating RTLIL representation for module `\_90_fa'.
Generating RTLIL representation for module `\_90_lcu_brent_kung'.
Generating RTLIL representation for module `\_90_alu'.
Generating RTLIL representation for module `\_90_macc'.
Generating RTLIL representation for module `\_90_alumacc'.
Generating RTLIL representation for module `\$__div_mod_u'.
Generating RTLIL representation for module `\$__div_mod_trunc'.
Generating RTLIL representation for module `\_90_div'.
Generating RTLIL representation for module `\_90_mod'.
Generating RTLIL representation for module `\$__div_mod_floor'.
Generating RTLIL representation for module `\_90_divfloor'.
Generating RTLIL representation for module `\_90_modfloor'.
Generating RTLIL representation for module `\_90_pow'.
Generating RTLIL representation for module `\_90_pmux'.
Generating RTLIL representation for module `\_90_demux'.
Generating RTLIL representation for module `\_90_lut'.
Successfully finished Verilog frontend.

9.21.2. Continuing TECHMAP pass.
Using extmapper simplemap for cells of type $and.
Using extmapper simplemap for cells of type $dffe.
Using extmapper simplemap for cells of type $mux.
Using extmapper simplemap for cells of type $eq.
Using extmapper simplemap for cells of type $reduce_or.
Using extmapper simplemap for cells of type $logic_and.
Using template $paramod$a1bc51c02ce12ac21eb18988e83292af48ed7d72\_90_alu for cells of type $alu.
Using extmapper simplemap for cells of type $logic_or.
Using extmapper simplemap for cells of type $or.
Using extmapper simplemap for cells of type $not.
Using template $paramod$c3cd1564c35d873179656addd6052d7ea8b6d991\_90_alu for cells of type $alu.
Using extmapper simplemap for cells of type $logic_not.
Using extmapper simplemap for cells of type $sdff.
Using template $paramod$97565c3687be688407d1272a293bd9d0ae6852dc\_90_pmux for cells of type $pmux.
Using template $paramod$521ce43182eecb9f60c72393a788160d2c356bf5\_90_pmux for cells of type $pmux.
Using template $paramod$a13703aa027da371a1931fc542d213d7de559b19\_90_pmux for cells of type $pmux.
Using template $paramod$645fe0cc96ae5edb83bff90cc2c78f4a20ca3e3c\_90_pmux for cells of type $pmux.
Using extmapper simplemap for cells of type $reduce_bool.
Using template $paramod$constmap:00a5b8c078faac2d9dcf7d1311e85cfd31359fcf$paramod$e31da3c1e7d1078ed1477dabeabe646dcd7d3c9b\_90_shift_ops_shr_shl_sshl_sshr for cells of type $shr.
Using template $paramod$constmap:00a5b8c078faac2d9dcf7d1311e85cfd31359fcf$paramod$b1f8e9a58fee383a65180922397f7058048191fe\_90_shift_ops_shr_shl_sshl_sshr for cells of type $shl.
Using template $paramod$6df0329addda9228fcc2546de2aaf14ad26c98e1\_90_alu for cells of type $alu.
Using template $paramod$0b42e0ef0120c44ea9490666611378bfd171ba8c\_90_pmux for cells of type $pmux.
Using extmapper simplemap for cells of type $xor.
Using extmapper simplemap for cells of type $sdffce.
Running "alumacc" on wrapper $extern:wrap:$neg:A_SIGNED=0:A_WIDTH=16:Y_WIDTH=16:394426c56d1a028ba8fdd5469b163e04011def47.
Using template $extern:wrap:$neg:A_SIGNED=0:A_WIDTH=16:Y_WIDTH=16:394426c56d1a028ba8fdd5469b163e04011def47 for cells of type $extern:wrap:$neg:A_SIGNED=0:A_WIDTH=16:Y_WIDTH=16:394426c56d1a028ba8fdd5469b163e04011def47.
Using template $paramod\_90_lcu_brent_kung\WIDTH=32'00000000000000000000000000001000 for cells of type $lcu.
Using extmapper simplemap for cells of type $pos.
Using template $paramod\_90_lcu_brent_kung\WIDTH=32'00000000000000000000000000010000 for cells of type $lcu.
Using template $paramod$02488ff6fa51b28bbfa470bdd9b0e548b3357746\_90_alu for cells of type $alu.
No more expansions possible.
<suppressed ~3556 debug messages>

9.22. Executing OPT pass (performing simple optimizations).

9.22.1. Executing OPT_EXPR pass (perform const folding).
Optimizing module cpu_top.
<suppressed ~389 debug messages>

9.22.2. Executing OPT_MERGE pass (detect identical cells).
Finding identical cells in module `\cpu_top'.
<suppressed ~243 debug messages>
Removed a total of 81 cells.

9.22.3. Executing OPT_DFF pass (perform DFF optimizations).

9.22.4. Executing OPT_CLEAN pass (remove unused cells and wires).
Finding unused cells or wires in module \cpu_top..
Removed 47 unused cells and 506 unused wires.
<suppressed ~48 debug messages>

9.22.5. Finished fast OPT passes.

9.23. Executing ABC pass (technology mapping using ABC).

9.23.1. Extracting gate netlist of module `\cpu_top' to `<abc-temp-dir>/input.blif'..
Extracted 10852 gates and 19402 wires to a netlist network with 8549 inputs and 637 outputs.

9.23.1.1. Executing ABC.
Running ABC command: "<yosys-exe-dir>/yosys-abc" -s -f <abc-temp-dir>/abc.script 2>&1
ABC: ABC command line: "source <abc-temp-dir>/abc.script".
ABC: 
ABC: + read_blif <abc-temp-dir>/input.blif 
ABC: + read_library <abc-temp-dir>/stdcells.genlib 
ABC: + strash 
ABC: + dretime 
ABC: + map 
ABC: + write_blif <abc-temp-dir>/output.blif 

9.23.1.2. Re-integrating ABC results.
ABC RESULTS:               AND cells:       23
ABC RESULTS:            ANDNOT cells:      860
ABC RESULTS:               MUX cells:     8845
ABC RESULTS:              NAND cells:       55
ABC RESULTS:               NOR cells:       28
ABC RESULTS:               NOT cells:      303
ABC RESULTS:                OR cells:      791
ABC RESULTS:             ORNOT cells:       45
ABC RESULTS:              XNOR cells:       10
ABC RESULTS:               XOR cells:       81
ABC RESULTS:        internal signals:    10216
ABC RESULTS:           input signals:     8549
ABC RESULTS:          output signals:      637
Removing temp directory.

9.24. Executing OPT pass (performing simple optimizations).

9.24.1. Executing OPT_EXPR pass (perform const folding).
Optimizing module cpu_top.
<suppressed ~3762 debug messages>

9.24.2. Executing OPT_MERGE pass (detect identical cells).
Finding identical cells in module `\cpu_top'.
Removed a total of 0 cells.

9.24.3. Executing OPT_DFF pass (perform DFF optimizations).

9.24.4. Executing OPT_CLEAN pass (remove unused cells and wires).
Finding unused cells or wires in module \cpu_top..
Removed 9 unused cells and 10637 unused wires.
<suppressed ~38 debug messages>

9.24.5. Finished fast OPT passes.

9.25. Executing HIERARCHY pass (managing design hierarchy).
Attribute `top' found on module `cpu_top'. Setting top module to cpu_top.

9.25.1. Analyzing design hierarchy..
Top module:  \cpu_top

9.25.2. Analyzing design hierarchy..
Top module:  \cpu_top
Removed 0 unused modules.

9.26. Printing statistics.

=== cpu_top ===

   Number of wires:              11542
   Number of wire bits:          19852
   Number of public wires:         593
   Number of public wire bits:    8888
   Number of ports:                  8
   Number of port bits:             52
   Number of memories:               0
   Number of memory bits:            0
   Number of processes:              0
   Number of cells:              19585
     $_ANDNOT_                     860
     $_AND_                         23
     $_DFFE_PP_                   8192
     $_MUX_                       8845
     $_NAND_                        55
     $_NOR_                         28
     $_NOT_                        294
     $_ORNOT_                       45
     $_OR_                         791
     $_SDFFCE_PN0P_                256
     $_SDFF_PP0_                    95
     $_SDFF_PP1_                     4
     $_XNOR_                        10
     $_XOR_                         81
     $scopeinfo                      6

9.27. Executing CHECK pass (checking for obvious problems).
Checking module cpu_top...
Found and reported 0 problems.

10. Executing DFFLIBMAP pass (mapping DFF cells to sequential cells from liberty file).
  cell DFF_X1 (noninv, pins=4, area=4.52) is a direct match for cell type $_DFF_P_.
  cell DFFR_X1 (noninv, pins=5, area=5.32) is a direct match for cell type $_DFF_PN0_.
  cell DFFS_X1 (noninv, pins=5, area=5.32) is a direct match for cell type $_DFF_PN1_.
  cell DFFRS_X1 (noninv, pins=6, area=6.38) is a direct match for cell type $_DFFSR_PNN_.
  final dff cell mappings:
    unmapped dff cell: $_DFF_N_
    \DFF_X1 _DFF_P_ (.CK( C), .D( D), .Q( Q), .QN(~Q));
    unmapped dff cell: $_DFF_NN0_
    unmapped dff cell: $_DFF_NN1_
    unmapped dff cell: $_DFF_NP0_
    unmapped dff cell: $_DFF_NP1_
    \DFFR_X1 _DFF_PN0_ (.CK( C), .D( D), .Q( Q), .QN(~Q), .RN( R));
    \DFFS_X1 _DFF_PN1_ (.CK( C), .D( D), .Q( Q), .QN(~Q), .SN( R));
    unmapped dff cell: $_DFF_PP0_
    unmapped dff cell: $_DFF_PP1_
    unmapped dff cell: $_DFFE_NN_
    unmapped dff cell: $_DFFE_NP_
    unmapped dff cell: $_DFFE_PN_
    unmapped dff cell: $_DFFE_PP_
    unmapped dff cell: $_DFFSR_NNN_
    unmapped dff cell: $_DFFSR_NNP_
    unmapped dff cell: $_DFFSR_NPN_
    unmapped dff cell: $_DFFSR_NPP_
    \DFFRS_X1 _DFFSR_PNN_ (.CK( C), .D( D), .Q( Q), .QN(~Q), .RN( R), .SN( S));
    unmapped dff cell: $_DFFSR_PNP_
    unmapped dff cell: $_DFFSR_PPN_
    unmapped dff cell: $_DFFSR_PPP_

10.1. Executing DFFLEGALIZE pass (convert FFs to types supported by the target).
<suppressed ~8 debug messages>
Mapping DFF cells in module `\cpu_top':
  mapped 8547 $_DFF_P_ cells to \DFF_X1 cells.

11. Executing ABC pass (technology mapping using ABC).

11.1. Extracting gate netlist of module `\cpu_top' to `<abc-temp-dir>/input.blif'..
Extracted 19835 gates and 28678 wires to a netlist network with 8841 inputs and 8564 outputs.

11.1.1. Executing ABC.
Running ABC command: "<yosys-exe-dir>/yosys-abc" -s -f <abc-temp-dir>/abc.script 2>&1
ABC: ABC command line: "source <abc-temp-dir>/abc.script".
ABC: 
ABC: + read_blif <abc-temp-dir>/input.blif 
ABC: + read_lib -w /home/ridhi/risc16/synth/NangateOpenCellLibrary_typical.lib 
ABC: Parsing finished successfully.  Parsing time =     0.05 sec
ABC: Scl_LibertyReadGenlib() skipped cell "ANTENNA_X1" due to dont_use attribute.
ABC: Scl_LibertyReadGenlib() skipped cell "CLKGATETST_X1" without logic function.
ABC: Scl_LibertyReadGenlib() skipped cell "CLKGATETST_X2" without logic function.
ABC: Scl_LibertyReadGenlib() skipped cell "CLKGATETST_X4" without logic function.
ABC: Scl_LibertyReadGenlib() skipped cell "CLKGATETST_X8" without logic function.
ABC: Scl_LibertyReadGenlib() skipped cell "CLKGATE_X1" without logic function.
ABC: Scl_LibertyReadGenlib() skipped cell "CLKGATE_X2" without logic function.
ABC: Scl_LibertyReadGenlib() skipped cell "CLKGATE_X4" without logic function.
ABC: Scl_LibertyReadGenlib() skipped cell "CLKGATE_X8" without logic function.
ABC: Scl_LibertyReadGenlib() skipped sequential cell "DFFRS_X1".
ABC: Scl_LibertyReadGenlib() skipped sequential cell "DFFRS_X2".
ABC: Scl_LibertyReadGenlib() skipped sequential cell "DFFR_X1".
ABC: Scl_LibertyReadGenlib() skipped sequential cell "DFFR_X2".
ABC: Scl_LibertyReadGenlib() skipped sequential cell "DFFS_X1".
ABC: Scl_LibertyReadGenlib() skipped sequential cell "DFFS_X2".
ABC: Scl_LibertyReadGenlib() skipped sequential cell "DFF_X1".
ABC: Scl_LibertyReadGenlib() skipped sequential cell "DFF_X2".
ABC: Scl_LibertyReadGenlib() skipped sequential cell "DLH_X1".
ABC: Scl_LibertyReadGenlib() skipped sequential cell "DLH_X2".
ABC: Scl_LibertyReadGenlib() skipped sequential cell "DLL_X1".
ABC: Scl_LibertyReadGenlib() skipped sequential cell "DLL_X2".
ABC: Scl_LibertyReadGenlib() skipped cell "FILLCELL_X1" due to dont_use attribute.
ABC: Scl_LibertyReadGenlib() skipped cell "TAPCELL_X1" due to dont_use attribute.
ABC: Scl_LibertyReadGenlib() skipped cell "FILLCELL_X2" due to dont_use attribute.
ABC: Scl_LibertyReadGenlib() skipped cell "FILLCELL_X4" due to dont_use attribute.
ABC: Scl_LibertyReadGenlib() skipped cell "FILLCELL_X8" due to dont_use attribute.
ABC: Scl_LibertyReadGenlib() skipped cell "FILLCELL_X16" due to dont_use attribute.
ABC: Scl_LibertyReadGenlib() skipped cell "FILLCELL_X32" due to dont_use attribute.
ABC: Scl_LibertyReadGenlib() skipped cell "LOGIC0_X1" due to dont_use attribute.
ABC: Scl_LibertyReadGenlib() skipped cell "LOGIC1_X1" due to dont_use attribute.
ABC: Scl_LibertyReadGenlib() skipped sequential cell "SDFFRS_X1".
ABC: Scl_LibertyReadGenlib() skipped sequential cell "SDFFRS_X2".
ABC: Scl_LibertyReadGenlib() skipped sequential cell "SDFFR_X1".
ABC: Scl_LibertyReadGenlib() skipped sequential cell "SDFFR_X2".
ABC: Scl_LibertyReadGenlib() skipped sequential cell "SDFFS_X1".
ABC: Scl_LibertyReadGenlib() skipped sequential cell "SDFFS_X2".
ABC: Scl_LibertyReadGenlib() skipped sequential cell "SDFF_X1".
ABC: Scl_LibertyReadGenlib() skipped sequential cell "SDFF_X2".
ABC: Scl_LibertyReadGenlib() skipped three-state cell "TBUF_X1".
ABC: Scl_LibertyReadGenlib() skipped three-state cell "TBUF_X2".
ABC: Scl_LibertyReadGenlib() skipped three-state cell "TBUF_X4".
ABC: Scl_LibertyReadGenlib() skipped three-state cell "TBUF_X8".
ABC: Scl_LibertyReadGenlib() skipped three-state cell "TBUF_X16".
ABC: Scl_LibertyReadGenlib() skipped three-state cell "TINV_X1".
ABC: Scl_LibertyReadGenlib() skipped sequential cell "TLAT_X1".
ABC: Library "NangateOpenCellLibrary" from "/home/ridhi/risc16/synth/NangateOpenCellLibrary_typical.lib" has 90 cells (35 skipped: 21 seq; 6 tri-state; 8 no func; 10 dont_use).  Time =     0.07 sec
ABC: Memory =   11.38 MB. Time =     0.07 sec
ABC: Warning: Detected 2 multi-output gates (for example, "FA_X1").
ABC: + strash 
ABC: + &get -n 
ABC: + &fraig -x 
ABC: + &put 
ABC: + scorr 
ABC: Warning: The network is combinational (run "fraig" or "fraig_sweep").
ABC: + dc2 
ABC: + dretime 
ABC: + retime -o -D 10000 
ABC: + strash 
ABC: + &get -n 
ABC: + &dch -f 
ABC: + &nf -D 10000 
ABC: + &put 
ABC: + write_blif <abc-temp-dir>/output.blif 

11.1.2. Re-integrating ABC results.
ABC RESULTS:           AND2_X1 cells:      140
ABC RESULTS:           AND3_X1 cells:        8
ABC RESULTS:           AND4_X1 cells:        1
ABC RESULTS:         AOI211_X1 cells:       78
ABC RESULTS:          AOI21_X1 cells:     1398
ABC RESULTS:         AOI221_X1 cells:      884
ABC RESULTS:         AOI222_X1 cells:      392
ABC RESULTS:          AOI22_X1 cells:     2170
ABC RESULTS:            INV_X1 cells:      447
ABC RESULTS:           MUX2_X1 cells:     8731
ABC RESULTS:          NAND2_X1 cells:      433
ABC RESULTS:          NAND3_X1 cells:       95
ABC RESULTS:          NAND4_X1 cells:       28
ABC RESULTS:           NOR2_X1 cells:      617
ABC RESULTS:           NOR3_X1 cells:       80
ABC RESULTS:           NOR4_X1 cells:      237
ABC RESULTS:         OAI211_X1 cells:      581
ABC RESULTS:          OAI21_X1 cells:      522
ABC RESULTS:         OAI221_X1 cells:      150
ABC RESULTS:         OAI222_X1 cells:       44
ABC RESULTS:          OAI22_X1 cells:      446
ABC RESULTS:          OAI33_X1 cells:       10
ABC RESULTS:            OR2_X1 cells:      537
ABC RESULTS:            OR3_X1 cells:       11
ABC RESULTS:            OR4_X1 cells:       25
ABC RESULTS:          XNOR2_X1 cells:       57
ABC RESULTS:           XOR2_X1 cells:        9
ABC RESULTS:        internal signals:    11273
ABC RESULTS:           input signals:     8841
ABC RESULTS:          output signals:     8564
Removing temp directory.

12. Executing OPT_CLEAN pass (remove unused cells and wires).
Finding unused cells or wires in module \cpu_top..
Removed 6 unused cells and 28919 unused wires.
<suppressed ~48 debug messages>

13. Printing statistics.

=== cpu_top ===

   Number of wires:              27213
   Number of wire bits:          35272
   Number of public wires:         552
   Number of public wire bits:    8611
   Number of ports:                  8
   Number of port bits:             52
   Number of memories:               0
   Number of memory bits:            0
   Number of processes:              0
   Number of cells:              26678
     AND2_X1                       140
     AND3_X1                         8
     AND4_X1                         1
     AOI211_X1                      78
     AOI21_X1                     1398
     AOI221_X1                     884
     AOI222_X1                     392
     AOI22_X1                     2170
     DFF_X1                       8547
     INV_X1                        447
     MUX2_X1                      8731
     NAND2_X1                      433
     NAND3_X1                       95
     NAND4_X1                       28
     NOR2_X1                       617
     NOR3_X1                        80
     NOR4_X1                       237
     OAI211_X1                     581
     OAI21_X1                      522
     OAI221_X1                     150
     OAI222_X1                      44
     OAI22_X1                      446
     OAI33_X1                       10
     OR2_X1                        537
     OR3_X1                         11
     OR4_X1                         25
     XNOR2_X1                       57
     XOR2_X1                         9

   Chip area for module '\cpu_top': 66408.762000
     of which used for sequential elements: 38649.534000 (58.20%)

14. Executing Verilog backend.
Dumping module `\cpu_top'.

End of script. Logfile hash: 8eb3991108, CPU: user 3.57s system 0.08s, MEM: 103.38 MB peak
Yosys 0.52 (git sha1 fee39a3284c90249e1d9684cf6944ffbbcbb8f90)
Time spent: 69% 2x abc (7 sec), 8% 21x opt_clean (0 sec), ...
